locale,group,key,value,unicodeCodePoints,utf8Bytes,basis
"fr-FR","featureBlanks","114","Correction de la balance des blancs : réinitialiser","51","52","canon-adapted"
"bg-BG","names","Smooth DoF Edges","Изглаждане на границите на дълбочината на рязкост","49","92","dictionary-candidate"
"it-IT","featureBlanks","114","Correzione bilanciamento del bianco: ripristina","47","47","canon-adapted"
"es-419","featureBlanks","114","Corrección del balance de blancos: restablecer","46","47","canon-adapted"
"es-ES","featureBlanks","114","Corrección del balance de blancos: restablecer","46","47","canon-adapted"
"it-IT","names","Smooth DoF Edges","Ammorbidisci bordi della profondità di campo","44","45","dictionary-candidate"
"fr-FR","names","Smooth DoF Edges","Adoucir les contours de profondeur de champ","43","43","dictionary-candidate"
"fr-FR","featureBlanks","115","Correction de la balance des blancs : ambre","43","43","canon-adapted"
"it-IT","featureBlanks","108","Compensazione dell'esposizione −1/3 di stop","43","45","canon-adapted"
"it-IT","featureBlanks","110","Compensazione dell'esposizione +1/3 di stop","43","43","canon-adapted"
"pt-PT","names","Smooth DoF Edges","Suavizar contornos da profundidade de campo","43","43","dictionary-candidate"
"es-419","featureBlanks","108","Compensación de la exposición −1/3 de paso","42","46","canon-adapted"
"es-419","featureBlanks","110","Compensación de la exposición +1/3 de paso","42","44","canon-adapted"
"es-ES","featureBlanks","108","Compensación de la exposición −1/3 de paso","42","46","canon-adapted"
"es-ES","featureBlanks","110","Compensación de la exposición +1/3 de paso","42","44","canon-adapted"
"fr-FR","featureBlanks","113","Correction de la balance des blancs : bleu","42","42","canon-adapted"
"it-IT","featureBlanks","115","Correzione bilanciamento del bianco: ambra","42","42","canon-adapted"
"bg-BG","names","Camera Pins & Dolly","Маркери на камерата и движение с количка","40","74","dictionary-candidate"
"bg-BG","names","Load Defaults","Зареждане на стойностите по подразбиране","40","76","review-required"
"es-419","featureBlanks","115","Corrección del balance de blancos: ámbar","40","42","canon-adapted"
"es-ES","featureBlanks","115","Corrección del balance de blancos: ámbar","40","42","canon-adapted"
"hu-HU","featureBlanks","115","Fehéregyensúly-korrekció: borostyánsárga","40","45","canon-adapted"
"it-IT","featureBlanks","113","Correzione bilanciamento del bianco: blu","40","40","canon-adapted"
"nl-NL","names","Pro Autofocus","Geavanceerde automatische scherpstelling","40","40","review-required"
"pt-PT","names","Teleport Next","Teletransportar para o marcador seguinte","40","40","dictionary-candidate"
"ro-RO","names","Smooth DoF Edges","Netezire margini ale profunzimii de câmp","40","41","dictionary-candidate"
"ro-RO","featureBlanks","115","Corectarea balansului de alb: chihlimbar","40","40","canon-adapted"
"bg-BG","featureBlanks","108","Компенсация на експонацията −1/3 стъпка","39","72","canon-adapted"
"bg-BG","featureBlanks","110","Компенсация на експонацията +1/3 стъпка","39","70","canon-adapted"
"bg-BG","featureBlanks","114","Корекция на баланса на бялото: нулиране","39","72","canon-adapted"
"bg-BG","featureBlanks","115","Корекция на баланса на бялото: кехлибар","39","72","canon-adapted"
"es-419","names","Smooth DoF Edges","Suavizar bordes de profundidad de campo","39","39","review-required"
"es-419","names","Teleport Next","Teletransportarse al siguiente marcador","39","39","review-required"
"es-419","featureBlanks","113","Corrección del balance de blancos: azul","39","40","canon-adapted"
"es-ES","names","Smooth DoF Edges","Suavizar bordes de profundidad de campo","39","39","review-required"
"es-ES","names","Teleport Next","Teletransportarse al siguiente marcador","39","39","review-required"
"es-ES","featureBlanks","113","Corrección del balance de blancos: azul","39","40","canon-adapted"
"fi-FI","names","3:2 DSLR","3:2 Digitaalinen peilijärjestelmäkamera","39","41","review-required"
"hu-HU","featureBlanks","114","Fehéregyensúly-korrekció: visszaállítás","39","45","canon-adapted"
"el-GR","featureBlanks","115","Διόρθωση ισορροπίας λευκού: κεχριμπαρί","38","72","canon-adapted"
"fr-FR","featureBlanks","108","Correction d'exposition −1/3 de valeur","38","40","canon-adapted"
"fr-FR","featureBlanks","110","Correction d'exposition +1/3 de valeur","38","38","canon-adapted"
"pl-PL","names","Manual Focus Assist","Wspomaganie ręcznej regulacji ostrości","38","40","review-required"
"ro-RO","featureBlanks","113","Corectarea balansului de alb: albastru","38","38","canon-adapted"
"ro-RO","featureBlanks","114","Corectarea balansului de alb: resetare","38","38","canon-adapted"
"cs-CZ","names","One-Shot AF","Jednosnímkové automatické zaostřování","37","43","canon-exact"
"de-DE","names","Teleport Next","Zur nächsten Markierung teleportieren","37","38","dictionary-candidate"
"el-GR","names","Clear All (Hold)","Εκκαθάριση όλων (παρατεταμένο πάτημα)","37","69","review-required"
"el-GR","featureBlanks","114","Διόρθωση ισορροπίας λευκού: επαναφορά","37","70","canon-adapted"
"it-IT","names","Teleport Next","Teletrasporta al marcatore successivo","37","37","dictionary-candidate"
"nl-NL","names","Avatar AF","Automatische scherpstelling op avatar","37","37","dictionary-candidate"
"nl-NL","names","AF-ON","Automatische scherpstelling activeren","37","37","dictionary-candidate"
"pl-PL","names","Preset Saver","Zapisywanie ustawień predefiniowanych","37","38","review-required"
"pt-PT","featureBlanks","114","Correção do balanço de brancos: repor","37","40","canon-adapted"
"pt-PT","featureBlanks","115","Correção do balanço de brancos: âmbar","37","41","canon-adapted"
"tr-TR","names","Camera Pins & Dolly","Kamera işaretleri ve kaydırmalı çekim","37","41","dictionary-candidate"
"bg-BG","names","Preset Saver","Запазване на предварителни настройки","36","69","dictionary-candidate"
"bg-BG","featureBlanks","113","Корекция на баланса на бялото: синьо","36","66","canon-adapted"
"de-DE","featureBlanks","114","Weißabgleich-Korrektur: zurücksetzen","36","38","canon-adapted"
"el-GR","names","Camera Pins & Dolly","Σημεία κάμερας και κίνηση τράβελινγκ","36","68","dictionary-candidate"
"fr-FR","names","Manual Focus Assist","Assistance de mise au point manuelle","36","36","dictionary-candidate"
"it-IT","names","Avatar AF","Messa a fuoco automatica sull'avatar","36","36","dictionary-candidate"
"nb-NO","featureBlanks","114","Hvitbalansekorrigering: tilbakestill","36","36","review-required"
"nl-NL","names","Teleport Next","Naar volgende markering teleporteren","36","36","dictionary-candidate"
"pt-PT","featureBlanks","113","Correção do balanço de brancos: azul","36","39","canon-adapted"
"th-TH","names","3:2 DSLR","3:2 กล้องดิจิทัลสะท้อนภาพเลนส์เดี่ยว","36","100","review-required"
"uk-UA","names","Manual Focus Assist","Допомога під час ручного фокусування","36","68","dictionary-candidate"
"uk-UA","featureBlanks","115","Корекція балансу білого: бурштиновий","36","68","canon-adapted"
"es-419","names","Preset Saver","Guardado de ajustes preestablecidos","35","35","review-required"
"es-ES","names","Preset Saver","Guardado de ajustes preestablecidos","35","35","review-required"
"fr-FR","names","Transverse CA","Aberration chromatique transversale","35","35","dictionary-candidate"
"nb-NO","featureBlanks","108","Eksponeringskompensasjon −1/3 trinn","35","37","review-required"
"nb-NO","featureBlanks","110","Eksponeringskompensasjon +1/3 trinn","35","35","review-required"
"nl-NL","names","Transverse CA","Transversale chromatische aberratie","35","35","dictionary-candidate"
"nn-NO","featureBlanks","108","Eksponeringskompensasjon −1/3 trinn","35","37","review-required"
"nn-NO","featureBlanks","110","Eksponeringskompensasjon +1/3 trinn","35","35","review-required"
"pt-PT","featureBlanks","108","Compensação da exposição −1/3 ponto","35","41","canon-adapted"
"pt-PT","featureBlanks","110","Compensação da exposição +1/3 ponto","35","39","canon-adapted"
"ru-RU","names","Camera Pins & Dolly","Метки камеры и операторская тележка","35","66","review-required"
"ru-RU","names","Teleport Next","Телепортироваться к следующей метке","35","67","dictionary-candidate"
"ru-RU","featureBlanks","108","Компенсация экспозиции −1/3 ступени","35","65","canon-adapted"
"ru-RU","featureBlanks","110","Компенсация экспозиции +1/3 ступени","35","63","canon-adapted"
"uk-UA","names","Camera Pins & Dolly","Мітки камери та операторський візок","35","66","review-required"
"da-DK","featureBlanks","108","Eksponeringskompensation −1/3 trin","34","36","canon-adapted"
"da-DK","featureBlanks","110","Eksponeringskompensation +1/3 trin","34","34","canon-adapted"
"de-DE","names","Camera Pins & Dolly","Kameramarkierungen und Kamerafahrt","34","34","dictionary-candidate"
"fi-FI","featureBlanks","115","Valkotasapainon korjaus: keltainen","34","34","canon-adapted"
"hu-HU","names","Transverse CA","Keresztirányú kromatikus aberráció","34","38","dictionary-candidate"
"hu-HU","names","Axial CA","Tengelyirányú kromatikus aberráció","34","38","dictionary-candidate"
"hu-HU","names","Teleport Next","Teleportálás a következő jelölőhöz","34","41","review-required"
"it-IT","names","Max Blur Size","Dimensione massima della sfocatura","34","34","dictionary-candidate"
"nn-NO","names","Focus Peaking","Konturframheving ved manuell fokus","34","34","review-required"
"nn-NO","names","Smooth DoF Edges","Jamn ut kantar for djupneskarpleik","34","34","education-composition"
"pl-PL","names","Teleport Next","Teleportuj do następnego znacznika","34","35","review-required"
"pl-PL","featureBlanks","115","Korekta balansu bieli: bursztynowy","34","34","canon-adapted"
"ro-RO","featureBlanks","108","Compensarea expunerii −1/3 treaptă","34","37","canon-adapted"
"ro-RO","featureBlanks","110","Compensarea expunerii +1/3 treaptă","34","35","canon-adapted"
"ru-RU","names","Transverse CA","Поперечная хроматическая аберрация","34","66","dictionary-candidate"
"ru-RU","names","Axial CA","Продольная хроматическая аберрация","34","66","dictionary-candidate"
"ru-RU","dynamic","ZoomOutSpeed4","Скорость в сторону широкого угла 4","34","62","dictionary-candidate"
"ru-RU","featureBlanks","100","Скорость в сторону широкого угла 1","34","62","dictionary-candidate"
"ru-RU","featureBlanks","101","Скорость в сторону широкого угла 2","34","62","dictionary-candidate"
"ru-RU","featureBlanks","102","Скорость в сторону широкого угла 3","34","62","dictionary-candidate"
"ru-RU","featureBlanks","115","Коррекция баланса белого: янтарный","34","64","canon-adapted"
"tr-TR","names","Smooth DoF Edges","Alan derinliği kenarlarını yumuşat","34","38","dictionary-candidate"
"uk-UA","names","Teleport Next","Телепортуватися до наступної мітки","34","65","review-required"
"bg-BG","names","Max Blur Size","Максимален размер на размазването","33","63","dictionary-candidate"
"cs-CZ","names","Pro Autofocus","Pokročilé automatické zaostřování","33","39","dictionary-candidate"
"el-GR","names","Track Pivot","Παρακολούθηση σημείου περιστροφής","33","64","dictionary-candidate"
"es-419","names","Camera Pins & Dolly","Marcadores de cámara y travelling","33","34","review-required"
"es-ES","names","Camera Pins & Dolly","Marcadores de cámara y travelling","33","34","review-required"
"fi-FI","names","Focus Peaking","Manuaalisen tarkennuksen korostus","33","33","canon-exact"
"fi-FI","names","Clear All (Hold)","Tyhjennä kaikki (pidä painettuna)","33","35","dictionary-candidate"
"hu-HU","names","Smooth DoF Edges","Mélységélesség széleinek simítása","33","40","review-required"
"it-IT","names","Pro Autofocus","Messa a fuoco automatica avanzata","33","33","dictionary-candidate"
"it-IT","names","Transverse CA","Aberrazione cromatica trasversale","33","33","dictionary-candidate"
"it-IT","names","Camera Pins & Dolly","Marcatori fotocamera e carrellata","33","33","dictionary-candidate"
"nn-NO","names","Preset Saver","Lagring av førehandsinnstillingar","33","34","review-required"
"nn-NO","featureBlanks","114","Kvitbalansekorrigering: nullstill","33","33","education-composition"
"pl-PL","names","Transverse CA","Poprzeczna aberracja chromatyczna","33","33","review-required"
"pt-PT","names","Camera Pins & Dolly","Marcadores de câmara e travelling","33","34","dictionary-candidate"
"ru-RU","names","Smooth DoF Edges","Сгладить границы глубины резкости","33","63","dictionary-candidate"
"sv-SE","featureBlanks","108","Exponeringskompensation −1/3 steg","33","35","canon-adapted"
"sv-SE","featureBlanks","110","Exponeringskompensation +1/3 steg","33","33","canon-adapted"
"th-TH","featureBlanks","115","ปรับแก้สมดุลแสงขาว: สีเหลืองอำพัน","33","95","canon-adapted"
"uk-UA","names","Focus Peaking","Виділення для ручного фокусування","33","63","canon-exact"
"uk-UA","names","Preset Saver","Збереження попередніх налаштувань","33","64","review-required"
"bg-BG","names","Pro Autofocus","Разширено автоматично фокусиране","32","62","dictionary-candidate"
"bg-BG","names","Clear All (Hold)","Изчистване на всичко (задържане)","32","59","review-required"
"bg-BG","names","Teleport Next","Телепортиране към следващ маркер","32","61","dictionary-candidate"
"cs-CZ","names","Servo AF","Průběžné automatické zaostřování","32","40","canon-exact"
"cs-CZ","names","Smooth DoF Edges","Vyhladit okraje hloubky ostrosti","32","32","dictionary-candidate"
"cs-CZ","featureBlanks","114","Korekce vyvážení bílé: resetovat","32","37","canon-adapted"
"cs-CZ","featureBlanks","115","Korekce vyvážení bílé: jantarová","32","38","canon-adapted"
"de-DE","names","Transverse CA","Laterale chromatische Aberration","32","32","dictionary-candidate"
"de-DE","names","3:2 DSLR","3:2 Digitale Spiegelreflexkamera","32","32","review-required"
"el-GR","featureBlanks","113","Διόρθωση ισορροπίας λευκού: μπλε","32","60","canon-adapted"
"es-419","names","Transverse CA","Aberración cromática transversal","32","34","review-required"
"es-419","featureBlanks","129","Apuntar ligeramente hacia arriba","32","32","review-required"
"es-ES","names","Transverse CA","Aberración cromática transversal","32","34","review-required"
"es-ES","featureBlanks","129","Apuntar ligeramente hacia arriba","32","32","review-required"
"fi-FI","featureBlanks","113","Valkotasapainon korjaus: sininen","32","32","canon-adapted"
"it-IT","names","Manual Focus Assist","Assistenza messa a fuoco manuale","32","32","dictionary-candidate"
"it-IT","featureBlanks","130","Punta leggermente verso il basso","32","32","dictionary-candidate"
"nb-NO","names","Transverse CA","Tverrgående kromatisk aberrasjon","32","33","dictionary-candidate"
"nb-NO","names","Preset Saver","Lagring av forhåndsinnstillinger","32","33","review-required"
"nl-NL","names","Manual Focus Assist","Hulp bij handmatig scherpstellen","32","32","dictionary-candidate"
"nl-NL","names","Camera Pins & Dolly","Cameramarkeringen en rijbeweging","32","32","review-required"
"nl-NL","featureBlanks","108","Belichtingscompensatie −1/3 stop","32","34","canon-adapted"
"nl-NL","featureBlanks","110","Belichtingscompensatie +1/3 stop","32","32","canon-adapted"
"nn-NO","names","Transverse CA","Tverrgåande kromatisk aberrasjon","32","33","review-required"
"nn-NO","names","3:2 DSLR","3:2 Digitalt spegelreflekskamera","32","32","review-required"
"pl-PL","names","Smooth DoF Edges","Wygładź krawędzie głębi ostrości","32","38","review-required"
"pl-PL","featureBlanks","113","Korekta balansu bieli: niebieski","32","32","canon-adapted"
"ro-RO","names","Manual Focus Assist","Asistență la focalizarea manuală","32","35","review-required"
"uk-UA","featureBlanks","114","Корекція балансу білого: скинути","32","60","canon-adapted"
"uk-UA","featureBlanks","121","До нескінченності: середній крок","32","60","canon-adapted"
"bg-BG","names","Move Drone Vertical","Вертикално преместване на дрона","31","59","review-required"
"cs-CZ","names","Avatar AF","Automatické zaostření na avatar","31","34","dictionary-candidate"
"cs-CZ","names","AF-ON","Spustit automatické zaostřování","31","35","dictionary-candidate"
"da-DK","names","Transverse CA","Tværgående kromatisk aberration","31","33","dictionary-candidate"
"da-DK","names","3:2 DSLR","3:2 Digitalt spejlreflekskamera","31","31","review-required"
"de-DE","featureBlanks","108","Belichtungskorrektur −1/3 Stufe","31","33","canon-adapted"
"de-DE","featureBlanks","110","Belichtungskorrektur +1/3 Stufe","31","31","canon-adapted"
"el-GR","names","AF-ON","Ενεργοποίηση αυτόματης εστίασης","31","60","review-required"
"el-GR","names","Teleport Next","Τηλεμεταφορά στο επόμενο σημείο","31","59","dictionary-candidate"
"es-419","featureBlanks","130","Apuntar ligeramente hacia abajo","31","31","review-required"
"es-ES","featureBlanks","130","Apuntar ligeramente hacia abajo","31","31","review-required"
"fi-FI","names","Smooth DoF Edges","Pehmennä syväterävyyden reunoja","31","34","review-required"
"fi-FI","names","Teleport Next","Teleporttaa seuraavaan merkkiin","31","31","review-required"
"fi-FI","featureBlanks","108","Valotuksen korjaus −1/3 askelta","31","33","canon-adapted"
"fi-FI","featureBlanks","110","Valotuksen korjaus +1/3 askelta","31","31","canon-adapted"
"fi-FI","featureBlanks","114","Valkotasapainon korjaus: nollaa","31","31","canon-adapted"
"fr-FR","names","Move Drone Vertical","Déplacer le drone verticalement","31","32","dictionary-candidate"
"fr-FR","names","Camera Pins & Dolly","Repères de caméra et travelling","31","33","dictionary-candidate"
"fr-FR","names","Teleport Next","Se téléporter au repère suivant","31","34","dictionary-candidate"
"hu-HU","featureBlanks","108","Expozíciókompenzáció −1/3 lépés","31","39","canon-adapted"
"hu-HU","featureBlanks","110","Expozíciókompenzáció +1/3 lépés","31","37","canon-adapted"
"it-IT","names","AF-ON","Attiva messa a fuoco automatica","31","31","dictionary-candidate"
"nb-NO","names","3:2 DSLR","3:2 Digitalt speilreflekskamera","31","31","review-required"
"nb-NO","names","Camera Pins & Dolly","Kameramarkører og kamerakjøring","31","33","dictionary-composition"
"nl-NL","names","Smooth DoF Edges","Scherptediepteranden verzachten","31","31","dictionary-candidate"
"nl-NL","names","Hand Rotate (Pins)","Markeringen met de hand draaien","31","31","dictionary-candidate"
"nl-NL","names","Clear All (Hold)","Alles wissen (ingedrukt houden)","31","31","review-required"
"nn-NO","names","Camera Pins & Dolly","Kameramarkørar og kamerakøyring","31","33","dictionary-composition"
"pl-PL","names","Axial CA","Podłużna aberracja chromatyczna","31","33","review-required"
"pl-PL","names","Camera Pins & Dolly","Znaczniki kamery i jazda kamery","31","31","review-required"
"pl-PL","featureBlanks","108","Korekta ekspozycji −1/3 stopnia","31","33","canon-adapted"
"pl-PL","featureBlanks","110","Korekta ekspozycji +1/3 stopnia","31","31","canon-adapted"
"pt-PT","names","Transverse CA","Aberração cromática transversal","31","34","dictionary-candidate"
"pt-PT","featureBlanks","130","Apontar ligeiramente para baixo","31","31","dictionary-candidate"
"ro-RO","names","Transverse CA","Aberație cromatică transversală","31","34","dictionary-candidate"
"ro-RO","names","Camera Pins & Dolly","Marcaje de cameră și travelling","31","33","dictionary-candidate"
"ro-RO","names","Clear All (Hold)","Ștergere totală (țineți apăsat)","31","36","review-required"
"ro-RO","names","Teleport Next","Teleportare la marcajul următor","31","32","dictionary-candidate"
"ru-RU","names","Load Defaults","Загрузить значения по умолчанию","31","59","dictionary-candidate"
"ru-RU","featureBlanks","113","Коррекция баланса белого: синий","31","58","canon-adapted"
"ru-RU","featureBlanks","114","Коррекция баланса белого: сброс","31","58","canon-adapted"
"sv-SE","names","Transverse CA","Tvärgående kromatisk aberration","31","33","dictionary-candidate"
"sv-SE","names","Camera Pins & Dolly","Kameramarkörer och kameraåkning","31","33","review-required"
"sv-SE","featureBlanks","114","Vitbalanskorrigering: återställ","31","33","canon-adapted"
"uk-UA","dynamic","ZoomOutSpeed4","Швидкість у бік широкого кута 4","31","56","review-required"
"uk-UA","featureBlanks","100","Швидкість у бік широкого кута 1","31","56","review-required"
"uk-UA","featureBlanks","101","Швидкість у бік широкого кута 2","31","56","review-required"
"uk-UA","featureBlanks","102","Швидкість у бік широкого кута 3","31","56","review-required"
"bg-BG","names","3:2 DSLR","3:2 Цифров огледално-рефлексен","30","54","review-required"
"cs-CZ","names","Camera Pins & Dolly","Značky kamery a kamerová jízda","30","33","dictionary-candidate"
"cs-CZ","featureBlanks","108","Kompenzace expozice −1/3 kroku","30","32","canon-adapted"
"cs-CZ","featureBlanks","110","Kompenzace expozice +1/3 kroku","30","30","canon-adapted"
"da-DK","names","Camera Pins & Dolly","Kameramarkører og kamerakørsel","30","32","review-required"
"da-DK","featureBlanks","114","Hvidbalancekorrektion: nulstil","30","30","canon-adapted"
"de-DE","names","Axial CA","Axiale chromatische Aberration","30","30","dictionary-candidate"
"de-DE","names","Clear All (Hold)","Alle löschen (gedrückt halten)","30","32","dictionary-candidate"
"el-GR","names","Move Pivot","Μετακίνηση σημείου περιστροφής","30","58","review-required"
"el-GR","names","Drop Pivot","Τοποθέτηση σημείου περιστροφής","30","58","review-required"
"el-GR","names","Smooth DoF Edges","Εξομάλυνση ορίων βάθους πεδίου","30","57","review-required"
"es-419","names","Clear All (Hold)","Borrar todo (mantener pulsado)","30","30","review-required"
"es-419","names","Load Defaults","Cargar valores predeterminados","30","30","review-required"
"es-ES","names","Clear All (Hold)","Borrar todo (mantener pulsado)","30","30","review-required"
"es-ES","names","Load Defaults","Cargar valores predeterminados","30","30","review-required"
"fr-FR","names","Hand Rotate (Pins)","Rotation à la main des repères","30","32","dictionary-candidate"
"fr-FR","names","Preset Saver","Enregistrement des préréglages","30","32","review-required"
"fr-FR","names","Load Defaults","Charger les valeurs par défaut","30","31","dictionary-candidate"
"hu-HU","names","Clear All (Hold)","Összes törlése (nyomva tartás)","30","34","review-required"
"it-IT","names","EV Dial","Compensazione dell'esposizione","30","30","canon-exact"
"it-IT","names","Drop Next","Posiziona marcatore successivo","30","30","dictionary-candidate"
"it-IT","names","Clear All (Hold)","Cancella tutto (tieni premuto)","30","30","review-required"
"it-IT","featureBlanks","129","Punta leggermente verso l'alto","30","30","dictionary-candidate"
"nb-NO","featureBlanks","115","Hvitbalansekorrigering: ravgul","30","30","review-required"
"nn-NO","featureBlanks","115","Kvitbalansekorrigering: ravgul","30","30","education-composition"
"pl-PL","names","Far Clip Plane","Daleka płaszczyzna przycinania","30","31","review-required"
"pl-PL","names","Clear All (Hold)","Wyczyść wszystko (przytrzymaj)","30","32","review-required"
"pl-PL","featureBlanks","114","Korekta balansu bieli: resetuj","30","30","canon-adapted"
"pt-PT","dynamic","ZoomOutSpeed4","Velocidade de grande angular 4","30","30","dictionary-candidate"
"pt-PT","featureBlanks","100","Velocidade de grande angular 1","30","30","dictionary-candidate"
"pt-PT","featureBlanks","101","Velocidade de grande angular 2","30","30","dictionary-candidate"
"pt-PT","featureBlanks","102","Velocidade de grande angular 3","30","30","dictionary-candidate"
"pt-PT","featureBlanks","129","Apontar ligeiramente para cima","30","30","dictionary-candidate"
"ro-RO","names","Max Blur Size","Dimensiune maximă a estompării","30","32","dictionary-candidate"
"ru-RU","names","3:2 DSLR","3:2 Цифровая зеркальная камера","30","54","review-required"
"tr-TR","names","3:2 DSLR","3:2 Dijital tek lensli refleks","30","30","review-required"
"tr-TR","featureBlanks","115","Beyaz Ayarı Düzeltme: kehribar","30","32","canon-adapted"
"uk-UA","names","Smooth DoF Edges","Згладити межі глибини різкості","30","57","review-required"
"uk-UA","featureBlanks","108","Корекція експозиції −1/3 кроку","30","55","canon-adapted"
"uk-UA","featureBlanks","110","Корекція експозиції +1/3 кроку","30","53","canon-adapted"
"uk-UA","featureBlanks","113","Корекція балансу білого: синій","30","56","canon-adapted"
"bg-BG","names","Move Pivot","Преместване на опорната точка","29","55","review-required"
"cs-CZ","names","Max Blur Size","Maximální velikost rozostření","29","33","dictionary-candidate"
"da-DK","featureBlanks","115","Hvidbalancekorrektion: ravgul","29","29","canon-adapted"
"el-GR","names","3:2 DSLR","3:2 Ψηφιακή μονοοπτική ρεφλέξ","29","52","review-required"
"el-GR","names","Manual Focus Assist","Βοήθεια χειροκίνητης εστίασης","29","56","review-required"
"el-GR","names","Hand Rotate (Pins)","Περιστροφή σημείων με το χέρι","29","54","dictionary-candidate"
"es-419","names","EV Dial","Compensación de la exposición","29","31","canon-adapted"
"es-419","names","Avatar AF","Enfoque automático del avatar","29","30","review-required"
"es-419","names","AF-ON","Activar el enfoque automático","29","30","review-required"
"es-419","names","Drop Next","Colocar el siguiente marcador","29","29","review-required"
"es-ES","names","EV Dial","Compensación de la exposición","29","31","canon-adapted"
"es-ES","names","Avatar AF","Enfoque automático del avatar","29","30","review-required"
"es-ES","names","AF-ON","Activar el enfoque automático","29","30","review-required"
"es-ES","names","Drop Next","Colocar el siguiente marcador","29","29","review-required"
"fi-FI","names","Pro Autofocus","Edistynyt automaattitarkennus","29","29","dictionary-candidate"
"fi-FI","names","AF-ON","Käynnistä automaattitarkennus","29","31","review-required"
"fi-FI","names","Move Drone Vertical","Siirrä droonia pystysuunnassa","29","30","review-required"
"fr-FR","names","Axial CA","Aberration chromatique axiale","29","29","dictionary-candidate"
"fr-FR","featureBlanks","129","Viser légèrement vers le haut","29","31","dictionary-candidate"
"hu-HU","names","Max Blur Size","Legnagyobb életlenítési méret","29","33","dictionary-candidate"
"hu-HU","featureBlanks","113","Fehéregyensúly-korrekció: kék","29","33","canon-adapted"
"it-IT","names","Axial CA","Aberrazione cromatica assiale","29","29","dictionary-candidate"
"nl-NL","names","Axial CA","Axiale chromatische aberratie","29","29","dictionary-candidate"
"pl-PL","featureBlanks","117","Ku bliskiemu planowi: średnio","29","30","canon-adapted"
"pt-PT","names","Load Defaults","Carregar valores predefinidos","29","29","dictionary-candidate"
"ro-RO","names","Avatar AF","Focalizare automată pe avatar","29","30","dictionary-candidate"
"ru-RU","names","Manual Focus Assist","Помощь при ручной фокусировке","29","55","dictionary-candidate"
"ru-RU","names","Move Drone Vertical","Переместить дрон по вертикали","29","55","dictionary-candidate"
"ru-RU","dynamic","ZoomInSpeed4","Скорость в сторону телефото 4","29","53","dictionary-candidate"
"ru-RU","featureBlanks","104","Скорость в сторону телефото 1","29","53","dictionary-candidate"
"ru-RU","featureBlanks","105","Скорость в сторону телефото 2","29","53","dictionary-candidate"
"ru-RU","featureBlanks","106","Скорость в сторону телефото 3","29","53","dictionary-candidate"
"ru-RU","featureBlanks","117","К ближнему плану: средний шаг","29","53","canon-adapted"
"sv-SE","names","Teleport Next","Teleportera till nästa markör","29","31","dictionary-candidate"
"th-TH","featureBlanks","113","ปรับแก้สมดุลแสงขาว: สีน้ำเงิน","29","83","canon-adapted"
"tr-TR","featureBlanks","114","Beyaz Ayarı Düzeltme: sıfırla","29","33","canon-adapted"
"uk-UA","names","Transverse CA","Поперечна хроматична аберація","29","56","dictionary-candidate"
"uk-UA","names","Axial CA","Поздовжня хроматична аберація","29","56","dictionary-candidate"
"uk-UA","names","3:2 DSLR","3:2 Цифрова дзеркальна камера","29","52","review-required"
"uk-UA","featureBlanks","120","До нескінченності: малий крок","29","54","canon-adapted"
"bg-BG","names","Far Clip Plane","Далечна равнина на отрязване","28","53","review-required"
"bg-BG","names","Transverse CA","Напречна хроматична аберация","28","54","review-required"
"bg-BG","names","Axial CA","Надлъжна хроматична аберация","28","54","review-required"
"bg-BG","names","Aspect Ratio","Съотношение на изображението","28","54","canon-adapted"
"cs-CZ","names","Manual Focus Assist","Pomoc při ručním zaostřování","28","34","review-required"
"cs-CZ","featureBlanks","113","Korekce vyvážení bílé: modrá","28","34","canon-adapted"
"de-DE","names","Smooth DoF Edges","Schärfentiefenkanten glätten","28","30","dictionary-candidate"
"de-DE","names","Hand Rotate (Pins)","Markierungen von Hand drehen","28","28","dictionary-candidate"
"de-DE","dynamic","ZoomOutSpeed4","Weitwinkel-Geschwindigkeit 4","28","28","dictionary-candidate"
"de-DE","featureBlanks","100","Weitwinkel-Geschwindigkeit 1","28","28","dictionary-candidate"
"de-DE","featureBlanks","101","Weitwinkel-Geschwindigkeit 2","28","28","dictionary-candidate"
"de-DE","featureBlanks","102","Weitwinkel-Geschwindigkeit 3","28","28","dictionary-candidate"
"de-DE","featureBlanks","113","Weißabgleich-Korrektur: Blau","28","29","canon-adapted"
"de-DE","featureBlanks","115","Weißabgleich-Korrektur: Gelb","28","29","canon-adapted"
"el-GR","names","Load Defaults","Φόρτωση προεπιλεγμένων τιμών","28","54","dictionary-candidate"
"es-419","names","Tilt-Shift","Inclinación y desplazamiento","28","29","review-required"
"es-419","names","Player Visibility","Visibilidad de los jugadores","28","28","review-required"
"es-419","names","Hand Rotate (Pins)","Girar marcadores con la mano","28","28","review-required"
"es-ES","names","Tilt-Shift","Inclinación y desplazamiento","28","29","review-required"
"es-ES","names","Player Visibility","Visibilidad de los jugadores","28","28","review-required"
"es-ES","names","Hand Rotate (Pins)","Girar marcadores con la mano","28","28","review-required"
"fi-FI","names","Avatar AF","Avatarin automaattitarkennus","28","28","review-required"
"fi-FI","names","Manual Focus Assist","Manuaalitarkennuksen avustus","28","28","review-required"
"fr-FR","names","AF Lock","Verrouiller la mise au point","28","28","dictionary-candidate"
"fr-FR","featureBlanks","130","Viser légèrement vers le bas","28","30","dictionary-candidate"
"hu-HU","names","Pro Autofocus","Speciális automatikus fókusz","28","30","dictionary-candidate"
"hu-HU","names","Drop Next","Következő jelölő elhelyezése","28","33","review-required"
"it-IT","names","Axial Focus-Aware","Collegata alla messa a fuoco","28","28","dictionary-candidate"
"nb-NO","names","Smooth DoF Edges","Jevn ut dybdeskarphetskanter","28","28","dictionary-candidate"
"nb-NO","names","Max Blur Size","Maksimal uskarphetsstørrelse","28","29","review-required"
"nl-NL","featureBlanks","114","Witbalanscorrectie: resetten","28","28","canon-adapted"
"pt-PT","names","Avatar AF","Focagem automática no avatar","28","29","dictionary-candidate"
"pt-PT","names","Manual Focus Assist","Assistência à focagem manual","28","30","dictionary-candidate"
"pt-PT","names","Clear All (Hold)","Limpar tudo (manter premido)","28","28","dictionary-candidate"
"pt-PT","dynamic","ZoomInSpeed4","Velocidade de teleobjetiva 4","28","28","dictionary-candidate"
"pt-PT","featureBlanks","104","Velocidade de teleobjetiva 1","28","28","dictionary-candidate"
"pt-PT","featureBlanks","105","Velocidade de teleobjetiva 2","28","28","dictionary-candidate"
"pt-PT","featureBlanks","106","Velocidade de teleobjetiva 3","28","28","dictionary-candidate"
"ro-RO","names","Pro Autofocus","Focalizare automată avansată","28","30","dictionary-candidate"
"ro-RO","names","AF-ON","Activare focalizare automată","28","29","dictionary-candidate"
"ru-RU","names","Max Blur Size","Максимальный размер размытия","28","54","dictionary-candidate"
"ru-RU","featureBlanks","121","К бесконечности: средний шаг","28","52","canon-adapted"
"uk-UA","names","Max Blur Size","Максимальний розмір розмиття","28","54","review-required"
"uk-UA","names","Move Drone Vertical","Перемістити дрон вертикально","28","54","review-required"
"bg-BG","names","EV Dial","Компенсация на експонацията","27","52","canon-exact"
"bg-BG","names","Hand Rotate (Pins)","Завъртане на маркери с ръка","27","50","dictionary-candidate"
"bg-BG","names","Drop Next","Поставяне на следващ маркер","27","51","dictionary-candidate"
"cs-CZ","names","Axial CA","Podélná chromatická aberace","27","30","dictionary-candidate"
"cs-CZ","names","Teleport Next","Teleportovat k další značce","27","30","dictionary-candidate"
"da-DK","names","Smooth DoF Edges","Udjævn dybdeskarphedskanter","27","28","review-required"
"da-DK","names","Axial CA","Aksial kromatisk aberration","27","27","dictionary-candidate"
"da-DK","names","Teleport Next","Teleportér til næste markør","27","30","dictionary-candidate"
"el-GR","names","Portrait","Κατακόρυφος προσανατολισμός","27","53","dictionary-candidate"
"el-GR","names","Track Self...","Παρακολούθηση του εαυτού...","27","49","dictionary-candidate"
"el-GR","names","Avatar AF","Αυτόματη εστίαση στο avatar","27","45","dictionary-candidate"
"el-GR","names","Move Drone Vertical","Κατακόρυφη μετακίνηση drone","27","47","dictionary-candidate"
"el-GR","names","Drop Next","Τοποθέτηση επόμενου σημείου","27","52","review-required"
"el-GR","featureBlanks","121","Προς το άπειρο: μεσαίο βήμα","27","49","canon-adapted"
"es-419","names","Pro Autofocus","Enfoque automático avanzado","27","28","review-required"
"es-419","names","Response","Sensibilidad de seguimiento","27","27","canon-exact"
"es-419","names","Max Blur Size","Tamaño máximo de desenfoque","27","29","review-required"
"es-419","names","Move Drone Vertical","Mover el dron verticalmente","27","27","review-required"
"es-419","dynamic","ZoomInSpeed4","Velocidad de teleobjetivo 4","27","27","review-required"
"es-419","dynamic","ZoomOutSpeed4","Velocidad de gran angular 4","27","27","review-required"
"es-419","featureBlanks","100","Velocidad de gran angular 1","27","27","review-required"
"es-419","featureBlanks","101","Velocidad de gran angular 2","27","27","review-required"
"es-419","featureBlanks","102","Velocidad de gran angular 3","27","27","review-required"
"es-419","featureBlanks","104","Velocidad de teleobjetivo 1","27","27","review-required"
"es-419","featureBlanks","105","Velocidad de teleobjetivo 2","27","27","review-required"
"es-419","featureBlanks","106","Velocidad de teleobjetivo 3","27","27","review-required"
"es-ES","names","Pro Autofocus","Enfoque automático avanzado","27","28","review-required"
"es-ES","names","Response","Sensibilidad de seguimiento","27","27","canon-exact"
"es-ES","names","Max Blur Size","Tamaño máximo de desenfoque","27","29","review-required"
"es-ES","names","Move Drone Vertical","Mover el dron verticalmente","27","27","review-required"
"es-ES","dynamic","ZoomInSpeed4","Velocidad de teleobjetivo 4","27","27","review-required"
"es-ES","dynamic","ZoomOutSpeed4","Velocidad de gran angular 4","27","27","review-required"
"es-ES","featureBlanks","100","Velocidad de gran angular 1","27","27","review-required"
"es-ES","featureBlanks","101","Velocidad de gran angular 2","27","27","review-required"
"es-ES","featureBlanks","102","Velocidad de gran angular 3","27","27","review-required"
"es-ES","featureBlanks","104","Velocidad de teleobjetivo 1","27","27","review-required"
"es-ES","featureBlanks","105","Velocidad de teleobjetivo 2","27","27","review-required"
"es-ES","featureBlanks","106","Velocidad de teleobjetivo 3","27","27","review-required"
"fi-FI","names","Transverse CA","Poikittainen väriaberraatio","27","28","dictionary-candidate"
"fi-FI","names","Axial CA","Pitkittäinen väriaberraatio","27","29","dictionary-candidate"
"fi-FI","featureBlanks","121","Kohti ääretöntä: keskisuuri","27","31","canon-adapted"
"hu-HU","names","AF-ON","Automatikus fókusz indítása","27","30","dictionary-candidate"
"hu-HU","names","3:2 DSLR","3:2 Digitális tükörreflexes","27","30","dictionary-candidate"
"it-IT","names","Tilt-Shift","Basculaggio e decentramento","27","27","review-required"
"nb-NO","names","Axial CA","Aksial kromatisk aberrasjon","27","27","dictionary-candidate"
"nb-NO","names","Teleport Next","Teleporter til neste markør","27","28","dictionary-composition"
"nb-NO","featureBlanks","113","Hvitbalansekorrigering: blå","27","28","review-required"
"nl-NL","names","Auto Focus","Automatische scherpstelling","27","27","canon-adapted"
"nl-NL","names","AF Lock","Scherpstelling vergrendelen","27","27","dictionary-candidate"
"nl-NL","names","Move Drone Vertical","Drone verticaal verplaatsen","27","27","dictionary-candidate"
"nl-NL","names","Drop Next","Volgende markering plaatsen","27","27","dictionary-candidate"
"nn-NO","names","Axial CA","Aksial kromatisk aberrasjon","27","27","review-required"
"nn-NO","names","Max Blur Size","Største uskarpleiksstorleik","27","28","review-required"
"nn-NO","names","Teleport Next","Teleporter til neste markør","27","28","dictionary-composition"
"nn-NO","featureBlanks","113","Kvitbalansekorrigering: blå","27","28","education-composition"
"pl-PL","names","Film Grain","Ziarno błony fotograficznej","27","28","adobe-exact"
"pl-PL","names","Max Blur Size","Maksymalny rozmiar rozmycia","27","27","review-required"
"pl-PL","featureBlanks","121","Ku nieskończoności: średnio","27","30","canon-adapted"
"pt-PT","names","Pro Autofocus","Focagem automática avançada","27","29","review-required"
"pt-PT","names","Response","Sensibilidade de seguimento","27","27","canon-adapted"
"ro-RO","names","Far Clip Plane","Plan de decupare îndepărtat","27","29","dictionary-candidate"
"ru-RU","names","Pro Autofocus","Расширенная автофокусировка","27","53","dictionary-candidate"
"ru-RU","names","Far Clip Plane","Дальняя плоскость отсечения","27","52","dictionary-candidate"
"ru-RU","featureBlanks","118","К ближнему плану: малый шаг","27","49","canon-adapted"
"sv-SE","names","Smooth DoF Edges","Mjuka upp skärpedjupskanter","27","28","dictionary-candidate"
"sv-SE","names","Axial CA","Axiell kromatisk aberration","27","27","dictionary-candidate"
"th-TH","names","Smooth DoF Edges","ปรับขอบระยะชัดลึกให้นุ่มนวล","27","81","review-required"
"tr-TR","names","Clear All (Hold)","Tümünü temizle (basılı tut)","27","32","review-required"
"uk-UA","names","Move Pivot","Перемістити точку обертання","27","52","review-required"
"uk-UA","names","Track Pivot","Стежити за точкою обертання","27","51","review-required"
"uk-UA","names","Load Defaults","Завантажити типові значення","27","52","dictionary-candidate"
"bg-BG","names","Focus Peaking","MF подчертаване на контури","26","47","canon-exact"
"bg-BG","names","Manual Focus Assist","Помощ при ръчно фокусиране","26","49","dictionary-candidate"
"bg-BG","names","Hide Remote Players","Скриване на другите играчи","26","49","review-required"
"bg-BG","names","Playback","Позиция на възпроизвеждане","26","50","dictionary-candidate"
"cs-CZ","names","Transverse CA","Příčná chromatická aberace","26","31","dictionary-candidate"
"cs-CZ","dynamic","ZoomInSpeed4","Rychlost k teleobjektivu 4","26","26","dictionary-candidate"
"cs-CZ","dynamic","ZoomOutSpeed4","Rychlost k širokému úhlu 4","26","29","dictionary-candidate"
"cs-CZ","featureBlanks","100","Rychlost k širokému úhlu 1","26","29","dictionary-candidate"
"cs-CZ","featureBlanks","101","Rychlost k širokému úhlu 2","26","29","dictionary-candidate"
"cs-CZ","featureBlanks","102","Rychlost k širokému úhlu 3","26","29","dictionary-candidate"
"cs-CZ","featureBlanks","104","Rychlost k teleobjektivu 1","26","26","dictionary-candidate"
"cs-CZ","featureBlanks","105","Rychlost k teleobjektivu 2","26","26","dictionary-candidate"
"cs-CZ","featureBlanks","106","Rychlost k teleobjektivu 3","26","26","dictionary-candidate"
"da-DK","names","Max Blur Size","Maksimal sløringsstørrelse","26","28","review-required"
"da-DK","featureBlanks","113","Hvidbalancekorrektion: blå","26","27","canon-adapted"
"de-DE","featureBlanks","121","Richtung unendlich: mittel","26","26","canon-adapted"
"el-GR","names","Pro Autofocus","Προηγμένη αυτόματη εστίαση","26","50","dictionary-candidate"
"el-GR","names","Transverse CA","Εγκάρσια χρωματική εκτροπή","26","50","dictionary-candidate"
"el-GR","featureBlanks","108","Διόρθωση έκθεσης −1/3 στοπ","26","47","canon-adapted"
"el-GR","featureBlanks","110","Διόρθωση έκθεσης +1/3 στοπ","26","45","canon-adapted"
"el-GR","featureBlanks","117","Προς τα κοντά: μεσαίο βήμα","26","47","canon-adapted"
"el-GR","featureBlanks","120","Προς το άπειρο: μικρό βήμα","26","47","canon-adapted"
"el-GR","featureBlanks","129","Στόχευση λίγο προς τα πάνω","26","48","dictionary-candidate"
"el-GR","featureBlanks","130","Στόχευση λίγο προς τα κάτω","26","48","dictionary-candidate"
"es-419","names","Focus Peaking","Valor máximo de enfoque MF","26","27","canon-adapted"
"es-419","names","Axial CA","Aberración cromática axial","26","28","review-required"
"es-ES","names","Focus Peaking","Valor máximo de enfoque MF","26","27","canon-adapted"
"es-ES","names","Axial CA","Aberración cromática axial","26","28","review-required"
"fi-FI","names","Center X","Vaakasuuntainen keskipiste","26","26","dictionary-candidate"
"fi-FI","names","Center Y","Pystysuuntainen keskipiste","26","26","dictionary-candidate"
"fi-FI","names","Camera Pins & Dolly","Kameramerkit ja kamera-ajo","26","26","dictionary-candidate"
"fr-FR","names","Hide Remote Players","Masquer les autres joueurs","26","26","dictionary-candidate"
"hu-HU","names","Avatar AF","Avatar automatikus fókusza","26","27","dictionary-candidate"
"it-IT","names","Focus Guide","Guida per la messa a fuoco","26","26","canon-exact"
"it-IT","names","Move Drone Vertical","Sposta drone verticalmente","26","26","dictionary-candidate"
"nl-NL","names","Move Focus","Scherpstelling verplaatsen","26","26","dictionary-candidate"
"nl-NL","names","Axial Focus-Aware","Scherpstellingsafhankelijk","26","26","review-required"
"nl-NL","names","3:2 DSLR","3:2 Digitale spiegelreflex","26","26","dictionary-candidate"
"nl-NL","names","Max Blur Size","Maximale vervagingsgrootte","26","26","review-required"
"pl-PL","names","Hand Rotate (Pins)","Obracaj znacznikami dłonią","26","28","review-required"
"pl-PL","dynamic","ZoomOutSpeed4","Prędkość szerokiego kąta 4","26","30","review-required"
"pl-PL","featureBlanks","100","Prędkość szerokiego kąta 1","26","30","review-required"
"pl-PL","featureBlanks","101","Prędkość szerokiego kąta 2","26","30","review-required"
"pl-PL","featureBlanks","102","Prędkość szerokiego kąta 3","26","30","review-required"
"pl-PL","featureBlanks","118","Ku bliskiemu planowi: mało","26","27","canon-adapted"
"pt-PT","names","Max Blur Size","Tamanho máximo do desfoque","26","27","dictionary-candidate"
"pt-PT","names","Player Visibility","Visibilidade dos jogadores","26","26","dictionary-candidate"
"pt-PT","names","Hand Rotate (Pins)","Rodar marcadores com a mão","26","27","dictionary-candidate"
"ro-RO","names","Load Defaults","Încărcare valori implicite","26","28","dictionary-candidate"
"ru-RU","names","Move Pivot","Переместить точку вращения","26","50","dictionary-candidate"
"ru-RU","names","Track Pivot","Следить за точкой вращения","26","49","dictionary-candidate"
"ru-RU","names","Avatar AF","Автофокусировка на аватаре","26","50","dictionary-candidate"
"ru-RU","names","Axial Focus-Aware","Зависимость от фокусировки","26","50","dictionary-candidate"
"ru-RU","names","Letterbox","Кинематографические полосы","26","51","review-required"
"ru-RU","names","Drop Next","Установить следующую метку","26","50","dictionary-candidate"
"ru-RU","featureBlanks","120","К бесконечности: малый шаг","26","48","canon-adapted"
"th-TH","featureBlanks","114","ปรับแก้สมดุลแสงขาว: รีเซ็ต","26","74","canon-adapted"
"tr-TR","names","AF-ON","Otomatik odağı etkinleştir","26","29","dictionary-candidate"
"tr-TR","names","Max Blur Size","En büyük bulanıklık boyutu","26","30","review-required"
"tr-TR","names","Load Defaults","Varsayılan değerleri yükle","26","29","dictionary-candidate"
"tr-TR","featureBlanks","113","Beyaz Ayarı Düzeltme: mavi","26","28","canon-adapted"
"uk-UA","names","Drop Pivot","Установити точку обертання","26","50","review-required"
"uk-UA","names","Avatar AF","Автофокусування на аватарі","26","50","review-required"
"uk-UA","names","Axial Focus-Aware","Залежність від фокусування","26","50","review-required"
"uk-UA","dynamic","ZoomInSpeed4","Швидкість у бік телефото 4","26","47","review-required"
"uk-UA","featureBlanks","104","Швидкість у бік телефото 1","26","47","review-required"
"uk-UA","featureBlanks","105","Швидкість у бік телефото 2","26","47","review-required"
"uk-UA","featureBlanks","106","Швидкість у бік телефото 3","26","47","review-required"
"bg-BG","names","Track Pivot","Следене на опорната точка","25","47","review-required"
"bg-BG","names","Drop Pivot","Поставяне на опорна точка","25","47","review-required"
"bg-BG","names","Response","Чувствителност на следене","25","48","canon-adapted"
"bg-BG","names","Zoom Blur","Размазване при мащабиране","25","48","review-required"
"bg-BG","names","Show Path","Показване на траекторията","25","48","review-required"
"cs-CZ","featureBlanks","121","K nekonečnu: střední krok","25","28","canon-adapted"
"de-DE","names","V. Horizon","Elektronische Wasserwaage","25","25","canon-adapted"
"de-DE","names","Hide Remote Players","Andere Spieler ausblenden","25","25","dictionary-candidate"
"de-DE","names","Drop Next","Nächste Markierung setzen","25","26","dictionary-candidate"
"de-DE","featureBlanks","120","Richtung unendlich: klein","25","25","canon-adapted"
"de-DE","featureBlanks","130","Leicht nach unten richten","25","25","dictionary-candidate"
"el-GR","names","Smoothing","Εξομάλυνση παρακολούθησης","25","49","review-required"
"el-GR","names","Response","Ευαισθησία παρακολούθησης","25","49","canon-adapted"
"el-GR","names","Axial CA","Αξονική χρωματική εκτροπή","25","48","dictionary-candidate"
"el-GR","featureBlanks","118","Προς τα κοντά: μικρό βήμα","25","45","canon-adapted"
"es-419","names","Edge Softness","Desvanecimiento del borde","25","25","review-required"
"es-419","names","Edge Feather","Desvanecimiento del borde","25","25","review-required"
"es-419","names","Hide Remote Players","Ocultar a otros jugadores","25","25","review-required"
"es-419","names","Avatar Offset","Desplazamiento del avatar","25","25","review-required"
"es-419","names","Hand Offset","Desplazamiento de la mano","25","25","review-required"
"es-419","dynamic","VignetteSoftness","Desvanecimiento del borde","25","25","review-required"
"es-419","sensorBlanks","0","Formato completo de 35 mm","25","25","review-required"
"es-ES","names","Edge Softness","Desvanecimiento del borde","25","25","review-required"
"es-ES","names","Edge Feather","Desvanecimiento del borde","25","25","review-required"
"es-ES","names","Hide Remote Players","Ocultar a otros jugadores","25","25","review-required"
"es-ES","names","Avatar Offset","Desplazamiento del avatar","25","25","review-required"
"es-ES","names","Hand Offset","Desplazamiento de la mano","25","25","review-required"
"es-ES","dynamic","VignetteSoftness","Desvanecimiento del borde","25","25","review-required"
"es-ES","sensorBlanks","0","Formato completo de 35 mm","25","25","review-required"
"fi-FI","featureBlanks","117","Kohti lähelle: keskisuuri","25","26","canon-adapted"
"fr-FR","names","Move Focus","Déplacer la mise au point","25","26","dictionary-candidate"
"fr-FR","names","Custom","Fonctions supplémentaires","25","26","dictionary-candidate"
"fr-FR","names","Focus Distance","Distance de mise au point","25","25","dictionary-candidate"
"fr-FR","names","Peaking","Accentuation des contours","25","25","canon-adapted"
"hu-HU","names","Move Drone Vertical","Drón függőleges mozgatása","25","29","dictionary-candidate"
"hu-HU","names","Camera Pins & Dolly","Kamerajelölők és kocsizás","25","29","review-required"
"hu-HU","dynamic","ZoomInSpeed4","Teleobjektív sebessége: 4","25","27","review-required"
"hu-HU","dynamic","ZoomOutSpeed4","Nagylátószög sebessége: 4","25","29","review-required"
"hu-HU","featureBlanks","100","Nagylátószög sebessége: 1","25","29","review-required"
"hu-HU","featureBlanks","101","Nagylátószög sebessége: 2","25","29","review-required"
"hu-HU","featureBlanks","102","Nagylátószög sebessége: 3","25","29","review-required"
"hu-HU","featureBlanks","104","Teleobjektív sebessége: 1","25","27","review-required"
"hu-HU","featureBlanks","105","Teleobjektív sebessége: 2","25","27","review-required"
"hu-HU","featureBlanks","106","Teleobjektív sebessége: 3","25","27","review-required"
"it-IT","names","Stabilize","Stabilizzatore d'immagine","25","25","canon-exact"
"it-IT","names","Far Clip Plane","Piano di ritaglio lontano","25","25","dictionary-candidate"
"it-IT","names","Lens Size","Dimensioni dell'obiettivo","25","25","dictionary-candidate"
"it-IT","names","Focus Distance","Distanza di messa a fuoco","25","25","dictionary-candidate"
"it-IT","names","Playback","Posizione di riproduzione","25","25","dictionary-candidate"
"it-IT","names","Load Defaults","Carica valori predefiniti","25","25","dictionary-candidate"
"nl-NL","names","Manual Focus","Handmatige scherpstelling","25","25","canon-exact"
"nl-NL","names","Player Visibility","Zichtbaarheid van spelers","25","25","review-required"
"nl-NL","featureBlanks","113","Witbalanscorrectie: blauw","25","25","canon-adapted"
"nl-NL","featureBlanks","115","Witbalanscorrectie: amber","25","25","canon-adapted"
"pl-PL","names","Manual Focus","Ręczna regulacja ostrości","25","27","canon-exact"
"pl-PL","names","Tilt-Shift","Pochylenie i przesunięcie","25","26","review-required"
"pl-PL","names","Load Defaults","Wczytaj wartości domyślne","25","27","review-required"
"pt-PT","names","Track Self...","Seguir-se a si próprio...","25","26","dictionary-candidate"
"pt-PT","names","AF-ON","Ativar focagem automática","25","26","dictionary-candidate"
"pt-PT","names","Far Clip Plane","Plano de recorte distante","25","25","dictionary-candidate"
"pt-PT","names","Axial CA","Aberração cromática axial","25","28","dictionary-candidate"
"pt-PT","names","Drop Next","Colocar marcador seguinte","25","25","dictionary-candidate"
"pt-PT","sensorBlanks","0","Formato completo de 35 mm","25","25","review-required"
"ro-RO","names","Axial CA","Aberație cromatică axială","25","28","dictionary-candidate"
"ro-RO","names","Move Drone Vertical","Mutare dronă pe verticală","25","27","dictionary-candidate"
"ru-RU","names","Drop Pivot","Установить точку вращения","25","48","dictionary-candidate"
"ru-RU","names","Auto Exposure","Автоматическая экспозиция","25","49","canon-adapted"
"ru-RU","names","Response","Чувствительность слежения","25","49","canon-exact"
"ru-RU","names","Rotate With Avatar","Вращать вместе с аватаром","25","47","dictionary-candidate"
"ru-RU","names","Clear All (Hold)","Очистить всё (удерживать)","25","46","dictionary-candidate"
"sv-SE","featureBlanks","113","Vitbalanskorrigering: blå","25","26","canon-adapted"
"sv-SE","featureBlanks","115","Vitbalanskorrigering: gul","25","25","canon-adapted"
"th-TH","featureBlanks","120","ไปทางระยะอนันต์: เล็กน้อย","25","71","canon-adapted"
"tr-TR","names","Drop Next","Sonraki işareti yerleştir","25","27","dictionary-candidate"
"uk-UA","names","Pro Autofocus","Розширене автофокусування","25","49","review-required"
"uk-UA","names","AF-ON","Увімкнути автофокусування","25","49","review-required"
"uk-UA","names","Far Clip Plane","Далека площина відсікання","25","48","review-required"
"uk-UA","names","Rotate With Avatar","Обертати разом з аватаром","25","47","review-required"
"uk-UA","names","Drop Next","Установити наступну мітку","25","48","review-required"
"uk-UA","names","Clear All (Hold)","Очистити все (утримувати)","25","46","review-required"
"bg-BG","names","Increase","Затваряне на диафрагмата","24","46","canon-adapted"
"bg-BG","names","Focus Distance","Разстояние на фокусиране","24","46","dictionary-candidate"
"bg-BG","dynamic","ZoomOutSpeed4","Скорост към широк ъгъл 4","24","43","dictionary-candidate"
"bg-BG","featureBlanks","100","Скорост към широк ъгъл 1","24","43","dictionary-candidate"
"bg-BG","featureBlanks","101","Скорост към широк ъгъл 2","24","43","dictionary-candidate"
"bg-BG","featureBlanks","102","Скорост към широк ъгъл 3","24","43","dictionary-candidate"
"cs-CZ","names","Focus Peaking","Zvýraznění okrajů pro MF","24","28","canon-exact"
"cs-CZ","names","3:2 DSLR","3:2 Digitální zrcadlovka","24","26","review-required"
"da-DK","names","EV Dial","Eksponeringskompensation","24","24","canon-exact"
"da-DK","names","Hand Rotate (Pins)","Drej markører med hånden","24","26","review-required"
"de-DE","names","Track Self...","Sich selbst verfolgen...","24","24","dictionary-candidate"
"de-DE","featureBlanks","129","Leicht nach oben richten","24","24","dictionary-candidate"
"el-GR","names","Track Self","Παρακολούθηση του εαυτού","24","46","dictionary-candidate"
"el-GR","names","Far Clip Plane","Μακρινό επίπεδο αποκοπής","24","46","dictionary-candidate"
"el-GR","names","Letterbox","Κινηματογραφικές λωρίδες","24","47","review-required"
"el-GR","names","Peaking","Επισήμανση περιγραμμάτων","24","47","canon-adapted"
"es-419","names","Playback","Posición de reproducción","24","26","review-required"
"es-ES","names","Playback","Posición de reproducción","24","26","review-required"
"fi-FI","names","X","Vaakasuuntainen sijainti","24","24","dictionary-candidate"
"fi-FI","names","Y","Pystysuuntainen sijainti","24","24","dictionary-candidate"
"fi-FI","names","Max Blur Size","Sumennuksen enimmäiskoko","24","25","review-required"
"fi-FI","dynamic","FisheyeCenterX","Vaakasuuntainen sijainti","24","24","dictionary-candidate"
"fi-FI","dynamic","FisheyeCenterY","Pystysuuntainen sijainti","24","24","dictionary-candidate"
"fr-FR","names","Depth Fog","Brouillard de profondeur","24","24","dictionary-candidate"
"fr-FR","names","Drop Next","Placer le repère suivant","24","25","dictionary-candidate"
"fr-FR","names","Clear All (Hold)","Tout effacer (maintenir)","24","24","review-required"
"fr-FR","names","Smooth","Interpolation des points","24","24","review-required"
"hu-HU","names","Hand Rotate (Pins)","Jelölők forgatása kézzel","24","28","review-required"
"it-IT","names","Auto Focus","Messa a fuoco automatica","24","24","canon-adapted"
"it-IT","names","White Bal.","Bilanciamento del bianco","24","24","canon-exact"
"it-IT","names","Response","Sensibilità inseguimento","24","25","canon-exact"
"it-IT","names","Hide Remote Players","Nascondi altri giocatori","24","24","dictionary-candidate"
"it-IT","names","Smooth","Interpolazione dei punti","24","24","review-required"
"it-IT","dynamic","ZoomInSpeed4","Velocità teleobiettivo 4","24","25","dictionary-candidate"
"it-IT","featureBlanks","104","Velocità teleobiettivo 1","24","25","dictionary-candidate"
"it-IT","featureBlanks","105","Velocità teleobiettivo 2","24","25","dictionary-candidate"
"it-IT","featureBlanks","106","Velocità teleobiettivo 3","24","25","dictionary-candidate"
"nb-NO","names","EV Dial","Eksponeringskompensasjon","24","24","review-required"
"nb-NO","names","Hand Rotate (Pins)","Drei markører med hånden","24","26","dictionary-composition"
"nb-NO","names","Load Defaults","Last inn standardverdier","24","24","dictionary-candidate"
"nl-NL","names","Hide Remote Players","Andere spelers verbergen","24","24","dictionary-candidate"
"nl-NL","names","Preset Saver","Voorinstellingen opslaan","24","24","dictionary-candidate"
"nn-NO","names","EV Dial","Eksponeringskompensasjon","24","24","review-required"
"nn-NO","names","Load Defaults","Last inn standardverdiar","24","24","review-required"
"pl-PL","names","Drop Next","Umieść następny znacznik","24","27","review-required"
"pl-PL","dynamic","ZoomInSpeed4","Prędkość teleobiektywu 4","24","27","review-required"
"pl-PL","featureBlanks","104","Prędkość teleobiektywu 1","24","27","review-required"
"pl-PL","featureBlanks","105","Prędkość teleobiektywu 2","24","27","review-required"
"pl-PL","featureBlanks","106","Prędkość teleobiektywu 3","24","27","review-required"
"pl-PL","featureBlanks","120","Ku nieskończoności: mało","24","27","canon-adapted"
"pt-PT","names","EV Dial","Compensação da exposição","24","28","canon-adapted"
"pt-PT","names","Depth Fog","Nevoeiro de profundidade","24","24","dictionary-candidate"
"pt-PT","names","Hide Remote Players","Ocultar outros jogadores","24","24","dictionary-candidate"
"ro-RO","names","Drop Next","Amplasare marcaj următor","24","25","dictionary-candidate"
"ru-RU","names","Stabilize","Стабилизатор изображения","24","47","canon-exact"
"ru-RU","names","Smoothing","Сглаживание отслеживания","24","47","dictionary-candidate"
"ru-RU","names","AF-ON","Включить автофокусировку","24","47","dictionary-candidate"
"ru-RU","names","Servo AF","Следящая автофокусировка","24","47","canon-exact"
"ru-RU","names","X","Положение по горизонтали","24","46","dictionary-candidate"
"ru-RU","names","Preset Saver","Сохранение предустановок","24","47","review-required"
"ru-RU","dynamic","FisheyeCenterX","Положение по горизонтали","24","46","dictionary-candidate"
"sv-SE","names","3:2 DSLR","3:2 Digital spegelreflex","24","24","dictionary-candidate"
"sv-SE","names","Hand Rotate (Pins)","Rotera markörer för hand","24","26","dictionary-candidate"
"th-TH","featureBlanks","121","ไปทางระยะอนันต์: ปานกลาง","24","68","canon-adapted"
"tr-TR","names","Mount Swap","Bağlantı yerini değiştir","24","28","dictionary-candidate"
"tr-TR","names","Track Pivot","Dönme noktasını takip et","24","27","dictionary-candidate"
"bg-BG","names","Look At Feet","Насочване към стъпалата","23","44","dictionary-candidate"
"bg-BG","names","Decrease","Отваряне на диафрагмата","23","44","canon-adapted"
"bg-BG","names","Av Dial","Стойност на диафрагмата","23","44","canon-adapted"
"bg-BG","names","Change Angle","Промяна на ориентацията","23","44","review-required"
"bg-BG","names","Move Camera","Преместване на камерата","23","44","review-required"
"bg-BG","names","Smoothing","Изглаждане на следенето","23","44","review-required"
"bg-BG","names","Avatar AF","Автофокус върху аватара","23","44","review-required"
"bg-BG","names","AF-ON","Включване на автофокуса","23","44","review-required"
"bg-BG","names","Peaking","Подчертаване на контури","23","44","canon-exact"
"bg-BG","featureBlanks","121","Към безкрайност: средно","23","43","canon-adapted"
"cs-CZ","names","Auto Focus","Automatické zaostřování","23","27","canon-exact"
"cs-CZ","names","Far Clip Plane","Vzdálená ořezová rovina","23","27","dictionary-candidate"
"de-DE","names","Look At Face","Auf das Gesicht richten","23","23","dictionary-candidate"
"de-DE","names","Auto Exposure","Automatische Belichtung","23","23","canon-adapted"
"de-DE","names","Chromatic Aberration","Chromatische Aberration","23","23","canon-exact"
"de-DE","names","Manual Focus Assist","Manuelle Fokussierhilfe","23","23","review-required"
"de-DE","names","Max Blur Size","Maximale Unschärfegröße","23","26","review-required"
"de-DE","names","Move Drone Vertical","Drohne vertikal bewegen","23","23","dictionary-candidate"
"el-GR","names","Max Blur Size","Μέγιστο μέγεθος θόλωσης","23","44","dictionary-candidate"
"el-GR","names","Rotate With Avatar","Περιστροφή με το avatar","23","37","dictionary-candidate"
"es-419","names","Stabilize","Estabilizador de imagen","23","23","canon-adapted"
"es-419","names","Track Self...","Seguirse a uno mismo...","23","23","review-required"
"es-419","names","Smoothing","Suavizar el seguimiento","23","23","review-required"
"es-419","names","Far Clip Plane","Plano de recorte lejano","23","23","review-required"
"es-419","names","Letterbox","Bandas cinematográficas","23","24","review-required"
"es-419","names","Manual Focus Assist","Ayuda al enfoque manual","23","23","review-required"
"es-419","names","Smooth","Interpolación de puntos","23","24","review-required"
"es-419","featureBlanks","120","Hacia infinito: pequeño","23","24","canon-adapted"
"es-ES","names","Stabilize","Estabilizador de imagen","23","23","canon-adapted"
"es-ES","names","Track Self...","Seguirse a uno mismo...","23","23","review-required"
"es-ES","names","Smoothing","Suavizar el seguimiento","23","23","review-required"
"es-ES","names","Far Clip Plane","Plano de recorte lejano","23","23","review-required"
"es-ES","names","Letterbox","Bandas cinematográficas","23","24","review-required"
"es-ES","names","Manual Focus Assist","Ayuda al enfoque manual","23","23","review-required"
"es-ES","names","Smooth","Interpolación de puntos","23","24","review-required"
"es-ES","featureBlanks","120","Hacia infinito: pequeño","23","24","canon-adapted"
"fr-FR","names","EV Dial","Correction d'exposition","23","23","canon-exact"
"fr-FR","names","Locked-on","Verrouillé sur le sujet","23","24","canon-adapted"
"fr-FR","names","Axial Focus-Aware","Liée à la mise au point","23","25","dictionary-candidate"
"fr-FR","names","Tilt-Shift","Bascule et décentrement","23","24","review-required"
"fr-FR","names","Max Blur Size","Taille maximale du flou","23","23","dictionary-candidate"
"hu-HU","names","Hide Remote Players","Más játékosok elrejtése","23","27","review-required"
"hu-HU","featureBlanks","129","Kissé felfelé irányítás","23","28","dictionary-candidate"
"hu-HU","sensorBlanks","0","35 mm-es teljes képmező","23","25","review-required"
"it-IT","names","Preset Saver","Salvataggio predefiniti","23","23","dictionary-candidate"
"it-IT","featureBlanks","120","Verso infinito: piccolo","23","23","canon-adapted"
"nl-NL","names","Vertical Lock","Verticale vergrendeling","23","23","dictionary-candidate"
"nl-NL","names","Auto Exposure","Automatische belichting","23","23","canon-adapted"
"nl-NL","names","Tilt-Shift","Kantelen en verschuiven","23","23","review-required"
"nn-NO","names","Hand Rotate (Pins)","Drei markørar med handa","23","24","dictionary-composition"
"pl-PL","names","V. Horizon","Poziomica elektroniczna","23","23","canon-adapted"
"pl-PL","names","Focus Peaking","Wyróżnianie krawędzi MF","23","26","canon-adapted"
"pl-PL","names","Auto Exposure","Automatyczna ekspozycja","23","23","canon-adapted"
"pl-PL","names","Fisheye Lens","Obiektyw typu rybie oko","23","23","review-required"
"pt-PT","names","Stabilize","Estabilizador de imagem","23","23","canon-adapted"
"pt-PT","names","Letterbox","Barras cinematográficas","23","24","dictionary-candidate"
"pt-PT","names","Move Drone Vertical","Mover drone na vertical","23","23","dictionary-candidate"
"pt-PT","names","Smooth","Interpolação dos pontos","23","25","review-required"
"ro-RO","names","Stabilize","Stabilizator de imagine","23","23","canon-exact"
"ro-RO","names","Look At Feet","Orientare spre picioare","23","23","dictionary-candidate"
"ro-RO","names","Axial Focus-Aware","Corelată cu focalizarea","23","24","review-required"
"ro-RO","names","Hide Remote Players","Ascundere alți jucători","23","25","review-required"
"ru-RU","names","Portrait","Вертикальная ориентация","23","45","dictionary-candidate"
"ru-RU","names","Vertical Lock","Блокировка по вертикали","23","44","dictionary-candidate"
"ru-RU","names","Chromatic Aberration","Хроматическая аберрация","23","45","canon-adapted"
"ru-RU","names","Playback","Позиция воспроизведения","23","45","review-required"
"ru-RU","names","Fitted","Аппроксимирующая кривая","23","45","review-required"
"ru-RU","featureBlanks","129","Направить немного вверх","23","44","dictionary-candidate"
"sv-SE","names","EV Dial","Exponeringskompensation","23","23","canon-exact"
"th-TH","names","Smoothing","ปรับการติดตามให้นุ่มนวล","23","69","review-required"
"th-TH","dynamic","ZoomInSpeed4","ความเร็วฝั่งเทเลโฟโต้ 4","23","65","review-required"
"th-TH","featureBlanks","104","ความเร็วฝั่งเทเลโฟโต้ 1","23","65","review-required"
"th-TH","featureBlanks","105","ความเร็วฝั่งเทเลโฟโต้ 2","23","65","review-required"
"th-TH","featureBlanks","106","ความเร็วฝั่งเทเลโฟโต้ 3","23","65","review-required"
"th-TH","featureBlanks","118","ไปทางระยะใกล้: เล็กน้อย","23","65","canon-adapted"
"tr-TR","names","Drop Pivot","Dönme noktası yerleştir","23","26","dictionary-candidate"
"tr-TR","names","Teleport Next","Sonraki işarete ışınlan","23","27","dictionary-candidate"
"tr-TR","featureBlanks","108","Poz Telafisi −1/3 durak","23","25","canon-adapted"
"tr-TR","featureBlanks","110","Poz Telafisi +1/3 durak","23","23","canon-adapted"
"uk-UA","names","Stabilize","Стабілізатор зображення","23","45","canon-exact"
"uk-UA","names","X","Горизонтальне положення","23","45","review-required"
"uk-UA","names","Zoom Blur","Розмиття масштабуванням","23","45","review-required"
"uk-UA","names","Hide Remote Players","Приховати інших гравців","23","44","review-required"
"uk-UA","dynamic","FisheyeCenterX","Горизонтальне положення","23","45","review-required"
"bg-BG","names","Stabilize","Стабилизатор на образа","22","42","canon-adapted"
"bg-BG","names","Auto Focus","Автоматично фокусиране","22","43","canon-adapted"
"bg-BG","names","Avatar-Drop","Закрепване към аватара","22","42","review-required"
"bg-BG","names","Auto Exposure","Автоматична експонация","22","43","canon-adapted"
"bg-BG","names","Letterbox","Кинематографични ленти","22","43","review-required"
"bg-BG","names","Tilt-Shift","Накланяне и изместване","22","42","review-required"
"bg-BG","names","Go To Pin","Преминаване към маркер","22","42","dictionary-candidate"
"bg-BG","dynamic","ZoomInSpeed4","Скорост към телефото 4","22","40","dictionary-candidate"
"bg-BG","featureBlanks","104","Скорост към телефото 1","22","40","dictionary-candidate"
"bg-BG","featureBlanks","105","Скорост към телефото 2","22","40","dictionary-candidate"
"bg-BG","featureBlanks","106","Скорост към телефото 3","22","40","dictionary-candidate"
"bg-BG","featureBlanks","120","Към безкрайност: малко","22","41","canon-adapted"
"cs-CZ","names","Temperature","Teplota chromatičnosti","22","23","canon-adapted"
"cs-CZ","names","Fisheye Lens","Objektiv typu rybí oko","22","23","dictionary-candidate"
"cs-CZ","names","Focus Distance","Zaostřovací vzdálenost","22","25","dictionary-candidate"
"cs-CZ","names","Load Defaults","Načíst výchozí hodnoty","22","26","review-required"
"cs-CZ","featureBlanks","120","K nekonečnu: malý krok","22","24","canon-adapted"
"da-DK","names","Auto Exposure","Automatisk eksponering","22","22","canon-adapted"
"da-DK","names","Preset Saver","Gem forudindstillinger","22","22","review-required"
"da-DK","names","Load Defaults","Indlæs standardværdier","22","24","review-required"
"de-DE","names","Drone Speed","Drohnengeschwindigkeit","22","22","review-required"
"de-DE","names","Smoothing","Nachverfolgung glätten","22","23","dictionary-candidate"
"de-DE","names","Hide Self","Sich selbst ausblenden","22","22","dictionary-candidate"
"de-DE","dynamic","ZoomInSpeed4","Tele-Geschwindigkeit 4","22","22","dictionary-candidate"
"de-DE","featureBlanks","104","Tele-Geschwindigkeit 1","22","22","dictionary-candidate"
"de-DE","featureBlanks","105","Tele-Geschwindigkeit 2","22","22","dictionary-candidate"
"de-DE","featureBlanks","106","Tele-Geschwindigkeit 3","22","22","dictionary-candidate"
"el-GR","names","Stabilize","Σταθεροποιητής εικόνας","22","43","canon-exact"
"el-GR","names","Change Angle","Αλλαγή προσανατολισμού","22","43","dictionary-candidate"
"el-GR","names","Axial Focus-Aware","Σύνδεση με την εστίαση","22","41","dictionary-candidate"
"el-GR","names","Hide Remote Players","Απόκρυψη άλλων παικτών","22","42","dictionary-candidate"
"el-GR","names","Move","Χειροκίνητη μετακίνηση","22","43","review-required"
"el-GR","names","Preset Saver","Αποθήκευση προεπιλογών","22","43","dictionary-candidate"
"es-419","names","Change Angle","Cambiar la orientación","22","23","review-required"
"es-ES","names","Change Angle","Cambiar la orientación","22","23","review-required"
"fi-FI","names","Rotate With Avatar","Kierrä avatarin mukana","22","23","review-required"
"fi-FI","names","Preset Saver","Esiasetusten tallennus","22","22","review-required"
"fi-FI","featureBlanks","120","Kohti ääretöntä: pieni","22","26","canon-adapted"
"fr-FR","names","Manual Focus","Mise au point manuelle","22","22","canon-exact"
"fr-FR","names","Auto Exposure","Exposition automatique","22","22","canon-adapted"
"fr-FR","names","Avatar AF","Autofocus sur l'avatar","22","22","dictionary-candidate"
"fr-FR","names","Focus Guide","Guide de mise au point","22","22","canon-exact"
"fr-FR","names","Chromatic Aberration","Aberration chromatique","22","22","canon-adapted"
"fr-FR","names","Temperature","Température de couleur","22","23","canon-exact"
"fr-FR","names","Player Visibility","Visibilité des joueurs","22","23","dictionary-candidate"
"fr-FR","dynamic","ZoomInSpeed4","Vitesse téléobjectif 4","22","24","dictionary-candidate"
"fr-FR","featureBlanks","104","Vitesse téléobjectif 1","22","24","dictionary-candidate"
"fr-FR","featureBlanks","105","Vitesse téléobjectif 2","22","24","dictionary-candidate"
"fr-FR","featureBlanks","106","Vitesse téléobjectif 3","22","24","dictionary-candidate"
"fr-FR","featureBlanks","117","Vers le proche : moyen","22","22","canon-adapted"
"fr-FR","featureBlanks","118","Vers le proche : petit","22","22","canon-adapted"
"hu-HU","names","Drop Pivot","Forgáspont elhelyezése","22","24","review-required"
"hu-HU","names","Preset Saver","Előbeállítások mentése","22","27","review-required"
"hu-HU","featureBlanks","121","Végtelen felé: közepes","22","25","canon-adapted"
"hu-HU","featureBlanks","130","Kissé lefelé irányítás","22","27","dictionary-candidate"
"it-IT","names","Portrait","Orientamento verticale","22","22","dictionary-candidate"
"it-IT","names","Sensor Type","Dimensioni del sensore","22","22","dictionary-candidate"
"it-IT","names","Auto Exposure","Esposizione automatica","22","22","canon-adapted"
"it-IT","names","Letterbox","Bande cinematografiche","22","22","dictionary-candidate"
"it-IT","names","Hand Rotate (Pins)","Ruota marcatori a mano","22","22","dictionary-candidate"
"it-IT","dynamic","ZoomOutSpeed4","Velocità grandangolo 4","22","23","dictionary-candidate"
"it-IT","featureBlanks","100","Velocità grandangolo 1","22","23","dictionary-candidate"
"it-IT","featureBlanks","101","Velocità grandangolo 2","22","23","dictionary-candidate"
"it-IT","featureBlanks","102","Velocità grandangolo 3","22","23","dictionary-candidate"
"nb-NO","names","Auto Exposure","Automatisk eksponering","22","22","dictionary-candidate"
"nb-NO","names","Tilt-Shift","Vipping og forskyvning","22","22","review-required"
"nl-NL","names","EV Dial","Belichtingscompensatie","22","22","canon-exact"
"nl-NL","names","Chromatic Aberration","Chromatische aberratie","22","22","canon-exact"
"nl-NL","names","Load Defaults","Standaardwaarden laden","22","22","dictionary-candidate"
"nn-NO","names","Auto Exposure","Automatisk eksponering","22","22","review-required"
"pl-PL","names","Pro Autofocus","Zaawansowany autofokus","22","22","review-required"
"pl-PL","names","Chromatic Aberration","Aberracja chromatyczna","22","22","canon-adapted"
"pl-PL","names","3:2 DSLR","3:2 Lustrzanka cyfrowa","22","22","review-required"
"pt-PT","names","Track Self","Seguir-se a si próprio","22","23","dictionary-candidate"
"pt-PT","names","Fisheye Lens","Objetiva olho de peixe","22","22","dictionary-candidate"
"pt-PT","names","Edge Softness","Suavização do contorno","22","24","dictionary-candidate"
"pt-PT","names","Edge Feather","Suavização do contorno","22","24","dictionary-candidate"
"pt-PT","dynamic","VignetteSoftness","Suavização do contorno","22","24","dictionary-candidate"
"pt-PT","featureBlanks","120","Para infinito: pequeno","22","22","canon-adapted"
"ro-RO","names","Response","Sensibilitate urmărire","22","23","canon-exact"
"ro-RO","names","Fisheye Lens","Obiectiv ochi de pește","22","23","dictionary-candidate"
"ro-RO","names","Reverse Fisheye","Ochi de pește inversat","22","23","dictionary-candidate"
"ro-RO","names","Tilt-Shift","Înclinare și deplasare","22","24","dictionary-candidate"
"ro-RO","names","Focus Distance","Distanță de focalizare","22","24","dictionary-candidate"
"ro-RO","names","Hand Rotate (Pins)","Rotire marcaje cu mâna","22","23","dictionary-candidate"
"ro-RO","names","Smooth","Interpolarea punctelor","22","22","review-required"
"ru-RU","names","EV Dial","Компенсация экспозиции","22","43","canon-exact"
"ru-RU","names","Custom","Дополнительные функции","22","43","dictionary-candidate"
"ru-RU","names","Film Grain","Зернистость фотопленки","22","43","adobe-exact"
"ru-RU","names","Y","Положение по вертикали","22","42","dictionary-candidate"
"ru-RU","names","1.85:1 Theatrical","1.85:1 Кинотеатральный","22","37","review-required"
"ru-RU","dynamic","FisheyeCenterY","Положение по вертикали","22","42","dictionary-candidate"
"ru-RU","featureBlanks","130","Направить немного вниз","22","42","dictionary-candidate"
"sv-SE","names","Max Blur Size","Maximal oskärpestorlek","22","23","review-required"
"sv-SE","names","Move Drone Vertical","Flytta drönare lodrätt","22","24","dictionary-candidate"
"sv-SE","names","Preset Saver","Spara förinställningar","22","24","dictionary-candidate"
"th-TH","names","V. Horizon","ระดับน้ำอิเล็กทรอนิกส์","22","66","canon-adapted"
"th-TH","names","Avatar AF","โฟกัสอัตโนมัติที่อวตาร","22","66","review-required"
"th-TH","names","Teleport Next","เทเลพอร์ตไปจุดปักถัดไป","22","66","review-required"
"th-TH","names","Smooth","การประมาณค่าระหว่างจุด","22","66","review-required"
"th-TH","names","Fitted","เส้นโค้งปรับให้เหมาะสม","22","66","review-required"
"th-TH","dynamic","ZoomOutSpeed4","ความเร็วฝั่งมุมกว้าง 4","22","62","review-required"
"th-TH","featureBlanks","100","ความเร็วฝั่งมุมกว้าง 1","22","62","review-required"
"th-TH","featureBlanks","101","ความเร็วฝั่งมุมกว้าง 2","22","62","review-required"
"th-TH","featureBlanks","102","ความเร็วฝั่งมุมกว้าง 3","22","62","review-required"
"th-TH","featureBlanks","117","ไปทางระยะใกล้: ปานกลาง","22","62","canon-adapted"
"tr-TR","names","Change Angle","Yönlendirmeyi değiştir","22","25","dictionary-candidate"
"tr-TR","names","Pro Autofocus","Gelişmiş otomatik odak","22","24","dictionary-candidate"
"tr-TR","names","Hide Remote Players","Diğer oyuncuları gizle","22","24","dictionary-candidate"
"tr-TR","names","Hand Rotate (Pins)","İşaretleri elle döndür","22","26","dictionary-candidate"
"uk-UA","names","Portrait","Вертикальна орієнтація","22","43","review-required"
"uk-UA","names","Vertical Lock","Вертикальне блокування","22","43","dictionary-candidate"
"uk-UA","names","Auto Exposure","Автоматична експозиція","22","43","canon-adapted"
"uk-UA","names","Focus Guide","Допомога у фокусуванні","22","42","canon-exact"
"uk-UA","names","Film Grain","Зернистість фотоплівки","22","43","adobe-exact"
"uk-UA","names","Fisheye Lens","Об'єктив «риб'яче око»","22","40","review-required"
"uk-UA","names","Reverse Fisheye","Зворотне «риб'яче око»","22","41","review-required"
"uk-UA","names","Letterbox","Кінематографічні смуги","22","43","review-required"
"uk-UA","names","1.85:1 Theatrical","1.85:1 Кінотеатральний","22","37","review-required"
"uk-UA","featureBlanks","129","Спрямувати трохи вгору","22","42","dictionary-candidate"
"bg-BG","names","Portrait","Вертикална ориентация","21","41","review-required"
"bg-BG","names","Track Self...","Следене на себе си...","21","36","review-required"
"bg-BG","names","Mount Swap","Смяна на закрепването","21","40","dictionary-candidate"
"bg-BG","names","Vertical Lock","Вертикално заключване","21","41","review-required"
"bg-BG","names","Move Focus","Преместване на фокуса","21","40","review-required"
"bg-BG","names","One-Shot AF","AF при единичен кадър","21","37","canon-exact"
"bg-BG","names","Fisheye Lens","Обектив „рибешко око“","21","42","dictionary-candidate"
"bg-BG","names","Reverse Fisheye","Обратно „рибешко око“","21","42","review-required"
"bg-BG","names","Avatar Offset","Отместване на аватара","21","40","review-required"
"bg-BG","names","Smooth","Интерполация на точки","21","40","review-required"
"bg-BG","featureBlanks","129","Насочване леко нагоре","21","40","review-required"
"bg-BG","featureBlanks","130","Насочване леко надолу","21","40","review-required"
"cs-CZ","names","V. Horizon","Elektronický horizont","21","22","canon-adapted"
"cs-CZ","names","Move Drone Vertical","Přesunout dron svisle","21","22","dictionary-candidate"
"cs-CZ","names","Hand Rotate (Pins)","Otáčet značkami rukou","21","24","dictionary-candidate"
"cs-CZ","names","Clear All (Hold)","Vymazat vše (podržet)","21","23","review-required"
"de-DE","names","Show/Hide","Einblenden/Ausblenden","21","21","dictionary-candidate"
"de-DE","names","Track Self","Sich selbst verfolgen","21","21","dictionary-candidate"
"de-DE","names","Pro Autofocus","Erweiterter Autofokus","21","21","dictionary-candidate"
"de-DE","names","Rotate With Avatar","Mit dem Avatar drehen","21","21","dictionary-candidate"
"de-DE","names","Drop (Reset to Hand)","Zur Hand zurückkehren","21","22","dictionary-candidate"
"de-DE","names","Reset to Hand","Zur Hand zurückkehren","21","22","dictionary-candidate"
"de-DE","names","Show Pins","Markierungen anzeigen","21","21","dictionary-candidate"
"el-GR","names","Look Up","Στόχευση προς τα πάνω","21","39","dictionary-candidate"
"el-GR","names","Look Down","Στόχευση προς τα κάτω","21","39","dictionary-candidate"
"el-GR","names","Increase","Κλείσιμο διαφράγματος","21","41","canon-adapted"
"el-GR","names","Hand-Rotate","Περιστροφή με το χέρι","21","39","dictionary-candidate"
"el-GR","names","Custom","Πρόσθετες λειτουργίες","21","41","review-required"
"el-GR","names","1.85:1 Theatrical","1.85:1 Κινηματογράφος","21","35","dictionary-candidate"
"el-GR","names","Fitted","Προσαρμοσμένη καμπύλη","21","41","review-required"
"el-GR","dynamic","ZoomOutSpeed4","Ταχύτητα ευρυγώνιου 4","21","39","dictionary-candidate"
"el-GR","featureBlanks","100","Ταχύτητα ευρυγώνιου 1","21","39","dictionary-candidate"
"el-GR","featureBlanks","101","Ταχύτητα ευρυγώνιου 2","21","39","dictionary-candidate"
"el-GR","featureBlanks","102","Ταχύτητα ευρυγώνιου 3","21","39","dictionary-candidate"
"es-419","names","Auto Exposure","Exposición automática","21","23","canon-adapted"
"es-419","names","Custom","Funciones adicionales","21","21","review-required"
"es-419","names","Depth Fog","Niebla de profundidad","21","21","review-required"
"es-419","names","Full","Todas las direcciones","21","21","review-required"
"es-419","featureBlanks","121","Hacia infinito: medio","21","21","canon-adapted"
"es-ES","names","Auto Exposure","Exposición automática","21","23","canon-adapted"
"es-ES","names","Custom","Funciones adicionales","21","21","review-required"
"es-ES","names","Depth Fog","Niebla de profundidad","21","21","review-required"
"es-ES","names","Full","Todas las direcciones","21","21","review-required"
"es-ES","featureBlanks","121","Hacia infinito: medio","21","21","canon-adapted"
"fi-FI","names","Move Pivot","Siirrä kiertopistettä","21","23","review-required"
"fi-FI","names","Track Pivot","Seuraa kiertopistettä","21","22","dictionary-candidate"
"fi-FI","names","Axial Focus-Aware","Tarkennukseen sidottu","21","21","dictionary-candidate"
"fi-FI","names","Reverse Fisheye","Käänteinen kalansilmä","21","24","dictionary-candidate"
"fi-FI","names","Peaking","Ääriviivojen korostus","21","23","canon-adapted"
"fi-FI","names","Hide Remote Players","Piilota muut pelaajat","21","21","dictionary-candidate"
"fi-FI","names","Hand Rotate (Pins)","Kierrä merkkejä käsin","21","24","dictionary-candidate"
"fi-FI","names","Drop Next","Aseta seuraava merkki","21","21","dictionary-candidate"
"fr-FR","names","Stabilize","Stabilisateur d'image","21","21","canon-exact"
"fr-FR","names","Portrait","Orientation verticale","21","21","dictionary-candidate"
"fr-FR","names","Change Angle","Changer l'orientation","21","21","dictionary-candidate"
"fr-FR","names","Vertical Lock","Verrouillage vertical","21","21","dictionary-candidate"
"fr-FR","names","Far Clip Plane","Plan de coupe éloigné","21","23","dictionary-candidate"
"fr-FR","names","Focus Zone","Zone de mise au point","21","21","dictionary-candidate"
"fr-FR","names","Rotate With Avatar","Tourner avec l'avatar","21","21","review-required"
"fr-FR","names","Full","Toutes les directions","21","21","review-required"
"fr-FR","dynamic","ZoomOutSpeed4","Vitesse grand-angle 4","21","21","dictionary-candidate"
"fr-FR","featureBlanks","100","Vitesse grand-angle 1","21","21","dictionary-candidate"
"fr-FR","featureBlanks","101","Vitesse grand-angle 2","21","21","dictionary-candidate"
"fr-FR","featureBlanks","102","Vitesse grand-angle 3","21","21","dictionary-candidate"
"fr-FR","featureBlanks","120","Vers l'infini : petit","21","21","canon-adapted"
"fr-FR","featureBlanks","121","Vers l'infini : moyen","21","21","canon-adapted"
"hu-HU","names","Show/Hide","Megjelenítés/Elrejtés","21","24","review-required"
"hu-HU","names","Avatar-Drop","Rögzítés az avatarhoz","21","24","review-required"
"hu-HU","names","V. Horizon","Elektronikus horizont","21","21","canon-exact"
"hu-HU","names","Auto Exposure","Automatikus expozíció","21","23","canon-adapted"
"hu-HU","names","Player Visibility","Játékosok láthatósága","21","26","review-required"
"hu-HU","names","Rotate With Avatar","Forgatás az avatarral","21","22","review-required"
"hu-HU","names","Show Pins","Jelölők megjelenítése","21","25","review-required"
"hu-HU","names","Show Path","Útvonal megjelenítése","21","24","review-required"
"hu-HU","names","Load Defaults","Alapértékek betöltése","21","25","review-required"
"it-IT","names","Manual Focus","Messa a fuoco manuale","21","21","canon-exact"
"it-IT","names","Chromatic Aberration","Aberrazione cromatica","21","21","canon-adapted"
"it-IT","names","X","Posizione orizzontale","21","21","dictionary-candidate"
"it-IT","names","Aspect Ratio","Rapporto dimensionale","21","21","canon-adapted"
"it-IT","names","Focus Zone","Zona di messa a fuoco","21","21","dictionary-candidate"
"it-IT","dynamic","FisheyeCenterX","Posizione orizzontale","21","21","dictionary-candidate"
"it-IT","featureBlanks","118","Verso vicino: piccolo","21","21","canon-adapted"
"it-IT","featureBlanks","121","Verso infinito: medio","21","21","canon-adapted"
"nb-NO","names","Avatar AF","Autofokus på avataren","21","22","review-required"
"nb-NO","names","Move Drone Vertical","Flytt dronen loddrett","21","21","dictionary-candidate"
"nb-NO","featureBlanks","121","Mot uendelig: middels","21","21","dictionary-candidate"
"nl-NL","names","Avatar-Drop","Aan avatar vastzetten","21","21","dictionary-candidate"
"nl-NL","names","Move Pivot","Draaipunt verplaatsen","21","21","dictionary-candidate"
"nl-NL","names","Rotate With Avatar","Met avatar meedraaien","21","21","dictionary-candidate"
"nl-NL","names","Move","Handmatig verplaatsen","21","21","dictionary-candidate"
"nl-NL","dynamic","WorldDrop","Aan wereld vastzetten","21","21","dictionary-candidate"
"nl-NL","featureBlanks","117","Naar dichtbij: middel","21","21","canon-adapted"
"nl-NL","featureBlanks","121","Naar oneindig: middel","21","21","canon-adapted"
"nn-NO","names","Avatar AF","Autofokus på avataren","21","22","review-required"
"nn-NO","names","Tilt-Shift","Vipping og forskyving","21","21","review-required"
"nn-NO","names","Move Drone Vertical","Flytt dronen loddrett","21","21","review-required"
"nn-NO","featureBlanks","121","Mot uendeleg: middels","21","21","review-required"
"pl-PL","names","Smoothing","Wygładzanie śledzenia","21","23","review-required"
"pl-PL","names","Avatar AF","Autofokus na awatarze","21","21","review-required"
"pl-PL","names","Axial Focus-Aware","Powiązana z ostrością","21","24","review-required"
"pl-PL","names","Move Drone Vertical","Przesuń drona pionowo","21","22","review-required"
"pt-PT","names","DoF Mode","Profundidade de campo","21","21","canon-adapted"
"pt-PT","names","Reverse Fisheye","Olho de peixe inverso","21","21","dictionary-candidate"
"pt-PT","names","Playback","Posição de reprodução","21","25","dictionary-candidate"
"pt-PT","names","Preset Saver","Guardar predefinições","21","23","dictionary-candidate"
"ro-RO","names","EV Dial","Compensarea expunerii","21","21","canon-exact"
"ro-RO","names","Letterbox","Benzi cinematografice","21","21","review-required"
"ro-RO","names","Peaking","Evidențiere contururi","21","22","canon-adapted"
"ro-RO","names","Player Visibility","Vizibilitate jucători","21","22","review-required"
"ro-RO","dynamic","ZoomInSpeed4","Viteză teleobiectiv 4","21","22","dictionary-candidate"
"ro-RO","featureBlanks","104","Viteză teleobiectiv 1","21","22","dictionary-candidate"
"ro-RO","featureBlanks","105","Viteză teleobiectiv 2","21","22","dictionary-candidate"
"ro-RO","featureBlanks","106","Viteză teleobiectiv 3","21","22","dictionary-candidate"
"ro-RO","featureBlanks","129","Orientare ușor în sus","21","23","dictionary-candidate"
"ro-RO","featureBlanks","130","Orientare ușor în jos","21","23","dictionary-candidate"
"ro-RO","sensorBlanks","0","Cadru întreg de 35 mm","21","22","dictionary-candidate"
"ru-RU","names","Fisheye Lens","Объектив «рыбий глаз»","21","40","dictionary-candidate"
"ru-RU","names","Reverse Fisheye","Обратный «рыбий глаз»","21","40","dictionary-candidate"
"ru-RU","names","Focus Distance","Дистанция фокусировки","21","41","dictionary-candidate"
"ru-RU","names","Hide Remote Players","Скрыть других игроков","21","40","dictionary-candidate"
"sv-SE","names","Auto Exposure","Automatisk exponering","21","21","canon-adapted"
"sv-SE","names","Far Clip Plane","Bortre klippningsplan","21","21","dictionary-candidate"
"sv-SE","names","Clear All (Hold)","Rensa alla (håll ned)","21","22","dictionary-candidate"
"sv-SE","names","Load Defaults","Läs in standardvärden","21","23","review-required"
"th-TH","names","Stabilize","ระบบป้องกันภาพสั่นไหว","21","63","canon-adapted"
"th-TH","names","Pro Autofocus","โฟกัสอัตโนมัติขั้นสูง","21","63","review-required"
"th-TH","names","AF Area","พื้นที่โฟกัสอัตโนมัติ","21","63","canon-exact"
"th-TH","names","1:1 Square","1:1 สี่เหลี่ยมจัตุรัส","21","55","dictionary-candidate"
"th-TH","names","Manual Focus Assist","ตัวช่วยโฟกัสด้วยตนเอง","21","63","review-required"
"tr-TR","names","Avatar AF","Avatara otomatik odak","21","21","dictionary-candidate"
"tr-TR","featureBlanks","129","Hafifçe yukarı yönelt","21","24","dictionary-candidate"
"uk-UA","names","Look At Face","Спрямувати на обличчя","21","40","dictionary-candidate"
"uk-UA","names","Avatar-Drop","Прикріпити до аватара","21","40","review-required"
"uk-UA","names","Smoothing","Згладжування стеження","21","41","review-required"
"uk-UA","names","Y","Вертикальне положення","21","41","review-required"
"uk-UA","names","Fitted","Апроксимувальна крива","21","41","review-required"
"uk-UA","dynamic","FisheyeCenterY","Вертикальне положення","21","41","review-required"
"uk-UA","featureBlanks","117","Ближче: середній крок","21","39","canon-adapted"
"uk-UA","featureBlanks","130","Спрямувати трохи вниз","21","40","review-required"
"bg-BG","names","Look At Face","Насочване към лицето","20","38","review-required"
"bg-BG","names","Hide Lens","Скриване на обектива","20","38","dictionary-candidate"
"bg-BG","names","DoF Mode","Дълбочина на рязкост","20","38","canon-adapted"
"bg-BG","names","AF Lock","Заключване на фокуса","20","38","review-required"
"bg-BG","names","Avatar Priority","Приоритет на аватара","20","38","dictionary-candidate"
"bg-BG","names","Custom","Допълнителни функции","20","39","review-required"
"bg-BG","names","X","Хоризонтална позиция","20","39","dictionary-candidate"
"bg-BG","names","Player Visibility","Видимост на играчите","20","38","review-required"
"bg-BG","names","Show Pins","Показване на маркери","20","38","review-required"
"bg-BG","names","Hand Offset","Отместване на ръката","20","38","dictionary-candidate"
"bg-BG","dynamic","FisheyeCenterX","Хоризонтална позиция","20","39","dictionary-candidate"
"cs-CZ","names","Move Pivot","Přesunout otočný bod","20","23","dictionary-candidate"
"cs-CZ","names","Auto Exposure","Automatická expozice","20","21","canon-adapted"
"cs-CZ","names","Start Distance","Počáteční vzdálenost","20","25","dictionary-candidate"
"cs-CZ","names","Drop Next","Umístit další značku","20","24","dictionary-candidate"
"cs-CZ","featureBlanks","129","Namířit mírně nahoru","20","24","dictionary-candidate"
"da-DK","names","V. Horizon","Elektronisk vaterpas","20","20","canon-adapted"
"da-DK","names","Chromatic Aberration","Kromatisk aberration","20","20","canon-exact"
"da-DK","names","Hide Remote Players","Skjul andre spillere","20","20","review-required"
"da-DK","names","Clear All (Hold)","Ryd alle (hold nede)","20","20","dictionary-candidate"
"da-DK","dynamic","ZoomOutSpeed4","Vidvinkelhastighed 4","20","20","review-required"
"da-DK","featureBlanks","100","Vidvinkelhastighed 1","20","20","review-required"
"da-DK","featureBlanks","101","Vidvinkelhastighed 2","20","20","review-required"
"da-DK","featureBlanks","102","Vidvinkelhastighed 3","20","20","review-required"
"da-DK","featureBlanks","121","Mod uendelig: mellem","20","20","canon-adapted"
"de-DE","names","Look At Feet","Auf die Füße richten","20","22","dictionary-candidate"
"de-DE","names","EV Dial","Belichtungskorrektur","20","20","canon-exact"
"de-DE","names","AF-ON","Autofokus aktivieren","20","20","dictionary-candidate"
"de-DE","names","X","Horizontale Position","20","20","dictionary-candidate"
"de-DE","names","Go To Pin","Zur Markierung gehen","20","20","dictionary-candidate"
"de-DE","dynamic","WorldDrop","In der Welt fixieren","20","20","dictionary-candidate"
"de-DE","dynamic","FisheyeCenterX","Horizontale Position","20","20","dictionary-candidate"
"de-DE","featureBlanks","117","Richtung nah: mittel","20","20","canon-adapted"
"el-GR","names","Look At Face","Στόχευση στο πρόσωπο","20","38","dictionary-candidate"
"el-GR","names","Look At Feet","Στόχευση στα πέλματα","20","38","dictionary-candidate"
"el-GR","names","Decrease","Άνοιγμα διαφράγματος","20","39","canon-adapted"
"el-GR","names","Avatar Priority","Προτεραιότητα avatar","20","33","dictionary-candidate"
"el-GR","names","Color Grading","Χρωματική διαβάθμιση","20","39","dictionary-candidate"
"el-GR","names","Temperature","Θερμοκρασία χρώματος","20","39","canon-exact"
"el-GR","names","Pixelation","Εικονοστοιχειοποίηση","20","40","review-required"
"el-GR","names","Tilt-Shift","Κλίση και μετατόπιση","20","38","dictionary-candidate"
"el-GR","names","Full","Όλες οι κατευθύνσεις","20","38","review-required"
"el-GR","dynamic","ZoomInSpeed4","Ταχύτητα τηλεφακού 4","20","37","dictionary-candidate"
"el-GR","featureBlanks","104","Ταχύτητα τηλεφακού 1","20","37","dictionary-candidate"
"el-GR","featureBlanks","105","Ταχύτητα τηλεφακού 2","20","37","dictionary-candidate"
"el-GR","featureBlanks","106","Ταχύτητα τηλεφακού 3","20","37","dictionary-candidate"
"es-419","names","Portrait","Orientación vertical","20","21","review-required"
"es-419","names","Look Up","Apuntar hacia arriba","20","20","review-required"
"es-419","names","Track Self","Seguirse a uno mismo","20","20","review-required"
"es-419","names","DoF Mode","Profundidad de campo","20","20","canon-adapted"
"es-419","names","Chromatic Aberration","Aberración cromática","20","22","canon-adapted"
"es-419","names","Axial Focus-Aware","Vinculada al enfoque","20","20","review-required"
"es-419","names","Temperature","Temperatura de color","20","20","canon-exact"
"es-419","names","Focus Distance","Distancia de enfoque","20","20","review-required"
"es-419","featureBlanks","118","Hacia cerca: pequeño","20","21","canon-adapted"
"es-419","sensorBlanks","4","Micro cuatro tercios","20","20","review-required"
"es-ES","names","Portrait","Orientación vertical","20","21","review-required"
"es-ES","names","Look Up","Apuntar hacia arriba","20","20","review-required"
"es-ES","names","Track Self","Seguirse a uno mismo","20","20","review-required"
"es-ES","names","DoF Mode","Profundidad de campo","20","20","canon-adapted"
"es-ES","names","Chromatic Aberration","Aberración cromática","20","22","canon-adapted"
"es-ES","names","Axial Focus-Aware","Vinculada al enfoque","20","20","review-required"
"es-ES","names","Temperature","Temperatura de color","20","20","canon-exact"
"es-ES","names","Focus Distance","Distancia de enfoque","20","20","review-required"
"es-ES","featureBlanks","118","Hacia cerca: pequeño","20","21","canon-adapted"
"es-ES","sensorBlanks","4","Micro cuatro tercios","20","20","review-required"
"fi-FI","names","Far Clip Plane","Kauempi leikkaustaso","20","20","dictionary-candidate"
"fi-FI","names","Fisheye Lens","Kalansilmäobjektiivi","20","21","review-required"
"fi-FI","featureBlanks","118","Kohti lähelle: pieni","20","21","canon-adapted"
"fr-FR","names","Increase","Fermer le diaphragme","20","20","canon-adapted"
"fr-FR","names","Decrease","Ouvrir le diaphragme","20","20","canon-adapted"
"fr-FR","names","Response","Sensibilité du suivi","20","21","canon-exact"
"fr-FR","names","Lens Size","Taille de l'objectif","20","20","dictionary-candidate"
"fr-FR","names","X","Position horizontale","20","20","dictionary-candidate"
"fr-FR","names","3:2 DSLR","3:2 Reflex numérique","20","21","dictionary-candidate"
"fr-FR","names","Avatar Offset","Décalage de l'avatar","20","21","dictionary-candidate"
"fr-FR","names","Show Pins","Afficher les repères","20","21","dictionary-candidate"
"fr-FR","names","Show Numbers","Afficher les numéros","20","21","dictionary-candidate"
"fr-FR","dynamic","FisheyeCenterX","Position horizontale","20","20","dictionary-candidate"
"hu-HU","names","Move Pivot","Forgáspont mozgatása","20","22","review-required"
"hu-HU","names","EV Dial","Expozíciókompenzáció","20","24","canon-adapted"
"hu-HU","names","Response","Követési érzékenység","20","25","canon-exact"
"hu-HU","names","Chromatic Aberration","Kromatikus aberráció","20","22","canon-exact"
"hu-HU","names","Show Numbers","Számok megjelenítése","20","23","review-required"
"hu-HU","featureBlanks","120","Végtelen felé: kicsi","20","22","canon-adapted"
"it-IT","names","Look Down","Punta verso il basso","20","20","dictionary-candidate"
"it-IT","names","Move Focus","Sposta messa a fuoco","20","20","dictionary-candidate"
"it-IT","names","AF Lock","Blocca messa a fuoco","20","20","dictionary-candidate"
"it-IT","names","Depth Fog","Nebbia di profondità","20","21","dictionary-candidate"
"it-IT","names","Player Visibility","Visibilità giocatori","20","21","dictionary-candidate"
"nb-NO","names","Chromatic Aberration","Kromatisk aberrasjon","20","20","dictionary-candidate"
"nb-NO","names","Hide Remote Players","Skjul andre spillere","20","20","review-required"
"nb-NO","names","Drop Next","Plasser neste markør","20","21","dictionary-composition"
"nb-NO","names","Clear All (Hold)","Tøm alle (hold inne)","20","21","dictionary-candidate"
"nb-NO","dynamic","ZoomOutSpeed4","Vidvinkelhastighet 4","20","20","review-required"
"nb-NO","featureBlanks","100","Vidvinkelhastighet 1","20","20","review-required"
"nb-NO","featureBlanks","101","Vidvinkelhastighet 2","20","20","review-required"
"nb-NO","featureBlanks","102","Vidvinkelhastighet 3","20","20","review-required"
"nl-NL","names","Mount Swap","Bevestiging wisselen","20","20","dictionary-candidate"
"nl-NL","names","Response","Trackinggevoeligheid","20","20","canon-exact"
"nl-NL","names","Locked-on","Onderwerp vasthouden","20","20","canon-adapted"
"nl-NL","featureBlanks","118","Naar dichtbij: klein","20","20","canon-adapted"
"nl-NL","featureBlanks","120","Naar oneindig: klein","20","20","canon-adapted"
"nn-NO","names","Chromatic Aberration","Kromatisk aberrasjon","20","20","review-required"
"nn-NO","names","Drop Next","Plasser neste markør","20","21","dictionary-composition"
"nn-NO","names","Clear All (Hold)","Tøm alle (hald inne)","20","21","review-required"
"pl-PL","names","Avatar-Drop","Przymocuj do awatara","20","20","review-required"
"pl-PL","names","Move Pivot","Przesuń punkt obrotu","20","21","review-required"
"pl-PL","names","Start Distance","Odległość początkowa","20","24","review-required"
"pl-PL","names","Peaking","Wyróżnianie krawędzi","20","23","canon-adapted"
"pl-PL","names","Avatar Offset","Przesunięcie awatara","20","21","review-required"
"pl-PL","names","Go To Pin","Przejdź do znacznika","20","21","review-required"
"pl-PL","names","Smooth","Interpolacja punktów","20","21","review-required"
"pl-PL","featureBlanks","129","Skieruj lekko w górę","20","22","review-required"
"pt-PT","names","Look At Face","Apontar para o rosto","20","20","dictionary-candidate"
"pt-PT","names","Auto Exposure","Exposição automática","20","23","canon-adapted"
"pt-PT","names","Avatar Priority","Prioridade ao avatar","20","20","dictionary-candidate"
"pt-PT","names","Depth Mode","Modo de profundidade","20","20","dictionary-candidate"
"pt-PT","names","Focus Distance","Distância de focagem","20","21","dictionary-candidate"
"pt-PT","featureBlanks","121","Para infinito: médio","20","21","canon-adapted"
"ro-RO","names","Decrease","Deschidere diafragmă","20","21","canon-adapted"
"ro-RO","names","Custom","Funcții suplimentare","20","21","dictionary-candidate"
"ru-RU","names","Avatar-Drop","Закрепить на аватаре","20","38","dictionary-candidate"
"ru-RU","names","Focus Guide","Помощь в фокусировке","20","38","canon-exact"
"ru-RU","names","Temperature","Цветовая температура","20","39","canon-exact"
"ru-RU","names","Center X","Центр по горизонтали","20","38","dictionary-candidate"
"sv-SE","names","Chromatic Aberration","Kromatisk aberration","20","20","canon-exact"
"sv-SE","names","Drop (Reset to Hand)","Tillbaka till handen","20","20","dictionary-candidate"
"sv-SE","names","Reset to Hand","Tillbaka till handen","20","20","dictionary-candidate"
"sv-SE","names","Playback","Uppspelningsposition","20","20","review-required"
"sv-SE","names","Drop Next","Placera nästa markör","20","22","dictionary-candidate"
"sv-SE","dynamic","ZoomOutSpeed4","Vidvinkelhastighet 4","20","20","review-required"
"sv-SE","featureBlanks","100","Vidvinkelhastighet 1","20","20","review-required"
"sv-SE","featureBlanks","101","Vidvinkelhastighet 2","20","20","review-required"
"sv-SE","featureBlanks","102","Vidvinkelhastighet 3","20","20","review-required"
"th-TH","names","Avatar Priority","ให้ความสำคัญกับอวตาร","20","60","review-required"
"th-TH","names","Zone Softness","ความนุ่มนวลของบริเวณ","20","60","review-required"
"th-TH","names","Camera Pins & Dolly","จุดปักกล้องและดอลลี่","20","60","review-required"
"th-TH","names","Clear All (Hold)","ล้างทั้งหมด (กดค้าง)","20","54","review-required"
"tr-TR","names","Move Pivot","Dönme noktasını taşı","20","25","dictionary-candidate"
"tr-TR","names","Smooth","Nokta enterpolasyonu","20","20","dictionary-candidate"
"tr-TR","featureBlanks","120","Sonsuza doğru: küçük","20","24","canon-adapted"
"tr-TR","featureBlanks","130","Hafifçe aşağı yönelt","20","25","dictionary-candidate"
"uk-UA","names","Look At Feet","Спрямувати на ступні","20","38","review-required"
"uk-UA","names","Center X","Горизонтальний центр","20","39","dictionary-candidate"
"uk-UA","names","Focus Distance","Відстань фокусування","20","39","dictionary-candidate"
"uk-UA","names","Hand Rotate (Pins)","Обертати мітки рукою","20","38","review-required"
"bg-BG","names","V. Horizon","Електронен хоризонт","19","37","canon-adapted"
"bg-BG","names","Locked-on","Задържане на обекта","19","36","canon-adapted"
"bg-BG","names","Chromatic Aberration","Хроматична аберация","19","37","canon-adapted"
"bg-BG","names","Temperature","Цветова температура","19","37","canon-exact"
"bg-BG","names","Edge Softness","Омекотяване на ръба","19","36","dictionary-candidate"
"bg-BG","names","Center X","Хоризонтален център","19","37","dictionary-candidate"
"bg-BG","names","Edge Feather","Омекотяване на ръба","19","36","dictionary-candidate"
"bg-BG","names","Hide Self","Скриване на себе си","19","35","review-required"
"bg-BG","names","Rotate With Avatar","Завъртане с аватара","19","36","review-required"
"bg-BG","names","Show Numbers","Показване на номера","19","36","review-required"
"bg-BG","names","Fitted","Апроксимираща крива","19","37","dictionary-candidate"
"bg-BG","dynamic","CameraPinDrop","Поставяне на маркер","19","36","review-required"
"bg-BG","dynamic","VignetteSoftness","Омекотяване на ръба","19","36","dictionary-candidate"
"cs-CZ","names","Stabilize","Stabilizátor obrazu","19","20","canon-exact"
"cs-CZ","names","Look At Feet","Namířit na chodidla","19","21","review-required"
"cs-CZ","names","Avatar-Drop","Připevnit k avataru","19","20","review-required"
"cs-CZ","names","Track Pivot","Sledovat otočný bod","19","21","dictionary-candidate"
"cs-CZ","names","EV Dial","Kompenzace expozice","19","19","canon-exact"
"cs-CZ","names","Response","Citlivost sledování","19","21","canon-exact"
"cs-CZ","names","Chromatic Aberration","Chromatická aberace","19","20","canon-adapted"
"cs-CZ","names","Axial Focus-Aware","Vázaná na zaostření","19","23","review-required"
"cs-CZ","names","Hide Remote Players","Skrýt ostatní hráče","19","23","dictionary-candidate"
"cs-CZ","featureBlanks","117","Blíže: střední krok","19","23","canon-adapted"
"da-DK","names","Avatar AF","Autofokus på avatar","19","20","review-required"
"da-DK","names","Pro Autofocus","Avanceret autofokus","19","19","review-required"
"da-DK","names","Playback","Afspilningsposition","19","19","review-required"
"da-DK","names","Drop Next","Placér næste markør","19","22","dictionary-candidate"
"da-DK","featureBlanks","120","Mod uendelig: lille","19","19","canon-adapted"
"de-DE","names","Depth Cute","Sanfte Tiefenfarben","19","19","review-required"
"de-DE","names","Hide Lens","Objektiv ausblenden","19","19","dictionary-candidate"
"de-DE","names","Track Pivot","Drehpunkt verfolgen","19","19","dictionary-candidate"
"de-DE","names","Reverse Fisheye","Umgekehrtes Fisheye","19","19","review-required"
"de-DE","names","Zoom Blur","Zoom-Weichzeichnung","19","19","dictionary-candidate"
"de-DE","names","Player Visibility","Spielersichtbarkeit","19","19","review-required"
"de-DE","names","Load Defaults","Standardwerte laden","19","19","dictionary-candidate"
"de-DE","featureBlanks","118","Richtung nah: klein","19","19","canon-adapted"
"el-GR","names","Manual Focus","Χειροκίνητη εστίαση","19","37","canon-exact"
"el-GR","names","Avatar-Drop","Στερέωση στο avatar","19","30","dictionary-candidate"
"el-GR","names","V. Horizon","Ηλεκτρονικό επίπεδο","19","37","canon-adapted"
"el-GR","names","Vertical Lock","Κατακόρυφο κλείδωμα","19","37","review-required"
"el-GR","names","Move Focus","Μετακίνηση εστίασης","19","37","review-required"
"el-GR","names","Go To Pin","Μετάβαση στο σημείο","19","36","dictionary-candidate"
"el-GR","dynamic","WorldDrop","Στερέωση στον κόσμο","19","36","dictionary-candidate"
"es-419","names","Look Down","Apuntar hacia abajo","19","19","review-required"
"es-419","names","Hide Lens","Ocultar el objetivo","19","19","review-required"
"es-419","names","Increase","Cerrar el diafragma","19","19","canon-adapted"
"es-419","names","AF Lock","Bloquear el enfoque","19","19","review-required"
"es-419","names","Avatar Priority","Prioridad al avatar","19","19","review-required"
"es-419","names","Fisheye Lens","Objetivo ojo de pez","19","19","review-required"
"es-419","names","Lens Size","Tamaño del objetivo","19","20","review-required"
"es-419","names","X","Posición horizontal","19","20","review-required"
"es-419","names","Depth Mode","Modo de profundidad","19","19","review-required"
"es-419","names","Zone Softness","Suavidad de la zona","19","19","review-required"
"es-419","names","Rotate With Avatar","Girar con el avatar","19","19","review-required"
"es-419","names","Show Path","Mostrar trayectoria","19","19","review-required"
"es-419","dynamic","FisheyeCenterX","Posición horizontal","19","20","review-required"
"es-ES","names","Look Down","Apuntar hacia abajo","19","19","review-required"
"es-ES","names","Hide Lens","Ocultar el objetivo","19","19","review-required"
"es-ES","names","Increase","Cerrar el diafragma","19","19","canon-adapted"
"es-ES","names","AF Lock","Bloquear el enfoque","19","19","review-required"
"es-ES","names","Avatar Priority","Prioridad al avatar","19","19","review-required"
"es-ES","names","Fisheye Lens","Objetivo ojo de pez","19","19","review-required"
"es-ES","names","Lens Size","Tamaño del objetivo","19","20","review-required"
"es-ES","names","X","Posición horizontal","19","20","review-required"
"es-ES","names","Depth Mode","Modo de profundidad","19","19","review-required"
"es-ES","names","Zone Softness","Suavidad de la zona","19","19","review-required"
"es-ES","names","Rotate With Avatar","Girar con el avatar","19","19","review-required"
"es-ES","names","Show Path","Mostrar trayectoria","19","19","review-required"
"es-ES","dynamic","FisheyeCenterX","Posición horizontal","19","20","review-required"
"fi-FI","names","Auto Focus","Automaattitarkennus","19","19","canon-adapted"
"fi-FI","names","V. Horizon","Sähköinen vesivaaka","19","21","canon-adapted"
"fi-FI","names","Tilt-Shift","Kallistus ja siirto","19","19","review-required"
"fi-FI","featureBlanks","129","Suuntaa hieman ylös","19","20","dictionary-candidate"
"fi-FI","featureBlanks","130","Suuntaa hieman alas","19","19","dictionary-candidate"
"fr-FR","names","DoF Mode","Profondeur de champ","19","19","canon-adapted"
"fr-FR","names","V. Horizon","Niveau électronique","19","20","canon-adapted"
"fr-FR","names","Operation","Opération autofocus","19","20","canon-exact"
"fr-FR","names","AF-ON","Activer l'autofocus","19","19","dictionary-candidate"
"fr-FR","names","Avatar Priority","Priorité à l'avatar","19","21","dictionary-candidate"
"fr-FR","names","2.35:1 Anamorphic","2.35:1 Anamorphique","19","19","dictionary-candidate"
"fr-FR","names","Playback","Position de lecture","19","19","dictionary-candidate"
"fr-FR","names","Hand Offset","Décalage de la main","19","20","dictionary-candidate"
"fr-FR","names","Vertical","Vertical uniquement","19","19","dictionary-candidate"
"hu-HU","names","Track Self...","Önmagam követése...","19","22","review-required"
"hu-HU","names","Track Pivot","Forgáspont követése","19","22","review-required"
"hu-HU","names","Vertical Lock","Függőleges rögzítés","19","24","dictionary-candidate"
"hu-HU","names","Custom","Kiegészítő funkciók","19","23","review-required"
"hu-HU","dynamic","WorldDrop","Rögzítés a világban","19","23","review-required"
"hu-HU","featureBlanks","117","Közel felé: közepes","19","22","canon-adapted"
"it-IT","names","Increase","Chiudi il diaframma","19","19","canon-adapted"
"it-IT","names","DoF Mode","Profondità di campo","19","20","canon-adapted"
"it-IT","names","V. Horizon","Livella elettronica","19","19","canon-adapted"
"it-IT","names","Change Angle","Cambia orientamento","19","19","dictionary-candidate"
"it-IT","names","Smoothing","Inseguimento fluido","19","19","dictionary-candidate"
"it-IT","names","Operation","Funzionamento di AF","19","19","canon-exact"
"it-IT","names","Custom","Funzioni aggiuntive","19","19","dictionary-candidate"
"it-IT","names","Y","Posizione verticale","19","19","dictionary-candidate"
"it-IT","names","3:2 DSLR","3:2 Reflex digitale","19","19","dictionary-candidate"
"it-IT","names","Depth Mode","Modalità profondità","19","21","dictionary-candidate"
"it-IT","dynamic","CameraPinDrop","Posiziona marcatore","19","19","dictionary-candidate"
"it-IT","dynamic","FisheyeCenterY","Posizione verticale","19","19","dictionary-candidate"
"it-IT","featureBlanks","117","Verso vicino: medio","19","19","canon-adapted"
"it-IT","sensorBlanks","0","Pieno formato 35 mm","19","19","review-required"
"it-IT","sensorBlanks","4","Micro quattro terzi","19","19","review-required"
"nb-NO","names","Playback","Avspillingsposisjon","19","19","review-required"
"nl-NL","names","Hand-Rotate","Met de hand draaien","19","19","dictionary-candidate"
"nl-NL","names","Change Angle","Oriëntatie wijzigen","19","20","dictionary-candidate"
"nl-NL","names","X","Horizontale positie","19","19","dictionary-candidate"
"nl-NL","dynamic","FisheyeCenterX","Horizontale positie","19","19","dictionary-candidate"
"nl-NL","dynamic","ZoomOutSpeed4","Groothoeksnelheid 4","19","19","review-required"
"nl-NL","featureBlanks","100","Groothoeksnelheid 1","19","19","review-required"
"nl-NL","featureBlanks","101","Groothoeksnelheid 2","19","19","review-required"
"nl-NL","featureBlanks","102","Groothoeksnelheid 3","19","19","review-required"
"nl-NL","featureBlanks","129","Iets omhoog richten","19","19","dictionary-candidate"
"nl-NL","featureBlanks","130","Iets omlaag richten","19","19","dictionary-candidate"
"nn-NO","names","Servo AF","Følgjande autofokus","19","20","review-required"
"nn-NO","names","Hide Remote Players","Gøym andre spelarar","19","20","dictionary-composition"
"pl-PL","names","Stabilize","Stabilizator obrazu","19","19","canon-exact"
"pl-PL","names","Increase","Przymknij przysłonę","19","21","canon-adapted"
"pl-PL","names","Drop Pivot","Umieść punkt obrotu","19","21","review-required"
"pl-PL","names","Temperature","Temperatura barwowa","19","19","canon-exact"
"pl-PL","names","Reverse Fisheye","Odwrócone rybie oko","19","20","review-required"
"pl-PL","names","2.35:1 Anamorphic","2.35:1 Anamorficzny","19","19","review-required"
"pl-PL","names","Focus Distance","Odległość ostrzenia","19","22","review-required"
"pl-PL","names","Hide Remote Players","Ukryj innych graczy","19","19","review-required"
"pl-PL","names","Playback","Pozycja odtwarzania","19","19","review-required"
"pl-PL","dynamic","WorldDrop","Zakotwicz w świecie","19","20","review-required"
"pl-PL","featureBlanks","130","Skieruj lekko w dół","19","21","review-required"
"pt-PT","names","Portrait","Orientação vertical","19","21","dictionary-candidate"
"pt-PT","names","Look At Feet","Apontar para os pés","19","20","dictionary-candidate"
"pt-PT","names","Drone Speed","Velocidade do drone","19","19","dictionary-candidate"
"pt-PT","names","Smoothing","Suavizar seguimento","19","19","dictionary-candidate"
"pt-PT","names","Chromatic Aberration","Aberração cromática","19","22","canon-adapted"
"pt-PT","names","Axial Focus-Aware","Associada à focagem","19","20","dictionary-candidate"
"pt-PT","names","Lens Size","Tamanho da objetiva","19","19","dictionary-candidate"
"pt-PT","names","Tilt-Shift","Inclinação e desvio","19","21","dictionary-candidate"
"pt-PT","names","Peaking","Realce de contornos","19","19","canon-adapted"
"pt-PT","featureBlanks","118","Para perto: pequeno","19","19","canon-adapted"
"pt-PT","sensorBlanks","4","Micro Quatro Terços","19","20","review-required"
"ro-RO","names","Portrait","Orientare verticală","19","20","dictionary-candidate"
"ro-RO","names","Depth Cute","Profunzime delicată","19","20","dictionary-candidate"
"ro-RO","names","Look At Face","Orientare spre față","19","21","dictionary-candidate"
"ro-RO","names","Track Self...","Urmărire proprie...","19","20","dictionary-candidate"
"ro-RO","names","Auto Focus","Focalizare automată","19","20","canon-adapted"
"ro-RO","names","Increase","Închidere diafragmă","19","21","canon-adapted"
"ro-RO","names","Av Dial","Valoarea diafragmei","19","19","canon-exact"
"ro-RO","names","Change Angle","Schimbare orientare","19","19","dictionary-candidate"
"ro-RO","names","Color Grading","Gradare a culorilor","19","19","dictionary-candidate"
"ro-RO","names","Temperature","Temperatura culorii","19","19","canon-adapted"
"ro-RO","names","Depth Fog","Ceață de profunzime","19","21","dictionary-candidate"
"ro-RO","names","Start Distance","Distanță de început","19","22","dictionary-candidate"
"ro-RO","names","Lens Size","Dimensiune obiectiv","19","19","dictionary-candidate"
"ro-RO","names","Zoom Blur","Estompare prin zoom","19","19","dictionary-candidate"
"ro-RO","names","Go To Pin","Deplasare la marcaj","19","19","dictionary-candidate"
"ro-RO","dynamic","ZoomOutSpeed4","Viteză unghi larg 4","19","20","dictionary-candidate"
"ro-RO","featureBlanks","100","Viteză unghi larg 1","19","20","dictionary-candidate"
"ro-RO","featureBlanks","101","Viteză unghi larg 2","19","20","dictionary-candidate"
"ro-RO","featureBlanks","102","Viteză unghi larg 3","19","20","dictionary-candidate"
"ro-RO","featureBlanks","117","Spre aproape: mediu","19","19","canon-adapted"
"ro-RO","featureBlanks","121","Spre infinit: mediu","19","19","canon-adapted"
"ru-RU","names","Look At Feet","Направить на ступни","19","36","dictionary-candidate"
"ru-RU","names","Track Self...","Следить за собой...","19","33","dictionary-candidate"
"ru-RU","names","V. Horizon","Электронный уровень","19","37","canon-adapted"
"ru-RU","names","Focus Peaking","Выделение цветом MF","19","34","canon-exact"
"ru-RU","names","Change Angle","Изменить ориентацию","19","37","dictionary-candidate"
"ru-RU","names","AF Lock","Зафиксировать фокус","19","37","dictionary-candidate"
"ru-RU","names","Start Distance","Начальная дистанция","19","37","dictionary-candidate"
"ru-RU","names","16:9 Widescreen","16:9 Широкоэкранный","19","33","review-required"
"ru-RU","names","Dolly","Движение на тележке","19","36","review-required"
"ru-RU","names","Show Path","Показать траекторию","19","37","dictionary-candidate"
"ru-RU","names","Move","Переместить вручную","19","37","dictionary-candidate"
"ru-RU","names","Hand Rotate (Pins)","Вращать метки рукой","19","36","dictionary-candidate"
"ru-RU","names","Vertical","Только по вертикали","19","36","dictionary-candidate"
"sv-SE","names","Portrait","Stående orientering","19","20","dictionary-candidate"
"sv-SE","names","Avatar AF","Autofokus på avatar","19","20","dictionary-candidate"
"sv-SE","names","Pro Autofocus","Avancerad autofokus","19","19","dictionary-candidate"
"sv-SE","names","Response","Följningskänslighet","19","21","canon-adapted"
"sv-SE","featureBlanks","121","Mot oändligt: medel","19","20","canon-adapted"
"th-TH","names","AF-ON","เริ่มโฟกัสอัตโนมัติ","19","57","review-required"
"th-TH","names","Axial CA","ความคลาดสีตามแนวแกน","19","57","review-required"
"th-TH","names","Preset Saver","บันทึกค่าที่ตั้งไว้","19","57","review-required"
"th-TH","featureBlanks","108","ชดเชยแสง −1/3 สต็อป","19","47","canon-adapted"
"th-TH","featureBlanks","110","ชดเชยแสง +1/3 สต็อป","19","45","canon-adapted"
"tr-TR","names","Stabilize","Görüntü Sabitleyici","19","22","canon-exact"
"tr-TR","names","Track Self...","Kendini takip et...","19","19","dictionary-candidate"
"tr-TR","names","Far Clip Plane","Uzak kırpma düzlemi","19","21","dictionary-candidate"
"tr-TR","names","Axial CA","Boyuna renk sapması","19","20","dictionary-candidate"
"tr-TR","names","Color Grading","Renk derecelendirme","19","19","dictionary-candidate"
"tr-TR","names","Manual Focus Assist","Manuel odak yardımı","19","21","dictionary-candidate"
"tr-TR","names","Preset Saver","Hazır ayar kaydetme","19","20","review-required"
"tr-TR","featureBlanks","118","Yakına doğru: küçük","19","24","canon-adapted"
"tr-TR","featureBlanks","121","Sonsuza doğru: orta","19","20","canon-adapted"
"uk-UA","names","Track Self...","Стежити за собою...","19","33","review-required"
"uk-UA","names","EV Dial","Корекція експозиції","19","37","canon-exact"
"uk-UA","names","Response","Чутливість стеження","19","37","canon-exact"
"uk-UA","names","Chromatic Aberration","Хроматична аберація","19","37","canon-adapted"
"uk-UA","names","Temperature","Колірна температура","19","37","canon-exact"
"uk-UA","names","Edge Softness","Розтушовування краю","19","37","review-required"
"uk-UA","names","16:9 Widescreen","16:9 Широкоекранний","19","33","review-required"
"uk-UA","names","Edge Feather","Розтушовування краю","19","37","review-required"
"uk-UA","names","Show Path","Показати траєкторію","19","37","review-required"
"uk-UA","names","Playback","Позиція відтворення","19","37","review-required"
"uk-UA","dynamic","VignetteSoftness","Розтушовування краю","19","37","review-required"
"bg-BG","names","Show/Hide","Показване/Скриване","18","35","review-required"
"bg-BG","names","Track Self","Следене на себе си","18","33","review-required"
"bg-BG","names","Move HUD","Преместване на HUD","18","31","review-required"
"bg-BG","names","Focus Guide","Ориентир за фокуса","18","34","canon-exact"
"bg-BG","names","Depth Fog","Мъгла по дълбочина","18","34","review-required"
"bg-BG","names","Start Distance","Начално разстояние","18","35","dictionary-candidate"
"bg-BG","names","Film Grain","Филмова зърнистост","18","35","review-required"
"bg-BG","names","Lens Size","Размер на обектива","18","34","dictionary-candidate"
"bg-BG","names","Y","Вертикална позиция","18","35","dictionary-candidate"
"bg-BG","names","16:9 Widescreen","16:9 Широкоекранен","18","31","review-required"
"bg-BG","names","Depth Mode","Режим на дълбочина","18","34","review-required"
"bg-BG","names","Focus Zone","Зона на фокусиране","18","34","review-required"
"bg-BG","names","Dolly","Движение с количка","18","34","dictionary-candidate"
"bg-BG","dynamic","WorldDrop","Закрепване в света","18","34","review-required"
"bg-BG","dynamic","FisheyeCenterY","Вертикална позиция","18","35","dictionary-candidate"
"bg-BG","featureBlanks","117","Към близко: средно","18","33","canon-adapted"
"cs-CZ","names","Portrait","Orientace na výšku","18","20","dictionary-candidate"
"cs-CZ","names","Look At Face","Namířit na obličej","18","21","dictionary-candidate"
"cs-CZ","names","Picture Style","Styl Picture Style","18","18","canon-adapted"
"cs-CZ","names","Smoothing","Vyhladit sledování","18","20","review-required"
"cs-CZ","names","Drop Pivot","Umístit otočný bod","18","21","dictionary-candidate"
"cs-CZ","names","Move Focus","Posunout zaostření","18","20","dictionary-candidate"
"cs-CZ","names","AF Lock","Zamknout zaostření","18","20","dictionary-candidate"
"cs-CZ","names","Lens Size","Velikost objektivu","18","18","dictionary-candidate"
"cs-CZ","names","2.39:1 Cinemascope","2.39:1 Cinemascope","18","18","review-required"
"cs-CZ","names","Preset Saver","Ukládání předvoleb","18","22","review-required"
"cs-CZ","featureBlanks","130","Namířit mírně dolů","18","23","dictionary-candidate"
"da-DK","names","Stabilize","Billedstabilisator","18","18","canon-exact"
"da-DK","names","Avatar-Drop","Fastgør til avatar","18","19","review-required"
"da-DK","names","2.39:1 Cinemascope","2.39:1 Cinemascope","18","18","review-required"
"da-DK","names","Drop (Reset to Hand)","Tilbage til hånden","18","19","dictionary-candidate"
"da-DK","names","Reset to Hand","Tilbage til hånden","18","19","dictionary-candidate"
"da-DK","names","Smooth","Punktinterpolation","18","18","review-required"
"de-DE","names","Depth Cool","Kühle Tiefenfarben","18","19","dictionary-candidate"
"de-DE","names","Green Back","Grüner Hintergrund","18","19","dictionary-candidate"
"de-DE","names","Blue Back","Blauer Hintergrund","18","18","dictionary-candidate"
"de-DE","names","Look Down","Nach unten richten","18","18","dictionary-candidate"
"de-DE","names","Avatar-Drop","Am Avatar fixieren","18","18","dictionary-candidate"
"de-DE","names","Mount Swap","Halterung wechseln","18","18","dictionary-candidate"
"de-DE","names","Change Angle","Ausrichtung ändern","18","19","dictionary-candidate"
"de-DE","names","Drive Speed","AF-Geschwindigkeit","18","18","canon-exact"
"de-DE","names","Far Clip Plane","Ferne Schnittebene","18","18","dictionary-candidate"
"de-DE","names","Y","Vertikale Position","18","18","dictionary-candidate"
"de-DE","names","2.39:1 Cinemascope","2.39:1 Cinemascope","18","18","review-required"
"de-DE","names","Play","Wiedergabe starten","18","18","canon-adapted"
"de-DE","names","Playback","Wiedergabeposition","18","18","review-required"
"de-DE","names","Smooth","Punktinterpolation","18","18","review-required"
"de-DE","names","Preset Saver","Vorgaben speichern","18","18","dictionary-candidate"
"de-DE","dynamic","FisheyeCenterY","Vertikale Position","18","18","dictionary-candidate"
"el-GR","names","Move Camera","Μετακίνηση κάμερας","18","35","review-required"
"el-GR","names","Reverse Fisheye","Αντίστροφο fisheye","18","28","review-required"
"el-GR","names","2.39:1 Cinemascope","2.39:1 Cinemascope","18","18","review-required"
"el-GR","names","Drop (Reset to Hand)","Επιστροφή στο χέρι","18","34","dictionary-candidate"
"el-GR","names","Reset to Hand","Επιστροφή στο χέρι","18","34","dictionary-candidate"
"el-GR","names","Show Path","Εμφάνιση διαδρομής","18","35","dictionary-candidate"
"el-GR","dynamic","CameraPinDrop","Τοποθέτηση σημείου","18","35","review-required"
"es-419","names","Look At Feet","Apuntar a los pies","18","18","review-required"
"es-419","names","Auto Focus","Enfoque automático","18","19","canon-adapted"
"es-419","names","Mount Swap","Cambiar el soporte","18","18","review-required"
"es-419","names","Decrease","Abrir el diafragma","18","18","canon-adapted"
"es-419","names","Drone Speed","Velocidad del dron","18","18","review-required"
"es-419","names","White Bal.","Balance de blancos","18","18","canon-exact"
"es-419","names","Locked-on","Mantener el sujeto","18","18","canon-adapted"
"es-419","names","Color Grading","Gradación de color","18","19","adobe-exact"
"es-419","names","Reverse Fisheye","Ojo de pez inverso","18","18","review-required"
"es-419","names","2.39:1 Cinemascope","2.39:1 Cinemascope","18","18","review-required"
"es-419","names","3:2 DSLR","3:2 Réflex digital","18","19","review-required"
"es-419","names","Zoom Blur","Desenfoque de zoom","18","18","review-required"
"es-419","names","Peaking","Resalte de enfoque","18","18","canon-adapted"
"es-419","names","Show Pins","Mostrar marcadores","18","18","review-required"
"es-419","featureBlanks","117","Hacia cerca: medio","18","18","canon-adapted"
"es-ES","names","Look At Feet","Apuntar a los pies","18","18","review-required"
"es-ES","names","Auto Focus","Enfoque automático","18","19","canon-adapted"
"es-ES","names","Mount Swap","Cambiar el soporte","18","18","review-required"
"es-ES","names","Decrease","Abrir el diafragma","18","18","canon-adapted"
"es-ES","names","Drone Speed","Velocidad del dron","18","18","review-required"
"es-ES","names","White Bal.","Balance de blancos","18","18","canon-exact"
"es-ES","names","Locked-on","Mantener el sujeto","18","18","canon-adapted"
"es-ES","names","Color Grading","Gradación de color","18","19","adobe-exact"
"es-ES","names","Reverse Fisheye","Ojo de pez inverso","18","18","review-required"
"es-ES","names","2.39:1 Cinemascope","2.39:1 Cinemascope","18","18","review-required"
"es-ES","names","3:2 DSLR","3:2 Réflex digital","18","19","review-required"
"es-ES","names","Zoom Blur","Desenfoque de zoom","18","18","review-required"
"es-ES","names","Peaking","Resalte de enfoque","18","18","canon-adapted"
"es-ES","names","Show Pins","Mostrar marcadores","18","18","review-required"
"es-ES","featureBlanks","117","Hacia cerca: medio","18","18","canon-adapted"
"fi-FI","names","Avatar-Drop","Kiinnitä avatariin","18","19","dictionary-candidate"
"fi-FI","names","Hide Lens","Piilota objektiivi","18","18","dictionary-candidate"
"fi-FI","names","Move HUD","Siirrä HUD-näyttöä","18","22","dictionary-candidate"
"fi-FI","names","Smoothing","Pehmennä seurantaa","18","19","review-required"
"fi-FI","names","EV Dial","Valotuksen korjaus","18","18","canon-exact"
"fi-FI","names","Move Focus","Siirrä tarkennusta","18","19","review-required"
"fi-FI","names","2.39:1 Cinemascope","2.39:1 Cinemascope","18","18","review-required"
"fi-FI","names","2.35:1 Anamorphic","2.35:1 Anamorfinen","18","18","review-required"
"fi-FI","names","Zone Softness","Vyöhykkeen pehmeys","18","19","dictionary-candidate"
"fi-FI","names","Player Visibility","Pelaajien näkyvyys","18","19","review-required"
"fi-FI","names","Smooth","Pisteinterpolointi","18","18","review-required"
"fi-FI","dynamic","WorldDrop","Kiinnitä maailmaan","18","19","dictionary-candidate"
"fi-FI","dynamic","ZoomOutSpeed4","Laajakulmanopeus 4","18","18","review-required"
"fi-FI","featureBlanks","100","Laajakulmanopeus 1","18","18","review-required"
"fi-FI","featureBlanks","101","Laajakulmanopeus 2","18","18","review-required"
"fi-FI","featureBlanks","102","Laajakulmanopeus 3","18","18","review-required"
"fr-FR","names","Look Up","Viser vers le haut","18","18","dictionary-candidate"
"fr-FR","names","Mount Swap","Changer de support","18","18","dictionary-candidate"
"fr-FR","names","Hide Lens","Masquer l'objectif","18","18","dictionary-candidate"
"fr-FR","names","Av Dial","Valeur d'ouverture","18","18","canon-adapted"
"fr-FR","names","Hand-Rotate","Rotation à la main","18","19","dictionary-candidate"
"fr-FR","names","Move Camera","Déplacer la caméra","18","20","dictionary-candidate"
"fr-FR","names","White Bal.","Balance des blancs","18","18","canon-exact"
"fr-FR","names","One-Shot AF","Autofocus One-Shot","18","18","canon-exact"
"fr-FR","names","Anamorphic Bokeh","Bokeh anamorphique","18","18","dictionary-candidate"
"fr-FR","names","Edge Softness","Contour progressif","18","18","dictionary-candidate"
"fr-FR","names","Y","Position verticale","18","18","dictionary-candidate"
"fr-FR","names","Letterbox","Bandes cinémascope","18","19","dictionary-candidate"
"fr-FR","names","2.39:1 Cinemascope","2.39:1 Cinémascope","18","19","dictionary-candidate"
"fr-FR","names","Zone Softness","Douceur de la zone","18","18","dictionary-candidate"
"fr-FR","names","Edge Feather","Contour progressif","18","18","dictionary-candidate"
"fr-FR","names","Show Path","Afficher le trajet","18","18","dictionary-candidate"
"fr-FR","names","Move","Déplacement manuel","18","19","review-required"
"fr-FR","dynamic","VignetteSoftness","Contour progressif","18","18","dictionary-candidate"
"fr-FR","dynamic","FisheyeCenterY","Position verticale","18","18","dictionary-candidate"
"fr-FR","sensorBlanks","0","Plein format 35 mm","18","18","dictionary-candidate"
"fr-FR","sensorBlanks","4","Micro quatre tiers","18","18","dictionary-candidate"
"hu-HU","names","Look At Feet","Lábfejre irányítás","18","22","review-required"
"hu-HU","names","Auto Focus","Automatikus fókusz","18","19","canon-adapted"
"hu-HU","names","Hide Lens","Objektív elrejtése","18","20","dictionary-candidate"
"hu-HU","names","Change Angle","Tájolás módosítása","18","23","review-required"
"hu-HU","names","X","Vízszintes helyzet","18","19","dictionary-candidate"
"hu-HU","names","Y","Függőleges helyzet","18","20","dictionary-candidate"
"hu-HU","names","2.39:1 Cinemascope","2.39:1 Cinemascope","18","18","review-required"
"hu-HU","names","Zoom Blur","Zoomos életlenítés","18","21","review-required"
"hu-HU","names","Playback","Lejátszási pozíció","18","22","review-required"
"hu-HU","dynamic","CameraPinDrop","Jelölő elhelyezése","18","21","review-required"
"hu-HU","dynamic","FisheyeCenterX","Vízszintes helyzet","18","19","dictionary-candidate"
"hu-HU","dynamic","FisheyeCenterY","Függőleges helyzet","18","20","dictionary-candidate"
"it-IT","names","Depth Cute","Profondità morbida","18","19","dictionary-candidate"
"it-IT","names","Look Up","Punta verso l'alto","18","18","dictionary-candidate"
"it-IT","names","Track Self...","Segui te stesso...","18","18","dictionary-candidate"
"it-IT","names","Hide Lens","Nascondi obiettivo","18","18","dictionary-candidate"
"it-IT","names","Av Dial","Valore di apertura","18","18","canon-adapted"
"it-IT","names","Drone Speed","Velocità del drone","18","19","dictionary-candidate"
"it-IT","names","Temperature","Temperatura colore","18","18","canon-exact"
"it-IT","names","2.39:1 Cinemascope","2.39:1 Cinemascope","18","18","review-required"
"it-IT","names","Center X","Centro orizzontale","18","18","dictionary-candidate"
"it-IT","names","Hide Self","Nascondi te stesso","18","18","dictionary-candidate"
"it-IT","names","Avatar Offset","Spostamento avatar","18","18","dictionary-candidate"
"it-IT","names","Rotate With Avatar","Ruota con l'avatar","18","18","dictionary-candidate"
"it-IT","names","Move","Sposta manualmente","18","18","dictionary-candidate"
"it-IT","names","Full","Tutte le direzioni","18","18","review-required"
"nb-NO","names","Move Pivot","Flytt dreiepunktet","18","18","dictionary-candidate"
"nb-NO","names","Drop Pivot","Plasser dreiepunkt","18","18","review-required"
"nb-NO","names","Pro Autofocus","Avansert autofokus","18","18","dictionary-candidate"
"nb-NO","names","Custom","Tilleggsfunksjoner","18","18","review-required"
"nb-NO","names","2.39:1 Cinemascope","2.39:1 Cinemascope","18","18","review-required"
"nb-NO","names","Manual Focus Assist","Manuell fokushjelp","18","18","review-required"
"nb-NO","names","Drop (Reset to Hand)","Tilbake til hånden","18","19","dictionary-candidate"
"nb-NO","names","Reset to Hand","Tilbake til hånden","18","19","dictionary-candidate"
"nb-NO","names","Smooth","Punktinterpolasjon","18","18","review-required"
"nb-NO","featureBlanks","120","Mot uendelig: lite","18","18","dictionary-candidate"
"nl-NL","names","Portrait","Staande oriëntatie","18","19","dictionary-candidate"
"nl-NL","names","Green Back","Groene achtergrond","18","18","dictionary-candidate"
"nl-NL","names","Blue Back","Blauwe achtergrond","18","18","dictionary-candidate"
"nl-NL","names","Look At Face","Op gezicht richten","18","18","dictionary-candidate"
"nl-NL","names","Move Camera","Camera verplaatsen","18","18","dictionary-candidate"
"nl-NL","names","Drop Pivot","Draaipunt plaatsen","18","18","dictionary-candidate"
"nl-NL","names","Edge Softness","Doezelaar van rand","18","18","dictionary-candidate"
"nl-NL","names","Reverse Fisheye","Omgekeerde fisheye","18","18","dictionary-candidate"
"nl-NL","names","2.39:1 Cinemascope","2.39:1 Cinemascope","18","18","dictionary-candidate"
"nl-NL","names","Center X","Horizontaal midden","18","18","dictionary-candidate"
"nl-NL","names","Edge Feather","Doezelaar van rand","18","18","dictionary-candidate"
"nl-NL","names","Avatar Offset","Avatarverschuiving","18","18","review-required"
"nl-NL","dynamic","CameraPinDrop","Markering plaatsen","18","18","dictionary-candidate"
"nl-NL","dynamic","VignetteSoftness","Doezelaar van rand","18","18","dictionary-candidate"
"nn-NO","names","Move Pivot","Flytt dreiepunktet","18","18","review-required"
"nn-NO","names","Drop Pivot","Plasser dreiepunkt","18","18","review-required"
"nn-NO","names","Pro Autofocus","Avansert autofokus","18","18","review-required"
"nn-NO","names","One-Shot AF","Einskots autofokus","18","18","review-required"
"nn-NO","names","Custom","Tilleggsfunksjonar","18","18","review-required"
"nn-NO","names","2.39:1 Cinemascope","2.39:1 Cinemascope","18","18","review-required"
"nn-NO","names","Manual Focus Assist","Manuell fokushjelp","18","18","review-required"
"nn-NO","names","Playback","Avspelingsposisjon","18","18","review-required"
"nn-NO","names","Smooth","Punktinterpolasjon","18","18","review-required"
"nn-NO","featureBlanks","120","Mot uendeleg: lite","18","18","review-required"
"pl-PL","names","Portrait","Orientacja pionowa","18","18","review-required"
"pl-PL","names","Track Pivot","Śledź punkt obrotu","18","20","review-required"
"pl-PL","names","EV Dial","Korekta ekspozycji","18","18","canon-exact"
"pl-PL","names","Focus Guide","Asystent ostrzenia","18","18","canon-exact"
"pl-PL","names","Anamorphic Bokeh","Anamorficzny bokeh","18","18","review-required"
"pl-PL","names","Edge Softness","Wtapianie krawędzi","18","19","review-required"
"pl-PL","names","2.39:1 Cinemascope","2.39:1 Cinemascope","18","18","review-required"
"pl-PL","names","Edge Feather","Wtapianie krawędzi","18","19","review-required"
"pl-PL","names","Rotate With Avatar","Obracaj z awatarem","18","18","review-required"
"pl-PL","names","Hand Offset","Przesunięcie dłoni","18","20","review-required"
"pl-PL","names","Full","Wszystkie kierunki","18","18","review-required"
"pl-PL","dynamic","VignetteSoftness","Wtapianie krawędzi","18","19","review-required"
"pl-PL","sensorBlanks","0","Pełna klatka 35 mm","18","19","review-required"
"pt-PT","names","Depth Cute","Profundidade suave","18","18","dictionary-candidate"
"pt-PT","names","Look Down","Apontar para baixo","18","18","dictionary-candidate"
"pt-PT","names","Auto Focus","Focagem automática","18","19","canon-adapted"
"pt-PT","names","Increase","Fechar o diafragma","18","18","canon-adapted"
"pt-PT","names","Change Angle","Alterar orientação","18","20","dictionary-candidate"
"pt-PT","names","White Bal.","Balanço de Brancos","18","19","canon-exact"
"pt-PT","names","Custom","Funções adicionais","18","20","dictionary-candidate"
"pt-PT","names","Temperature","Temperatura da Cor","18","18","canon-exact"
"pt-PT","names","X","Posição horizontal","18","20","dictionary-candidate"
"pt-PT","names","2.39:1 Cinemascope","2.39:1 Cinemascope","18","18","dictionary-candidate"
"pt-PT","names","3:2 DSLR","3:2 Reflex digital","18","18","dictionary-candidate"
"pt-PT","names","Rotate With Avatar","Rodar com o avatar","18","18","dictionary-candidate"
"pt-PT","names","Show Pins","Mostrar marcadores","18","18","dictionary-candidate"
"pt-PT","names","Go To Pin","Ir para o marcador","18","18","dictionary-candidate"
"pt-PT","dynamic","FisheyeCenterX","Posição horizontal","18","20","dictionary-candidate"
"ro-RO","names","Manual Focus","Focalizare manuală","18","19","canon-exact"
"ro-RO","names","Hide Lens","Ascundere obiectiv","18","18","dictionary-candidate"
"ro-RO","names","DoF Mode","Profunzime de câmp","18","19","canon-adapted"
"ro-RO","names","AF Lock","Blocare focalizare","18","18","dictionary-candidate"
"ro-RO","names","Chromatic Aberration","Aberație cromatică","18","20","canon-adapted"
"ro-RO","names","Film Grain","Granulație de film","18","19","dictionary-candidate"
"ro-RO","names","X","Poziție orizontală","18","20","dictionary-candidate"
"ro-RO","names","2.39:1 Cinemascope","2.39:1 Cinemascope","18","18","review-required"
"ro-RO","names","3:2 DSLR","3:2 Reflex digital","18","18","dictionary-candidate"
"ro-RO","names","Focus Zone","Zonă de focalizare","18","19","dictionary-candidate"
"ro-RO","names","Rotate With Avatar","Rotire cu avatarul","18","18","dictionary-candidate"
"ro-RO","dynamic","FisheyeCenterX","Poziție orizontală","18","20","dictionary-candidate"
"ru-RU","names","Manual Focus","Ручная фокусировка","18","35","canon-exact"
"ru-RU","names","Av Dial","Значение диафрагмы","18","35","canon-adapted"
"ru-RU","names","Move Camera","Переместить камеру","18","35","dictionary-candidate"
"ru-RU","names","Aspect Ratio","Соотношение сторон","18","35","canon-adapted"
"ru-RU","names","Center Y","Центр по вертикали","18","34","dictionary-candidate"
"ru-RU","names","Peaking","Выделение контуров","18","35","canon-adapted"
"ru-RU","names","Smooth","Интерполяция точек","18","35","review-required"
"sv-SE","names","Look At Face","Rikta mot ansiktet","18","18","dictionary-candidate"
"sv-SE","names","Look At Feet","Rikta mot fötterna","18","19","dictionary-candidate"
"sv-SE","names","Manual Focus","Manuell fokusering","18","18","canon-exact"
"sv-SE","names","AF-ON","Aktivera autofokus","18","18","dictionary-candidate"
"sv-SE","names","2.39:1 Cinemascope","2.39:1 Cinemascope","18","18","review-required"
"sv-SE","names","Focus Distance","Fokuseringsavstånd","18","19","review-required"
"sv-SE","names","Manual Focus Assist","Manuell fokushjälp","18","19","dictionary-candidate"
"sv-SE","names","Hide Remote Players","Dölj andra spelare","18","19","dictionary-candidate"
"sv-SE","names","Avatar Offset","Avatarförskjutning","18","19","review-required"
"sv-SE","names","Smooth","Punktinterpolering","18","18","review-required"
"sv-SE","featureBlanks","120","Mot oändligt: lite","18","19","canon-adapted"
"th-TH","names","Depth Cute","ความลึกโทนอ่อนหวาน","18","54","review-required"
"th-TH","names","2.35:1 Anamorphic","2.35:1 อะนามอร์ฟิก","18","40","review-required"
"th-TH","names","2.00:1 Univisium","2.00:1 ยูนิวิเซียม","18","40","review-required"
"th-TH","names","1.85:1 Theatrical","1.85:1 โรงภาพยนตร์","18","40","review-required"
"tr-TR","names","Transverse CA","Enine renk sapması","18","19","dictionary-candidate"
"tr-TR","names","Start Distance","Başlangıç uzaklığı","18","24","dictionary-candidate"
"tr-TR","names","Player Visibility","Oyuncu görünürlüğü","18","24","review-required"
"tr-TR","featureBlanks","117","Yakına doğru: orta","18","20","canon-adapted"
"uk-UA","names","Show/Hide","Показати/Приховати","18","35","review-required"
"uk-UA","names","Hide Lens","Приховати об'єктив","18","34","review-required"
"uk-UA","names","Decrease","Відкрити діафрагму","18","35","canon-adapted"
"uk-UA","names","Av Dial","Значення діафрагми","18","35","canon-exact"
"uk-UA","names","V. Horizon","Електронний рівень","18","35","canon-adapted"
"uk-UA","names","Change Angle","Змінити орієнтацію","18","35","review-required"
"uk-UA","names","Move Camera","Перемістити камеру","18","35","review-required"
"uk-UA","names","Magenta-Green","Пурпуровий-Зелений","18","35","dictionary-candidate"
"uk-UA","names","Start Distance","Початкова відстань","18","35","dictionary-candidate"
"uk-UA","names","Center Y","Вертикальний центр","18","35","dictionary-candidate"
"uk-UA","names","Peaking","Виділення контурів","18","35","canon-exact"
"uk-UA","names","Move","Перемістити вручну","18","35","review-required"
"uk-UA","names","Smooth","Інтерполяція точок","18","35","review-required"
"uk-UA","featureBlanks","118","Ближче: малий крок","18","33","canon-adapted"
"bg-BG","names","Depth Cool","Студена дълбочина","17","33","review-required"
"bg-BG","names","Sensor Type","Размер на сензора","17","32","dictionary-candidate"
"bg-BG","names","Grid","Координатна мрежа","17","33","canon-exact"
"bg-BG","names","Axial Focus-Aware","Свързана с фокуса","17","32","review-required"
"bg-BG","names","Color Grading","Цветово градиране","17","33","review-required"
"bg-BG","names","2.39:1 Cinemascope","2.39:1 Синемаскоп","17","27","review-required"
"bg-BG","names","Center Y","Вертикален център","17","33","dictionary-candidate"
"bg-BG","names","Move","Ръчно преместване","17","33","review-required"
"bg-BG","featureBlanks","118","Към близко: малко","17","31","canon-adapted"
"bg-BG","sensorBlanks","0","Пълен кадър 35 mm","17","27","review-required"
"bg-BG","sensorBlanks","4","Micro Four Thirds","17","17","review-required"
"cs-CZ","names","Manual Focus","Ruční zaostřování","17","22","canon-exact"
"cs-CZ","names","Focus Guide","Průvodce ostřením","17","20","canon-exact"
"cs-CZ","names","Reverse Fisheye","Obrácené rybí oko","17","20","dictionary-candidate"
"cs-CZ","names","Tilt-Shift","Naklopení a posun","17","18","review-required"
"cs-CZ","names","Zoom Blur","Rozostření zoomem","17","19","review-required"
"cs-CZ","names","Player Visibility","Viditelnost hráčů","17","20","review-required"
"cs-CZ","names","Rotate With Avatar","Otáčet s avatarem","17","19","dictionary-candidate"
"cs-CZ","names","Playback","Pozice přehrávání","17","21","review-required"
"cs-CZ","sensorBlanks","0","Plný formát 35 mm","17","19","review-required"
"cs-CZ","sensorBlanks","4","Micro Four Thirds","17","17","review-required"
"da-DK","names","Drop Pivot","Placér drejepunkt","17","18","review-required"
"da-DK","names","Response","Sporingsfølsomhed","17","18","canon-exact"
"da-DK","names","AF-ON","Aktivér autofokus","17","18","review-required"
"da-DK","names","Far Clip Plane","Fjernt klippeplan","17","17","review-required"
"da-DK","names","Lens Size","Objektivstørrelse","17","18","review-required"
"da-DK","names","2.35:1 Anamorphic","2.35:1 Anamorfisk","17","17","review-required"
"da-DK","names","Manual Focus Assist","Manuel fokushjælp","17","18","review-required"
"da-DK","names","Peaking","Konturfremhævning","17","18","canon-adapted"
"da-DK","names","Avatar Offset","Avatarforskydning","17","17","review-required"
"da-DK","names","Move Drone Vertical","Flyt drone lodret","17","17","dictionary-candidate"
"da-DK","sensorBlanks","4","Micro Four Thirds","17","17","review-required"
"de-DE","names","Look Up","Nach oben richten","17","17","dictionary-candidate"
"de-DE","names","Move Pivot","Drehpunkt bewegen","17","17","dictionary-candidate"
"de-DE","names","Move Focus","Fokus verschieben","17","17","dictionary-candidate"
"de-DE","names","Response","AI-Servo-Reaktion","17","17","canon-adapted"
"de-DE","names","Locked-on","Motiv beibehalten","17","17","canon-adapted"
"de-DE","names","Responsive","Schnell reagieren","17","17","canon-adapted"
"de-DE","names","Start Distance","Anfangsentfernung","17","17","review-required"
"de-DE","names","Center X","Horizontale Mitte","17","17","dictionary-candidate"
"de-DE","dynamic","CameraPinDrop","Markierung setzen","17","17","dictionary-candidate"
"de-DE","sensorBlanks","4","Micro Four Thirds","17","17","review-required"
"el-GR","names","Advanced","Για προχωρημένους","17","33","review-required"
"el-GR","names","Show/Hide","Εμφάνιση/Απόκρυψη","17","33","dictionary-candidate"
"el-GR","names","Movie Mode","Κατάσταση ταινίας","17","33","dictionary-candidate"
"el-GR","names","Sensor Type","Μέγεθος αισθητήρα","17","33","dictionary-candidate"
"el-GR","names","Av Dial","Τιμή διαφράγματος","17","33","canon-exact"
"el-GR","names","AF Lock","Κλείδωμα εστίασης","17","33","review-required"
"el-GR","names","Locked-on","Διατήρηση θέματος","17","33","canon-adapted"
"el-GR","names","Chromatic Aberration","Χρωματική εκτροπή","17","33","canon-adapted"
"el-GR","names","2.35:1 Anamorphic","2.35:1 Αναμορφικό","17","27","review-required"
"el-GR","names","16:9 Widescreen","16:9 Ευρεία οθόνη","17","28","dictionary-candidate"
"el-GR","names","Center Y","Κατακόρυφο κέντρο","17","33","dictionary-candidate"
"el-GR","names","Focus Distance","Απόσταση εστίασης","17","33","dictionary-candidate"
"el-GR","names","Player Visibility","Ορατότητα παικτών","17","33","review-required"
"el-GR","names","Avatar Offset","Μετατόπιση avatar","17","27","dictionary-candidate"
"el-GR","names","Playback","Θέση αναπαραγωγής","17","33","dictionary-candidate"
"el-GR","names","Hand Offset","Μετατόπιση χεριού","17","33","dictionary-candidate"
"el-GR","names","Smooth","Παρεμβολή σημείων","17","33","review-required"
"el-GR","sensorBlanks","0","Πλήρες καρέ 35 mm","17","27","review-required"
"el-GR","sensorBlanks","4","Micro Four Thirds","17","17","review-required"
"el-GR","tonemapBlanks","1","Κινηματογραφικό 1","17","32","review-required"
"el-GR","tonemapBlanks","2","Κινηματογραφικό 2","17","32","review-required"
"es-419","names","Depth Cute","Profundidad suave","17","17","review-required"
"es-419","names","Look At Face","Apuntar al rostro","17","17","review-required"
"es-419","names","Sensor Type","Tamaño del sensor","17","18","review-required"
"es-419","names","Av Dial","Valor de abertura","17","17","canon-adapted"
"es-419","names","V. Horizon","Nivel electrónico","17","18","canon-adapted"
"es-419","names","Hand-Rotate","Girar con la mano","17","17","review-required"
"es-419","names","Drop Pivot","Colocar el pivote","17","17","review-required"
"es-419","names","Start Distance","Distancia inicial","17","17","review-required"
"es-419","names","Film Grain","Grano de película","17","18","review-required"
"es-419","names","Y","Posición vertical","17","18","review-required"
"es-419","names","2.35:1 Anamorphic","2.35:1 Anamórfico","17","18","review-required"
"es-419","names","Block Size","Tamaño del bloque","17","18","review-required"
"es-419","names","Center X","Centro horizontal","17","17","review-required"
"es-419","names","Zone Size","Tamaño de la zona","17","18","review-required"
"es-419","names","Move","Mover manualmente","17","17","review-required"
"es-419","dynamic","FisheyeCenterY","Posición vertical","17","18","review-required"
"es-ES","names","Depth Cute","Profundidad suave","17","17","review-required"
"es-ES","names","Look At Face","Apuntar al rostro","17","17","review-required"
"es-ES","names","Sensor Type","Tamaño del sensor","17","18","review-required"
"es-ES","names","Av Dial","Valor de abertura","17","17","canon-adapted"
"es-ES","names","V. Horizon","Nivel electrónico","17","18","canon-adapted"
"es-ES","names","Hand-Rotate","Girar con la mano","17","17","review-required"
"es-ES","names","Drop Pivot","Colocar el pivote","17","17","review-required"
"es-ES","names","Start Distance","Distancia inicial","17","17","review-required"
"es-ES","names","Film Grain","Grano de película","17","18","review-required"
"es-ES","names","Y","Posición vertical","17","18","review-required"
"es-ES","names","2.35:1 Anamorphic","2.35:1 Anamórfico","17","18","review-required"
"es-ES","names","Block Size","Tamaño del bloque","17","18","review-required"
"es-ES","names","Center X","Centro horizontal","17","17","review-required"
"es-ES","names","Zone Size","Tamaño de la zona","17","18","review-required"
"es-ES","names","Move","Mover manualmente","17","17","review-required"
"es-ES","dynamic","FisheyeCenterY","Posición vertical","17","18","review-required"
"fi-FI","names","Look At Face","Suuntaa kasvoihin","17","17","dictionary-candidate"
"fi-FI","names","Look At Feet","Suuntaa jalkoihin","17","17","dictionary-candidate"
"fi-FI","names","Track Self...","Seuraa itseäsi...","17","18","dictionary-candidate"
"fi-FI","names","Manual Focus","Manuaalitarkennus","17","17","canon-exact"
"fi-FI","names","Drop Pivot","Aseta kiertopiste","17","17","review-required"
"fi-FI","names","Auto Exposure","Automaattivalotus","17","17","canon-adapted"
"fi-FI","names","Operation","Tarkennustoiminta","17","17","canon-exact"
"fi-FI","names","AF Lock","Lukitse tarkennus","17","17","dictionary-candidate"
"fi-FI","names","Servo AF","Jatkuva tarkennus","17","17","canon-exact"
"fi-FI","names","Anamorphic Bokeh","Anamorfinen bokeh","17","17","review-required"
"fi-FI","names","Focus Distance","Tarkennusetäisyys","17","18","review-required"
"fi-FI","names","Avatar Offset","Avatarin siirtymä","17","18","dictionary-candidate"
"fi-FI","names","Loop","Toista silmukkana","17","17","dictionary-candidate"
"fi-FI","names","Load Defaults","Lataa oletusarvot","17","17","review-required"
"fi-FI","sensorBlanks","0","35 mm:n täyskenno","17","18","review-required"
"fi-FI","sensorBlanks","4","Micro Four Thirds","17","17","review-required"
"fi-FI","sensorBlanks","5","1,0 tuuman tyyppi","17","17","review-required"
"fr-FR","names","Depth Cool","Profondeur froide","17","17","dictionary-candidate"
"fr-FR","names","Look Down","Viser vers le bas","17","17","dictionary-candidate"
"fr-FR","names","Sensor Type","Taille du capteur","17","17","dictionary-candidate"
"fr-FR","names","Move Pivot","Déplacer le pivot","17","18","dictionary-candidate"
"fr-FR","names","Drive Speed","Vitesse autofocus","17","17","canon-adapted"
"fr-FR","names","Start Distance","Distance de début","17","18","dictionary-candidate"
"fr-FR","names","Center X","Centre horizontal","17","17","dictionary-candidate"
"fr-FR","names","Zone Size","Taille de la zone","17","17","dictionary-candidate"
"fr-FR","names","Drop (Reset to Hand)","Revenir à la main","17","18","dictionary-candidate"
"fr-FR","names","Reset to Hand","Revenir à la main","17","18","dictionary-candidate"
"hu-HU","names","Look Up","Felfelé irányítás","17","21","review-required"
"hu-HU","names","Focus Peaking","MF kontúrkiemelés","17","19","canon-exact"
"hu-HU","names","Avatar Priority","Avatar elsőbbsége","17","19","review-required"
"hu-HU","names","Reverse Fisheye","Fordított halszem","17","18","review-required"
"hu-HU","names","16:9 Widescreen","16:9 Szélesvásznú","17","20","review-required"
"hu-HU","names","Tilt-Shift","Döntés és eltolás","17","21","review-required"
"hu-HU","names","Hide Self","Önmagam elrejtése","17","19","review-required"
"hu-HU","names","Go To Pin","Ugrás a jelölőhöz","17","21","review-required"
"hu-HU","featureBlanks","118","Közel felé: kicsi","17","19","canon-adapted"
"hu-HU","sensorBlanks","4","Micro Four Thirds","17","17","review-required"
"it-IT","names","Depth Cool","Profondità fredda","17","18","dictionary-candidate"
"it-IT","names","Decrease","Apri il diaframma","17","17","canon-adapted"
"it-IT","names","Move Camera","Sposta fotocamera","17","17","dictionary-candidate"
"it-IT","names","Locked-on","Mantieni soggetto","17","17","canon-adapted"
"it-IT","names","Start Distance","Distanza iniziale","17","17","dictionary-candidate"
"it-IT","names","Fisheye Lens","Obiettivo fisheye","17","17","dictionary-candidate"
"it-IT","names","2.35:1 Anamorphic","2.35:1 Anamorfico","17","17","dictionary-candidate"
"it-IT","names","Block Size","Dimensioni blocco","17","17","dictionary-candidate"
"nb-NO","names","Stabilize","Bildestabilisator","17","17","canon-adapted"
"nb-NO","names","Look At Face","Rett mot ansiktet","17","17","dictionary-candidate"
"nb-NO","names","Avatar-Drop","Fest til avataren","17","17","dictionary-candidate"
"nb-NO","names","V. Horizon","Elektronisk vater","17","17","dictionary-candidate"
"nb-NO","names","Track Pivot","Følg dreiepunktet","17","18","review-required"
"nb-NO","names","Response","Sporingsfølsomhet","17","18","review-required"
"nb-NO","names","AF-ON","Aktiver autofokus","17","17","review-required"
"nb-NO","names","Far Clip Plane","Fjernt klippeplan","17","17","review-required"
"nb-NO","names","Lens Size","Objektivstørrelse","17","18","review-required"
"nb-NO","names","X","Vannrett posisjon","17","17","review-required"
"nb-NO","names","Y","Loddrett posisjon","17","17","review-required"
"nb-NO","names","2.35:1 Anamorphic","2.35:1 Anamorfisk","17","17","review-required"
"nb-NO","names","Avatar Offset","Avatarforskyvning","17","17","review-required"
"nb-NO","names","Rotate With Avatar","Drei med avataren","17","17","dictionary-candidate"
"nb-NO","dynamic","FisheyeCenterX","Vannrett posisjon","17","17","review-required"
"nb-NO","dynamic","FisheyeCenterY","Loddrett posisjon","17","17","review-required"
"nb-NO","featureBlanks","117","Mot nært: middels","17","18","review-required"
"nb-NO","featureBlanks","129","Rett litt oppover","17","17","dictionary-candidate"
"nb-NO","featureBlanks","130","Rett litt nedover","17","17","dictionary-candidate"
"nb-NO","sensorBlanks","4","Micro Four Thirds","17","17","review-required"
"nl-NL","names","Stabilize","Beeldstabilisatie","17","17","canon-exact"
"nl-NL","names","Look At Feet","Op voeten richten","17","17","dictionary-candidate"
"nl-NL","names","Increase","Diafragma sluiten","17","17","canon-adapted"
"nl-NL","names","V. Horizon","Digitale waterpas","17","17","canon-adapted"
"nl-NL","names","Y","Verticale positie","17","17","dictionary-candidate"
"nl-NL","names","Focus Distance","Scherpstelafstand","17","17","review-required"
"nl-NL","names","Show Pins","Markeringen tonen","17","17","dictionary-candidate"
"nl-NL","names","Fitted","Aangepaste kromme","17","17","review-required"
"nl-NL","dynamic","FisheyeCenterY","Verticale positie","17","17","dictionary-candidate"
"nl-NL","sensorBlanks","4","Micro Four Thirds","17","17","review-required"
"nn-NO","names","Stabilize","Biletstabilisator","17","17","review-required"
"nn-NO","names","Look At Face","Rett mot andletet","17","17","review-required"
"nn-NO","names","Track Self...","Følg deg sjølv...","17","19","review-required"
"nn-NO","names","Avatar-Drop","Fest til avataren","17","17","review-required"
"nn-NO","names","V. Horizon","Elektronisk vater","17","17","review-required"
"nn-NO","names","Track Pivot","Følg dreiepunktet","17","18","review-required"
"nn-NO","names","AF-ON","Aktiver autofokus","17","17","review-required"
"nn-NO","names","Far Clip Plane","Fjernt klippeplan","17","17","review-required"
"nn-NO","names","Fisheye Lens","Fiskeaugeobjektiv","17","17","review-required"
"nn-NO","names","Reverse Fisheye","Omvendt fiskeauge","17","17","review-required"
"nn-NO","names","X","Vassrett posisjon","17","17","review-required"
"nn-NO","names","Y","Loddrett posisjon","17","17","review-required"
"nn-NO","names","2.35:1 Anamorphic","2.35:1 Anamorfisk","17","17","review-required"
"nn-NO","names","Rotate With Avatar","Drei med avataren","17","17","dictionary-candidate"
"nn-NO","names","Drop (Reset to Hand)","Tilbake til handa","17","17","review-required"
"nn-NO","names","Reset to Hand","Tilbake til handa","17","17","review-required"
"nn-NO","dynamic","FisheyeCenterX","Vassrett posisjon","17","17","review-required"
"nn-NO","dynamic","FisheyeCenterY","Loddrett posisjon","17","17","review-required"
"nn-NO","featureBlanks","117","Mot nært: middels","17","18","review-required"
"nn-NO","featureBlanks","129","Rett litt oppover","17","17","review-required"
"nn-NO","featureBlanks","130","Rett litt nedover","17","17","review-required"
"nn-NO","sensorBlanks","4","Micro Four Thirds","17","17","review-required"
"pl-PL","names","Av Dial","Wartość przysłony","17","20","canon-adapted"
"pl-PL","names","Response","Czułość śledzenia","17","21","canon-exact"
"pl-PL","names","Avatar Priority","Priorytet awatara","17","17","review-required"
"pl-PL","names","Custom","Funkcje dodatkowe","17","17","review-required"
"pl-PL","names","Lens Size","Rozmiar obiektywu","17","17","review-required"
"pl-PL","names","X","Położenie poziome","17","19","review-required"
"pl-PL","names","Y","Położenie pionowe","17","19","review-required"
"pl-PL","names","16:9 Widescreen","16:9 Panoramiczny","17","17","review-required"
"pl-PL","names","Center X","Środek w poziomie","17","18","review-required"
"pl-PL","names","Player Visibility","Widoczność graczy","17","19","review-required"
"pl-PL","names","Fitted","Krzywa dopasowana","17","17","review-required"
"pl-PL","dynamic","FisheyeCenterX","Położenie poziome","17","19","review-required"
"pl-PL","dynamic","FisheyeCenterY","Położenie pionowe","17","19","review-required"
"pl-PL","sensorBlanks","4","Micro Four Thirds","17","17","review-required"
"pt-PT","names","Depth Cool","Profundidade fria","17","17","dictionary-candidate"
"pt-PT","names","Look Up","Apontar para cima","17","17","dictionary-candidate"
"pt-PT","names","Decrease","Abrir o diafragma","17","17","canon-adapted"
"pt-PT","names","Sensor Type","Tamanho do sensor","17","17","dictionary-candidate"
"pt-PT","names","Av Dial","Valor de abertura","17","17","canon-adapted"
"pt-PT","names","Vertical Lock","Bloqueio vertical","17","17","dictionary-candidate"
"pt-PT","names","Color Grading","Gradação de cores","17","19","canon-adapted"
"pt-PT","names","Start Distance","Distância inicial","17","18","dictionary-candidate"
"pt-PT","names","2.35:1 Anamorphic","2.35:1 Anamórfico","17","18","dictionary-candidate"
"pt-PT","names","Center X","Centro horizontal","17","17","dictionary-candidate"
"pt-PT","names","Zone Softness","Suavidade da zona","17","17","dictionary-candidate"
"pt-PT","names","Move","Mover manualmente","17","17","dictionary-candidate"
"pt-PT","names","Full","Todas as direções","17","19","review-required"
"pt-PT","featureBlanks","117","Para perto: médio","17","18","canon-adapted"
"ro-RO","names","Show/Hide","Afișare/Ascundere","17","18","dictionary-candidate"
"ro-RO","names","Sensor Type","Dimensiune senzor","17","17","dictionary-candidate"
"ro-RO","names","Smoothing","Netezire urmărire","17","18","dictionary-candidate"
"ro-RO","names","Vertical Lock","Blocare verticală","17","18","dictionary-candidate"
"ro-RO","names","Auto Exposure","Expunere automată","17","18","canon-adapted"
"ro-RO","names","Move Focus","Mutare focalizare","17","17","dictionary-candidate"
"ro-RO","names","Focus Guide","Ghidaj focalizare","17","17","canon-exact"
"ro-RO","names","Avatar Priority","Prioritate avatar","17","17","dictionary-candidate"
"ro-RO","names","Edge Softness","Estompare margine","17","17","dictionary-candidate"
"ro-RO","names","Y","Poziție verticală","17","19","dictionary-candidate"
"ro-RO","names","Edge Feather","Estompare margine","17","17","dictionary-candidate"
"ro-RO","names","Hide Self","Ascundere proprie","17","17","review-required"
"ro-RO","names","Playback","Poziție de redare","17","18","dictionary-candidate"
"ro-RO","names","Preset Saver","Salvare presetări","17","18","dictionary-candidate"
"ro-RO","dynamic","VignetteSoftness","Estompare margine","17","17","dictionary-candidate"
"ro-RO","dynamic","FisheyeCenterY","Poziție verticală","17","19","dictionary-candidate"
"ro-RO","featureBlanks","118","Spre aproape: mic","17","17","canon-adapted"
"ro-RO","featureBlanks","120","Spre infinit: mic","17","17","canon-adapted"
"ro-RO","sensorBlanks","4","Micro Four Thirds","17","17","review-required"
"ru-RU","names","Look At Face","Направить на лицо","17","32","dictionary-candidate"
"ru-RU","names","Picture Style","Стиль изображения","17","33","canon-adapted"
"ru-RU","names","Movie Mode","Режим видеосъёмки","17","33","dictionary-candidate"
"ru-RU","names","Mount Swap","Сменить крепление","17","33","dictionary-candidate"
"ru-RU","names","Increase","Закрыть диафрагму","17","33","canon-adapted"
"ru-RU","names","Decrease","Открыть диафрагму","17","33","canon-adapted"
"ru-RU","names","Move Focus","Переместить фокус","17","33","dictionary-candidate"
"ru-RU","names","Avatar Priority","Приоритет аватара","17","33","dictionary-candidate"
"ru-RU","names","Locked-on","Удерживать объект","17","33","canon-adapted"
"ru-RU","names","Magenta-Green","Пурпурный-Зелёный","17","33","dictionary-candidate"
"ru-RU","names","2.39:1 Cinemascope","2.39:1 Синемаскоп","17","27","review-required"
"ru-RU","names","2.35:1 Anamorphic","2.35:1 Анаморфный","17","27","review-required"
"ru-RU","names","9:16 Vertical","9:16 Вертикальный","17","29","review-required"
"ru-RU","names","Player Visibility","Видимость игроков","17","33","dictionary-candidate"
"ru-RU","sensorBlanks","0","Полный кадр 35 мм","17","29","review-required"
"sv-SE","names","Track Self...","Följ dig själv...","17","19","dictionary-candidate"
"sv-SE","names","Change Angle","Ändra orientering","17","18","dictionary-candidate"
"sv-SE","names","Smoothing","Jämna ut följning","17","19","dictionary-candidate"
"sv-SE","names","Drop Pivot","Placera vridpunkt","17","17","dictionary-candidate"
"sv-SE","names","2.35:1 Anamorphic","2.35:1 Anamorfisk","17","17","review-required"
"sv-SE","names","Peaking","Konturframhävning","17","18","canon-adapted"
"sv-SE","names","Rotate With Avatar","Rotera med avatar","17","17","dictionary-candidate"
"sv-SE","names","Reverse","Fram och tillbaka","17","17","dictionary-candidate"
"sv-SE","sensorBlanks","4","Micro Four Thirds","17","17","review-required"
"th-TH","names","Blue Back","พื้นหลังสีน้ำเงิน","17","51","review-required"
"th-TH","names","Square","สี่เหลี่ยมจัตุรัส","17","51","dictionary-candidate"
"th-TH","names","Manual Focus","การโฟกัสด้วยตนเอง","17","51","canon-exact"
"th-TH","names","Movie Mode","โหมดภาพเคลื่อนไหว","17","51","review-required"
"th-TH","names","Focus Peaking","การเน้นสีจุดโฟกัส","17","51","canon-exact"
"th-TH","names","Operation","การโฟกัสอัตโนมัติ","17","51","canon-exact"
"th-TH","names","Response","ความไวในการติดตาม","17","51","canon-adapted"
"th-TH","names","Custom","ฟังก์ชันเพิ่มเติม","17","51","review-required"
"th-TH","names","Transverse CA","ความคลาดสีตามขวาง","17","51","review-required"
"th-TH","names","Edge Softness","ความนุ่มนวลของขอบ","17","51","review-required"
"th-TH","names","2.39:1 Cinemascope","2.39:1 ซีเนมาสโคป","17","37","review-required"
"th-TH","names","Player Visibility","การมองเห็นผู้เล่น","17","51","review-required"
"th-TH","names","Move Drone Vertical","ย้ายโดรนในแนวตั้ง","17","51","review-required"
"th-TH","names","Hand Rotate (Pins)","หมุนจุดปักด้วยมือ","17","51","review-required"
"th-TH","dynamic","VignetteSoftness","ความนุ่มนวลของขอบ","17","51","review-required"
"th-TH","sensorBlanks","4","ไมโครโฟร์เธิร์ดส์","17","51","review-required"
"tr-TR","names","Portrait","Dikey yönlendirme","17","18","dictionary-candidate"
"tr-TR","names","V. Horizon","Elektronik seviye","17","17","canon-exact"
"tr-TR","names","Response","Takip hassasiyeti","17","17","canon-exact"
"tr-TR","names","2.39:1 Cinemascope","2.39:1 Sinemaskop","17","17","dictionary-candidate"
"tr-TR","names","Focus Distance","Odaklama mesafesi","17","17","review-required"
"tr-TR","names","Zone Softness","Bölge yumuşaklığı","17","22","dictionary-candidate"
"tr-TR","names","Avatar Offset","Avatar kaydırması","17","19","dictionary-candidate"
"tr-TR","names","Show Pins","İşaretleri göster","17","20","dictionary-candidate"
"tr-TR","names","Show Numbers","Numaraları göster","17","19","dictionary-candidate"
"tr-TR","names","Favorites","Sık kullanılanlar","17","19","review-required"
"tr-TR","sensorBlanks","4","Micro Four Thirds","17","17","review-required"
"uk-UA","names","Manual Focus","Ручне фокусування","17","33","canon-exact"
"uk-UA","names","Movie Mode","Режим відеозйомки","17","33","review-required"
"uk-UA","names","Mount Swap","Змінити кріплення","17","33","review-required"
"uk-UA","names","Increase","Закрити діафрагму","17","33","canon-adapted"
"uk-UA","names","Move Focus","Перемістити фокус","17","33","review-required"
"uk-UA","names","AF Lock","Зафіксувати фокус","17","33","review-required"
"uk-UA","names","Avatar Priority","Пріоритет аватара","17","33","review-required"
"uk-UA","names","Locked-on","Утримувати об'єкт","17","32","canon-adapted"
"uk-UA","names","Custom","Додаткові функції","17","33","review-required"
"uk-UA","names","Color Grading","Градація кольорів","17","33","dictionary-candidate"
"uk-UA","names","Depth Fog","Туман за глибиною","17","32","dictionary-candidate"
"uk-UA","names","2.39:1 Cinemascope","2.39:1 Сінемаскоп","17","27","review-required"
"uk-UA","names","2.35:1 Anamorphic","2.35:1 Анаморфний","17","27","review-required"
"uk-UA","names","9:16 Vertical","9:16 Вертикальний","17","29","review-required"
"uk-UA","names","Player Visibility","Видимість гравців","17","33","review-required"
"uk-UA","dynamic","WorldDrop","Закріпити у світі","17","32","review-required"
"uk-UA","sensorBlanks","0","Повний кадр 35 мм","17","29","review-required"
"uk-UA","sensorBlanks","4","Micro Four Thirds","17","17","review-required"
"bg-BG","names","Look Up","Насочване нагоре","16","31","review-required"
"bg-BG","names","Look Down","Насочване надолу","16","31","review-required"
"bg-BG","names","Manual Focus","Ръчно фокусиране","16","31","canon-exact"
"bg-BG","names","Picture Style","Стил на снимката","16","30","canon-exact"
"bg-BG","names","Hand-Rotate","Завъртане с ръка","16","30","dictionary-candidate"
"bg-BG","names","Drone Speed","Скорост на дрона","16","30","dictionary-candidate"
"bg-BG","names","White Bal.","Баланс на бялото","16","30","canon-exact"
"bg-BG","names","Smooth Rotate","Плавно завъртане","16","31","review-required"
"bg-BG","names","2.35:1 Anamorphic","2.35:1 Анаморфен","16","25","review-required"
"bg-BG","names","2.00:1 Univisium","2.00:1 Унивизиум","16","25","review-required"
"bg-BG","names","Zone Size","Размер на зоната","16","30","dictionary-candidate"
"bg-BG","names","Zone Softness","Мекота на зоната","16","30","review-required"
"bg-BG","names","Drop (Reset to Hand)","Връщане в ръката","16","30","dictionary-candidate"
"bg-BG","names","Reset to Hand","Връщане в ръката","16","30","dictionary-candidate"
"cs-CZ","names","Track Self...","Sledovat sebe...","16","16","dictionary-candidate"
"cs-CZ","names","Sensor Type","Velikost snímače","16","18","dictionary-candidate"
"cs-CZ","names","DoF Mode","Hloubka ostrosti","16","16","canon-adapted"
"cs-CZ","names","Change Angle","Změnit orientaci","16","17","dictionary-candidate"
"cs-CZ","names","Move Camera","Přesunout kameru","16","17","dictionary-candidate"
"cs-CZ","names","Avatar Priority","Priorita avataru","16","16","dictionary-candidate"
"cs-CZ","names","Magenta-Green","Purpurová-Zelená","16","18","dictionary-candidate"
"cs-CZ","names","Color Grading","Barevné tónování","16","20","review-required"
"cs-CZ","names","X","Vodorovná poloha","16","17","dictionary-candidate"
"cs-CZ","names","2.35:1 Anamorphic","2.35:1 Anamorfní","16","17","review-required"
"cs-CZ","names","2.00:1 Univisium","2.00:1 Univisium","16","16","review-required"
"cs-CZ","names","Go To Pin","Přejít ke značce","16","19","dictionary-candidate"
"cs-CZ","names","Smooth","Interpolace bodů","16","17","review-required"
"cs-CZ","names","Fitted","Proložená křivka","16","19","review-required"
"cs-CZ","dynamic","WorldDrop","Ukotvit ve světě","16","18","review-required"
"cs-CZ","dynamic","FisheyeCenterX","Vodorovná poloha","16","17","dictionary-candidate"
"cs-CZ","featureBlanks","118","Blíže: malý krok","16","19","canon-adapted"
"da-DK","names","Look At Face","Ret mod ansigtet","16","16","review-required"
"da-DK","names","Look At Feet","Ret mod fødderne","16","17","review-required"
"da-DK","names","Track Self...","Spor dig selv...","16","16","dictionary-candidate"
"da-DK","names","Custom","Ekstrafunktioner","16","16","review-required"
"da-DK","names","Anamorphic Bokeh","Anamorfisk bokeh","16","16","review-required"
"da-DK","names","Fisheye Lens","Fiskeøjeobjektiv","16","17","review-required"
"da-DK","names","Reverse Fisheye","Omvendt fiskeøje","16","17","review-required"
"da-DK","names","X","Vandret position","16","16","dictionary-candidate"
"da-DK","names","2.00:1 Univisium","2.00:1 Univisium","16","16","review-required"
"da-DK","names","Player Visibility","Spillersynlighed","16","16","review-required"
"da-DK","dynamic","WorldDrop","Fastgør i verden","16","17","review-required"
"da-DK","dynamic","FisheyeCenterX","Vandret position","16","16","dictionary-candidate"
"da-DK","sensorBlanks","0","35 mm fuldformat","16","16","review-required"
"de-DE","names","Stabilize","Bildstabilisator","16","16","canon-exact"
"de-DE","names","Quick Selfie","Schnelles Selfie","16","16","dictionary-candidate"
"de-DE","names","Increase","Blende schließen","16","17","canon-adapted"
"de-DE","names","Drop Pivot","Drehpunkt setzen","16","16","dictionary-candidate"
"de-DE","names","Vertical Lock","Vertikale Sperre","16","16","dictionary-candidate"
"de-DE","names","Avatar AF","Avatar-Autofokus","16","16","dictionary-candidate"
"de-DE","names","Avatar Priority","Avatar-Priorität","16","17","dictionary-candidate"
"de-DE","names","Custom","Zusatzfunktionen","16","16","review-required"
"de-DE","names","Anamorphic Bokeh","Anamorphes Bokeh","16","16","review-required"
"de-DE","names","Fisheye Lens","Fisheye-Objektiv","16","16","dictionary-candidate"
"de-DE","names","2.00:1 Univisium","2.00:1 Univisium","16","16","review-required"
"de-DE","names","Aspect Ratio","Seitenverhältnis","16","17","canon-exact"
"de-DE","names","Focus Distance","Fokussierabstand","16","16","review-required"
"de-DE","names","Show Numbers","Nummern anzeigen","16","16","dictionary-candidate"
"de-DE","sensorBlanks","0","35-mm-Vollformat","16","16","review-required"
"el-GR","names","Auto Focus","Αυτόματη εστίαση","16","31","canon-adapted"
"el-GR","names","EV Dial","Διόρθωση έκθεσης","16","31","canon-adapted"
"el-GR","names","White Bal.","Ισορροπία λευκού","16","31","canon-exact"
"el-GR","names","Responsive","Γρήγορη απόκριση","16","31","canon-adapted"
"el-GR","names","Smooth Rotate","Ομαλή περιστροφή","16","31","dictionary-candidate"
"el-GR","names","Anamorphic Bokeh","Αναμορφικό bokeh","16","26","review-required"
"el-GR","names","Magenta-Green","Ματζέντα-Πράσινο","16","31","dictionary-candidate"
"el-GR","names","2.00:1 Univisium","2.00:1 Univisium","16","16","review-required"
"el-GR","names","Dither","Διάχυση χρώματος","16","31","review-required"
"el-GR","names","Depth Mode","Κατάσταση βάθους","16","31","dictionary-candidate"
"el-GR","names","Center X","Οριζόντιο κέντρο","16","31","dictionary-candidate"
"el-GR","names","Show Pins","Εμφάνιση σημείων","16","31","dictionary-candidate"
"el-GR","names","Show Numbers","Εμφάνιση αριθμών","16","31","dictionary-candidate"
"es-419","names","Depth Cool","Profundidad fría","16","17","review-required"
"es-419","names","Picture Style","Estilo de imagen","16","16","canon-adapted"
"es-419","names","Track Pivot","Seguir el pivote","16","16","review-required"
"es-419","names","Vertical Lock","Bloqueo vertical","16","16","review-required"
"es-419","names","Move Focus","Mover el enfoque","16","16","review-required"
"es-419","names","Responsive","Respuesta rápida","16","17","canon-adapted"
"es-419","names","Anamorphic Bokeh","Bokeh anamórfico","16","17","review-required"
"es-419","names","2.00:1 Univisium","2.00:1 Univisium","16","16","review-required"
"es-419","names","Drop (Reset to Hand)","Volver a la mano","16","16","review-required"
"es-419","names","Reset to Hand","Volver a la mano","16","16","review-required"
"es-419","dynamic","CameraPinDrop","Colocar marcador","16","16","review-required"
"es-ES","names","Depth Cool","Profundidad fría","16","17","review-required"
"es-ES","names","Picture Style","Estilo de imagen","16","16","canon-adapted"
"es-ES","names","Track Pivot","Seguir el pivote","16","16","review-required"
"es-ES","names","Vertical Lock","Bloqueo vertical","16","16","review-required"
"es-ES","names","Move Focus","Mover el enfoque","16","16","review-required"
"es-ES","names","Responsive","Respuesta rápida","16","17","canon-adapted"
"es-ES","names","Anamorphic Bokeh","Bokeh anamórfico","16","17","review-required"
"es-ES","names","2.00:1 Univisium","2.00:1 Univisium","16","16","review-required"
"es-ES","names","Drop (Reset to Hand)","Volver a la mano","16","16","review-required"
"es-ES","names","Reset to Hand","Volver a la mano","16","16","review-required"
"es-ES","dynamic","CameraPinDrop","Colocar marcador","16","16","review-required"
"fi-FI","names","Mount Swap","Vaihda kiinnitys","16","16","dictionary-candidate"
"fi-FI","names","Response","Seurantaherkkyys","16","16","canon-exact"
"fi-FI","names","Avatar Priority","Avatarin etusija","16","16","dictionary-candidate"
"fi-FI","names","Film Grain","Filmin rakeisuus","16","16","adobe-exact"
"fi-FI","names","Lens Size","Objektiivin koko","16","16","dictionary-candidate"
"fi-FI","names","Edge Softness","Reunan pehmennys","16","16","review-required"
"fi-FI","names","2.00:1 Univisium","2.00:1 Univisium","16","16","review-required"
"fi-FI","names","9:16 Vertical","9:16 Pystysuunta","16","16","dictionary-candidate"
"fi-FI","names","Focus Zone","Tarkennusvyöhyke","16","17","review-required"
"fi-FI","names","Edge Feather","Reunan pehmennys","16","16","review-required"
"fi-FI","names","Vertical","Vain pystysuunta","16","16","dictionary-candidate"
"fi-FI","dynamic","VignetteSoftness","Reunan pehmennys","16","16","review-required"
"fr-FR","names","Depth Cute","Profondeur douce","16","16","dictionary-candidate"
"fr-FR","names","Show/Hide","Afficher/Masquer","16","16","dictionary-candidate"
"fr-FR","names","Avatar-Drop","Fixer à l'avatar","16","17","dictionary-candidate"
"fr-FR","names","Drone Speed","Vitesse du drone","16","16","dictionary-candidate"
"fr-FR","names","Smoothing","Lissage du suivi","16","16","dictionary-candidate"
"fr-FR","names","Pro Autofocus","Autofocus avancé","16","17","dictionary-candidate"
"fr-FR","names","Fisheye Lens","Objectif fisheye","16","16","dictionary-candidate"
"fr-FR","names","2.00:1 Univisium","2.00:1 Univisium","16","16","review-required"
"fr-FR","names","16:9 Widescreen","16:9 Écran large","16","17","dictionary-candidate"
"fr-FR","names","Block Size","Taille des blocs","16","16","dictionary-candidate"
"fr-FR","dynamic","CameraPinDrop","Placer un repère","16","17","dictionary-candidate"
"hu-HU","names","Look Down","Lefelé irányítás","16","20","review-required"
"hu-HU","names","Track Self","Önmagam követése","16","19","review-required"
"hu-HU","names","Mount Swap","Rögzítés cseréje","16","20","review-required"
"hu-HU","names","Move Camera","Kamera mozgatása","16","17","dictionary-candidate"
"hu-HU","names","Smoothing","Követés simítása","16","20","review-required"
"hu-HU","names","Move Focus","Fókusz mozgatása","16","18","dictionary-candidate"
"hu-HU","names","AF Lock","Fókusz rögzítése","16","20","dictionary-candidate"
"hu-HU","names","2.00:1 Univisium","2.00:1 Univisium","16","16","review-required"
"hu-HU","names","Center X","Vízszintes közép","16","19","dictionary-candidate"
"hu-HU","names","Center Y","Függőleges közép","16","20","dictionary-candidate"
"hu-HU","names","Manual Focus Assist","Kézi fókuszsegéd","16","19","review-required"
"hu-HU","names","Smooth","Pontinterpoláció","16","18","review-required"
"hu-HU","names","Fitted","Illesztett görbe","16","17","review-required"
"it-IT","names","Movie Mode","Modalità filmato","16","17","dictionary-candidate"
"it-IT","names","Avatar-Drop","Fissa all'avatar","16","16","dictionary-candidate"
"it-IT","names","Vertical Lock","Blocco verticale","16","16","dictionary-candidate"
"it-IT","names","Smooth Rotate","Rotazione fluida","16","16","dictionary-candidate"
"it-IT","names","Anamorphic Bokeh","Bokeh anamorfico","16","16","dictionary-candidate"
"it-IT","names","2.00:1 Univisium","2.00:1 Univisium","16","16","review-required"
"it-IT","names","Center Y","Centro verticale","16","16","dictionary-candidate"
"it-IT","names","Show Pins","Mostra marcatori","16","16","dictionary-candidate"
"it-IT","names","Go To Pin","Vai al marcatore","16","16","dictionary-candidate"
"it-IT","names","Hand Offset","Spostamento mano","16","16","dictionary-candidate"
"it-IT","names","Reverse","Andata e ritorno","16","16","review-required"
"nb-NO","names","Look At Feet","Rett mot føttene","16","17","dictionary-candidate"
"nb-NO","names","Track Self...","Følg deg selv...","16","17","dictionary-candidate"
"nb-NO","names","Hide Lens","Skjul objektivet","16","16","review-required"
"nb-NO","names","Anamorphic Bokeh","Anamorfisk bokeh","16","16","review-required"
"nb-NO","names","Fisheye Lens","Fiskeøyeobjektiv","16","17","review-required"
"nb-NO","names","Reverse Fisheye","Omvendt fiskeøye","16","17","review-required"
"nb-NO","names","2.00:1 Univisium","2.00:1 Univisium","16","16","review-required"
"nb-NO","names","Center X","Vannrett sentrum","16","16","dictionary-candidate"
"nb-NO","names","Center Y","Loddrett sentrum","16","16","dictionary-candidate"
"nb-NO","names","Peaking","Konturfremheving","16","16","review-required"
"nb-NO","names","Player Visibility","Spillersynlighet","16","16","review-required"
"nb-NO","sensorBlanks","0","35 mm fullformat","16","16","review-required"
"nl-NL","names","Track Self...","Jezelf volgen...","16","16","dictionary-candidate"
"nl-NL","names","Decrease","Diafragma openen","16","16","canon-adapted"
"nl-NL","names","Track Pivot","Draaipunt volgen","16","16","dictionary-candidate"
"nl-NL","names","Avatar Priority","Avatarprioriteit","16","16","review-required"
"nl-NL","names","Far Clip Plane","Verre afsnijvlak","16","16","dictionary-candidate"
"nl-NL","names","Smooth Rotate","Vloeiend draaien","16","16","dictionary-candidate"
"nl-NL","names","Temperature","Kleurtemperatuur","16","16","canon-exact"
"nl-NL","names","2.00:1 Univisium","2.00:1 Univisium","16","16","review-required"
"nl-NL","names","Posterize","Waarden beperken","16","16","review-required"
"nl-NL","names","Center Y","Verticaal midden","16","16","dictionary-candidate"
"nl-NL","names","Hide Self","Jezelf verbergen","16","16","dictionary-candidate"
"nl-NL","names","Hand Offset","Handverschuiving","16","16","review-required"
"nl-NL","names","Vertical","Alleen verticaal","16","16","dictionary-candidate"
"nl-NL","names","Smooth","Puntinterpolatie","16","16","review-required"
"nl-NL","sensorBlanks","0","35 mm full-frame","16","16","review-required"
"nn-NO","names","Anamorphic Bokeh","Anamorfisk bokeh","16","16","review-required"
"nn-NO","names","Lens Size","Objektivstorleik","16","16","review-required"
"nn-NO","names","2.00:1 Univisium","2.00:1 Univisium","16","16","review-required"
"nn-NO","names","Center X","Vassrett sentrum","16","16","review-required"
"nn-NO","names","Center Y","Loddrett sentrum","16","16","review-required"
"nn-NO","names","Peaking","Konturframheving","16","16","review-required"
"nn-NO","names","Player Visibility","Spelarsynlegheit","16","16","review-required"
"nn-NO","names","Avatar Offset","Avatarforskyving","16","16","review-required"
"nn-NO","sensorBlanks","0","35 mm fullformat","16","16","review-required"
"pl-PL","names","Look At Face","Skieruj na twarz","16","16","review-required"
"pl-PL","names","Look At Feet","Skieruj na stopy","16","16","review-required"
"pl-PL","names","Decrease","Otwórz przysłonę","16","19","canon-adapted"
"pl-PL","names","Change Angle","Zmień orientację","16","18","review-required"
"pl-PL","names","AF Lock","Zablokuj ostrość","16","18","review-required"
"pl-PL","names","Color Grading","Gradacja kolorów","16","17","adobe-exact"
"pl-PL","names","2.00:1 Univisium","2.00:1 Univisium","16","16","review-required"
"pl-PL","names","Reverse","Tam i z powrotem","16","16","review-required"
"pt-PT","names","Hide Lens","Ocultar objetiva","16","16","dictionary-candidate"
"pt-PT","names","V. Horizon","Nível eletrónico","16","18","canon-adapted"
"pt-PT","names","AF Lock","Bloquear focagem","16","16","dictionary-candidate"
"pt-PT","names","Anamorphic Bokeh","Bokeh anamórfico","16","17","dictionary-candidate"
"pt-PT","names","Film Grain","Grão de película","16","18","canon-adapted"
"pt-PT","names","Y","Posição vertical","16","18","dictionary-candidate"
"pt-PT","names","2.00:1 Univisium","2.00:1 Univisium","16","16","review-required"
"pt-PT","names","Block Size","Tamanho do bloco","16","16","dictionary-candidate"
"pt-PT","names","Zoom Blur","Desfoque de zoom","16","16","dictionary-candidate"
"pt-PT","names","Avatar Offset","Desvio do avatar","16","16","dictionary-candidate"
"pt-PT","names","Show Path","Mostrar percurso","16","16","dictionary-candidate"
"pt-PT","dynamic","CameraPinDrop","Colocar marcador","16","16","dictionary-candidate"
"pt-PT","dynamic","FisheyeCenterY","Posição vertical","16","18","dictionary-candidate"
"ro-RO","names","Look Up","Orientare în sus","16","17","dictionary-candidate"
"ro-RO","names","Look Down","Orientare în jos","16","17","dictionary-candidate"
"ro-RO","names","Track Self","Urmărire proprie","16","17","dictionary-candidate"
"ro-RO","names","Avatar-Drop","Fixare pe avatar","16","16","dictionary-candidate"
"ro-RO","names","Mount Swap","Schimbare suport","16","16","dictionary-candidate"
"ro-RO","names","V. Horizon","Nivel electronic","16","16","canon-adapted"
"ro-RO","names","Locked-on","Păstrare subiect","16","17","canon-adapted"
"ro-RO","names","2.35:1 Anamorphic","2.35:1 Anamorfic","16","16","review-required"
"ro-RO","names","2.00:1 Univisium","2.00:1 Univisium","16","16","review-required"
"ro-RO","names","Aspect Ratio","Raport de aspect","16","16","canon-adapted"
"ro-RO","names","Center X","Centru orizontal","16","16","dictionary-candidate"
"ro-RO","names","Drop (Reset to Hand)","Revenire la mână","16","18","dictionary-candidate"
"ro-RO","names","Reset to Hand","Revenire la mână","16","18","dictionary-candidate"
"ro-RO","names","Full","Toate direcțiile","16","17","review-required"
"ro-RO","dynamic","CameraPinDrop","Amplasare marcaj","16","16","dictionary-candidate"
"ru-RU","names","Depth Cool","Холодная глубина","16","31","dictionary-candidate"
"ru-RU","names","Track Self","Следить за собой","16","30","dictionary-candidate"
"ru-RU","names","DoF Mode","Глубина резкости","16","31","canon-adapted"
"ru-RU","names","Smooth Rotate","Плавное вращение","16","31","dictionary-candidate"
"ru-RU","names","Depth Fog","Туман по глубине","16","30","dictionary-candidate"
"ru-RU","names","Lens Size","Размер объектива","16","31","dictionary-candidate"
"ru-RU","names","2.00:1 Univisium","2.00:1 Унивизиум","16","25","review-required"
"ru-RU","names","4:3 Classic","4:3 Классический","16","28","review-required"
"ru-RU","names","Focus Zone","Зона фокусировки","16","31","dictionary-candidate"
"ru-RU","names","Avatar Offset","Смещение аватара","16","31","dictionary-candidate"
"ru-RU","dynamic","WorldDrop","Закрепить в мире","16","30","dictionary-candidate"
"ru-RU","dynamic","CameraPinDrop","Установить метку","16","31","dictionary-candidate"
"sv-SE","names","Stabilize","Bildstabilisator","16","16","canon-exact"
"sv-SE","names","V. Horizon","Elektronisk nivå","16","17","canon-adapted"
"sv-SE","names","Move Pivot","Flytta vridpunkt","16","16","dictionary-candidate"
"sv-SE","names","Anamorphic Bokeh","Anamorfisk bokeh","16","16","review-required"
"sv-SE","names","Fisheye Lens","Fisheye-objektiv","16","16","dictionary-candidate"
"sv-SE","names","2.00:1 Univisium","2.00:1 Univisium","16","16","review-required"
"sv-SE","names","Center X","Vågrät mittpunkt","16","18","dictionary-candidate"
"sv-SE","names","Center Y","Lodrät mittpunkt","16","17","dictionary-candidate"
"sv-SE","names","Hand Offset","Handförskjutning","16","17","review-required"
"sv-SE","featureBlanks","129","Rikta lite uppåt","16","17","dictionary-candidate"
"sv-SE","featureBlanks","130","Rikta lite nedåt","16","17","dictionary-candidate"
"sv-SE","sensorBlanks","0","35 mm fullformat","16","16","review-required"
"th-TH","names","Locked-on","คงการติดตามวัตถุ","16","48","canon-adapted"
"th-TH","names","Smooth Rotate","หมุนอย่างนุ่มนวล","16","48","review-required"
"th-TH","names","Anamorphic Bokeh","โบเก้อะนามอร์ฟิก","16","48","review-required"
"th-TH","names","Axial Focus-Aware","สัมพันธ์กับโฟกัส","16","48","review-required"
"th-TH","names","Saturation","ความอิ่มตัวของสี","16","48","canon-exact"
"th-TH","names","Edge Feather","การไล่ขอบให้นุ่ม","16","48","review-required"
"tr-TR","names","Depth Cute","Yumuşak derinlik","16","17","dictionary-candidate"
"tr-TR","names","Track Self","Kendini takip et","16","16","dictionary-candidate"
"tr-TR","names","Auto Exposure","Otomatik pozlama","16","16","canon-adapted"
"tr-TR","names","Smooth Rotate","Yumuşak döndürme","16","19","dictionary-candidate"
"tr-TR","names","Letterbox","Sinema şeritleri","16","17","dictionary-candidate"
"tr-TR","names","2.35:1 Anamorphic","2.35:1 Anamorfik","16","16","review-required"
"tr-TR","names","2.00:1 Univisium","2.00:1 Univisium","16","16","review-required"
"tr-TR","names","16:9 Widescreen","16:9 Geniş ekran","16","17","dictionary-candidate"
"tr-TR","names","Tilt-Shift","Eğme ve kaydırma","16","18","review-required"
"tr-TR","names","Move Drone Vertical","Dronu dikey taşı","16","18","dictionary-candidate"
"tr-TR","names","Dolly","Kaydırmalı çekim","16","19","dictionary-candidate"
"tr-TR","dynamic","CameraPinDrop","İşaret yerleştir","16","19","dictionary-candidate"
"tr-TR","dynamic","ZoomOutSpeed4","Geniş açı hızı 4","16","21","dictionary-candidate"
"tr-TR","featureBlanks","100","Geniş açı hızı 1","16","21","dictionary-candidate"
"tr-TR","featureBlanks","101","Geniş açı hızı 2","16","21","dictionary-candidate"
"tr-TR","featureBlanks","102","Geniş açı hızı 3","16","21","dictionary-candidate"
"uk-UA","names","Look Up","Спрямувати вгору","16","31","dictionary-candidate"
"uk-UA","names","Track Self","Стежити за собою","16","30","review-required"
"uk-UA","names","Picture Style","Стиль зображення","16","31","canon-exact"
"uk-UA","names","DoF Mode","Глибина різкості","16","31","canon-adapted"
"uk-UA","names","Smooth Rotate","Плавне обертання","16","31","review-required"
"uk-UA","names","Lens Size","Розмір об'єктива","16","30","review-required"
"uk-UA","names","2.00:1 Univisium","2.00:1 Унівізіум","16","25","review-required"
"uk-UA","names","Focus Zone","Зона фокусування","16","31","review-required"
"uk-UA","names","Drop (Reset to Hand)","Повернути в руку","16","30","review-required"
"uk-UA","names","Reset to Hand","Повернути в руку","16","30","review-required"
"uk-UA","names","Go To Pin","Перейти до мітки","16","30","review-required"
"uk-UA","names","Vertical","Лише вертикально","16","31","review-required"
"uk-UA","dynamic","CameraPinDrop","Установити мітку","16","31","review-required"
"bg-BG","names","Bokeh Shape","Форма на бокето","15","28","review-required"
"bg-BG","names","9:16 Vertical","9:16 Вертикален","15","25","review-required"
"bg-BG","names","Block Size","Размер на блока","15","28","dictionary-candidate"
"bg-BG","names","Spread","Разпространение","15","30","review-required"
"bg-BG","names","Play","Възпроизвеждане","15","30","canon-exact"
"bg-BG","names","Duration","Продължителност","15","30","dictionary-candidate"
"bg-BG","names","Vertical","Само вертикално","15","29","review-required"
"cs-CZ","names","Depth Cool","Chladná hloubka","15","16","dictionary-candidate"
"cs-CZ","names","Mount Swap","Změnit uchycení","15","17","dictionary-candidate"
"cs-CZ","names","Locked-on","Udržovat objekt","15","16","canon-adapted"
"cs-CZ","names","Smooth Rotate","Plynulé otáčení","15","19","dictionary-candidate"
"cs-CZ","names","Anamorphic Bokeh","Anamorfní bokeh","15","16","dictionary-candidate"
"cs-CZ","names","Edge Softness","Prolnutí okraje","15","16","review-required"
"cs-CZ","names","16:9 Widescreen","16:9 Širokoúhlý","15","18","review-required"
"cs-CZ","names","Center X","Vodorovný střed","15","17","dictionary-candidate"
"cs-CZ","names","Edge Feather","Prolnutí okraje","15","16","review-required"
"cs-CZ","names","Peaking","Zvýraznění hran","15","18","canon-adapted"
"cs-CZ","names","Show Pins","Zobrazit značky","15","16","dictionary-candidate"
"cs-CZ","names","Move","Přesunout ručně","15","18","dictionary-candidate"
"cs-CZ","dynamic","VignetteSoftness","Prolnutí okraje","15","16","review-required"
"da-DK","names","Sensor Type","Sensorstørrelse","15","16","review-required"
"da-DK","names","Hand-Rotate","Drej med hånden","15","16","review-required"
"da-DK","names","Move Pivot","Flyt drejepunkt","15","15","review-required"
"da-DK","names","Track Pivot","Spor drejepunkt","15","15","review-required"
"da-DK","names","Avatar Priority","Avatarprioritet","15","15","review-required"
"da-DK","names","Responsive","Hurtig reaktion","15","15","canon-adapted"
"da-DK","names","Color Grading","Farvegraduering","15","15","review-required"
"da-DK","names","Temperature","Farvetemperatur","15","15","canon-exact"
"da-DK","names","Y","Lodret position","15","15","dictionary-candidate"
"da-DK","names","16:9 Widescreen","16:9 Bredformat","15","15","review-required"
"da-DK","names","Rotate With Avatar","Drej med avatar","15","15","review-required"
"da-DK","names","Hand Offset","Håndforskydning","15","16","review-required"
"da-DK","names","Reverse","Frem og tilbage","15","15","dictionary-candidate"
"da-DK","names","Fitted","Tilpasset kurve","15","15","review-required"
"da-DK","dynamic","FisheyeCenterY","Lodret position","15","15","dictionary-candidate"
"da-DK","dynamic","ZoomInSpeed4","Telehastighed 4","15","15","review-required"
"da-DK","featureBlanks","104","Telehastighed 1","15","15","review-required"
"da-DK","featureBlanks","105","Telehastighed 2","15","15","review-required"
"da-DK","featureBlanks","106","Telehastighed 3","15","15","review-required"
"da-DK","featureBlanks","117","Mod nær: mellem","15","16","canon-adapted"
"de-DE","names","Manual Focus","Manueller Fokus","15","15","canon-exact"
"de-DE","names","Move HUD","HUD verschieben","15","15","dictionary-candidate"
"de-DE","names","Hand-Rotate","Von Hand drehen","15","15","dictionary-candidate"
"de-DE","names","AF Lock","Fokus speichern","15","15","dictionary-candidate"
"de-DE","names","Speed","Geschwindigkeit","15","15","dictionary-candidate"
"de-DE","names","2.35:1 Anamorphic","2.35:1 Anamorph","15","15","review-required"
"de-DE","names","Center Y","Vertikale Mitte","15","15","dictionary-candidate"
"de-DE","names","Move","Manuell bewegen","15","15","dictionary-candidate"
"de-DE","names","Full","Alle Richtungen","15","15","dictionary-candidate"
"de-DE","names","Fitted","Ausgleichskurve","15","15","review-required"
"el-GR","names","Auto Exposure","Αυτόματη έκθεση","15","29","canon-adapted"
"el-GR","names","Focus Guide","Οδηγός εστίασης","15","29","canon-exact"
"el-GR","names","Start Distance","Αρχική απόσταση","15","29","dictionary-candidate"
"el-GR","names","Edge Softness","Απαλότητα άκρων","15","29","review-required"
"el-GR","names","Y","Κατακόρυφη θέση","15","29","dictionary-candidate"
"el-GR","names","9:16 Vertical","9:16 Κατακόρυφο","15","25","review-required"
"el-GR","names","Zone Softness","Απαλότητα ζώνης","15","29","review-required"
"el-GR","names","Edge Feather","Απαλότητα άκρων","15","29","review-required"
"el-GR","names","Hide Self","Απόκρυψη εαυτού","15","29","dictionary-candidate"
"el-GR","names","Vertical","Μόνο κατακόρυφα","15","29","review-required"
"el-GR","dynamic","VignetteSoftness","Απαλότητα άκρων","15","29","review-required"
"el-GR","dynamic","FisheyeCenterY","Κατακόρυφη θέση","15","29","dictionary-candidate"
"es-419","names","Show/Hide","Mostrar/Ocultar","15","15","review-required"
"es-419","names","Avatar-Drop","Fijar al avatar","15","15","review-required"
"es-419","names","Bokeh Shape","Forma del bokeh","15","15","review-required"
"es-419","names","Move Camera","Mover la cámara","15","16","review-required"
"es-419","names","Move Pivot","Mover el pivote","15","15","review-required"
"es-419","names","Focus Guide","Guía de enfoque","15","16","canon-exact"
"es-419","names","16:9 Widescreen","16:9 Panorámico","15","16","review-required"
"es-419","names","Center Y","Centro vertical","15","15","review-required"
"es-419","names","Focus Zone","Zona de enfoque","15","15","review-required"
"es-419","names","Teleport","Teletransportar","15","15","review-required"
"es-419","names","Show Numbers","Mostrar números","15","16","review-required"
"es-ES","names","Show/Hide","Mostrar/Ocultar","15","15","review-required"
"es-ES","names","Avatar-Drop","Fijar al avatar","15","15","review-required"
"es-ES","names","Bokeh Shape","Forma del bokeh","15","15","review-required"
"es-ES","names","Move Camera","Mover la cámara","15","16","review-required"
"es-ES","names","Move Pivot","Mover el pivote","15","15","review-required"
"es-ES","names","Focus Guide","Guía de enfoque","15","16","canon-exact"
"es-ES","names","16:9 Widescreen","16:9 Panorámico","15","16","review-required"
"es-ES","names","Center Y","Centro vertical","15","15","review-required"
"es-ES","names","Focus Zone","Zona de enfoque","15","15","review-required"
"es-ES","names","Teleport","Teletransportar","15","15","review-required"
"es-ES","names","Show Numbers","Mostrar números","15","16","review-required"
"fi-FI","names","Octagon","Kahdeksankulmio","15","15","dictionary-candidate"
"fi-FI","names","Increase","Pienennä aukkoa","15","16","canon-adapted"
"fi-FI","names","Decrease","Suurenna aukkoa","15","15","canon-adapted"
"fi-FI","names","Drive Speed","Tarkennusnopeus","15","15","canon-adapted"
"fi-FI","names","Responsive","Nopea reagointi","15","15","canon-adapted"
"fi-FI","names","Zoom Blur","Zoomaussumennus","15","15","review-required"
"fi-FI","names","Zone Size","Vyöhykkeen koko","15","16","dictionary-candidate"
"fi-FI","names","Go To Pin","Siirry merkkiin","15","15","review-required"
"fi-FI","names","Fitted","Sovitettu käyrä","15","17","review-required"
"fr-FR","names","Look At Face","Viser le visage","15","15","dictionary-candidate"
"fr-FR","names","Look At Feet","Viser les pieds","15","15","dictionary-candidate"
"fr-FR","names","Move HUD","Déplacer le HUD","15","16","dictionary-candidate"
"fr-FR","names","Track Pivot","Suivre le pivot","15","15","dictionary-candidate"
"fr-FR","names","Drop Pivot","Placer le pivot","15","15","dictionary-candidate"
"fr-FR","names","Smooth Rotate","Rotation fluide","15","15","dictionary-candidate"
"fr-FR","names","Highlights","Hautes lumières","15","16","dictionary-candidate"
"fr-FR","names","Reverse Fisheye","Fisheye inversé","15","16","dictionary-candidate"
"fr-FR","names","Depth Mode","Mode profondeur","15","15","dictionary-candidate"
"fr-FR","names","Center Y","Centre vertical","15","15","dictionary-candidate"
"fr-FR","names","Go To Pin","Aller au repère","15","16","dictionary-candidate"
"hu-HU","names","Stabilize","Képstabilizátor","15","17","canon-exact"
"hu-HU","names","Look At Face","Arcra irányítás","15","18","review-required"
"hu-HU","names","Sensor Type","Érzékelő mérete","15","19","dictionary-candidate"
"hu-HU","names","Hand-Rotate","Forgatás kézzel","15","17","review-required"
"hu-HU","names","Locked-on","Téma megtartása","15","17","canon-adapted"
"hu-HU","names","Temperature","Színhőmérséklet","15","19","canon-exact"
"hu-HU","names","Fisheye Lens","Halszemobjektív","15","16","review-required"
"hu-HU","names","Lens Size","Objektív mérete","15","17","dictionary-candidate"
"hu-HU","names","9:16 Vertical","9:16 Függőleges","15","17","dictionary-candidate"
"hu-HU","names","Avatar Offset","Avatar eltolása","15","16","review-required"
"hu-HU","names","Drop (Reset to Hand)","Vissza a kézhez","15","16","dictionary-candidate"
"hu-HU","names","Reset to Hand","Vissza a kézhez","15","16","dictionary-candidate"
"hu-HU","names","Vertical","Csak függőleges","15","17","dictionary-candidate"
"it-IT","names","Display","Visualizzazione","15","15","canon-exact"
"it-IT","names","Show/Hide","Mostra/Nascondi","15","15","dictionary-candidate"
"it-IT","names","Track Self","Segui te stesso","15","15","dictionary-candidate"
"it-IT","names","Mount Swap","Cambia supporto","15","15","dictionary-candidate"
"it-IT","names","Bokeh Shape","Forma del bokeh","15","15","dictionary-candidate"
"it-IT","names","Drop Pivot","Posiziona perno","15","15","dictionary-candidate"
"it-IT","names","Avatar Priority","Priorità avatar","15","16","dictionary-candidate"
"it-IT","names","Film Grain","Grana pellicola","15","15","adobe-exact"
"it-IT","names","Edge Softness","Sfumatura bordo","15","15","dictionary-candidate"
"it-IT","names","Reverse Fisheye","Fisheye inverso","15","15","dictionary-candidate"
"it-IT","names","16:9 Widescreen","16:9 Panoramico","15","15","dictionary-candidate"
"it-IT","names","Zone Size","Dimensioni zona","15","15","dictionary-candidate"
"it-IT","names","Zone Softness","Morbidezza zona","15","15","dictionary-candidate"
"it-IT","names","Edge Feather","Sfumatura bordo","15","15","dictionary-candidate"
"it-IT","names","Drop (Reset to Hand)","Torna alla mano","15","15","dictionary-candidate"
"it-IT","names","Reset to Hand","Torna alla mano","15","15","dictionary-candidate"
"it-IT","names","Show Path","Mostra percorso","15","15","dictionary-candidate"
"it-IT","dynamic","VignetteSoftness","Sfumatura bordo","15","15","dictionary-candidate"
"nb-NO","names","Portrait","Stående retning","15","16","dictionary-candidate"
"nb-NO","names","Sensor Type","Sensorstørrelse","15","16","review-required"
"nb-NO","names","Hand-Rotate","Drei med hånden","15","16","dictionary-candidate"
"nb-NO","names","Smoothing","Jevn ut sporing","15","15","dictionary-candidate"
"nb-NO","names","Focus Guide","Fokusveiledning","15","15","review-required"
"nb-NO","names","Avatar Priority","Avatarprioritet","15","15","review-required"
"nb-NO","names","Temperature","Fargetemperatur","15","15","review-required"
"nb-NO","names","16:9 Widescreen","16:9 Bredformat","15","15","review-required"
"nb-NO","names","Hand Offset","Håndforskyvning","15","16","review-required"
"nb-NO","names","Reverse","Frem og tilbake","15","15","dictionary-candidate"
"nb-NO","names","Fitted","Tilpasset kurve","15","15","review-required"
"nb-NO","dynamic","ZoomInSpeed4","Telehastighet 4","15","15","review-required"
"nb-NO","featureBlanks","104","Telehastighet 1","15","15","review-required"
"nb-NO","featureBlanks","105","Telehastighet 2","15","15","review-required"
"nb-NO","featureBlanks","106","Telehastighet 3","15","15","review-required"
"nl-NL","names","Show/Hide","Tonen/Verbergen","15","15","dictionary-candidate"
"nl-NL","names","Av Dial","Diafragmawaarde","15","15","canon-adapted"
"nl-NL","names","Move HUD","HUD verplaatsen","15","15","dictionary-candidate"
"nl-NL","names","Smoothing","Vloeiend volgen","15","15","dictionary-candidate"
"nl-NL","names","1.85:1 Theatrical","1.85:1 Bioscoop","15","15","dictionary-candidate"
"nl-NL","names","16:9 Widescreen","16:9 Breedbeeld","15","15","dictionary-candidate"
"nl-NL","names","Aspect Ratio","Beeldverhouding","15","15","canon-adapted"
"nl-NL","names","Drop (Reset to Hand)","Terug naar hand","15","15","dictionary-candidate"
"nl-NL","names","Reset to Hand","Terug naar hand","15","15","dictionary-candidate"
"nl-NL","names","Full","Alle richtingen","15","15","review-required"
"nn-NO","names","Portrait","Ståande retning","15","16","dictionary-candidate"
"nn-NO","names","Look At Feet","Rett mot føtene","15","16","review-required"
"nn-NO","names","Hide Lens","Gøym objektivet","15","16","dictionary-composition"
"nn-NO","names","DoF Mode","Djupneskarpleik","15","15","education-composition"
"nn-NO","names","Smoothing","Jamn ut sporing","15","15","review-required"
"nn-NO","names","Response","Sporingsfølsemd","15","16","review-required"
"nn-NO","names","Focus Guide","Fokusrettleiing","15","15","review-required"
"nn-NO","names","Avatar Priority","Avatarprioritet","15","15","review-required"
"nn-NO","names","Locked-on","Hald på motivet","15","16","review-required"
"nn-NO","names","Temperature","Fargetemperatur","15","15","review-required"
"nn-NO","names","16:9 Widescreen","16:9 Breiformat","15","15","review-required"
"nn-NO","names","Reverse","Fram og tilbake","15","15","review-required"
"nn-NO","dynamic","ZoomOutSpeed4","Vidvinkelfart 4","15","15","review-required"
"nn-NO","featureBlanks","100","Vidvinkelfart 1","15","15","review-required"
"nn-NO","featureBlanks","101","Vidvinkelfart 2","15","15","review-required"
"nn-NO","featureBlanks","102","Vidvinkelfart 3","15","15","review-required"
"pl-PL","names","Track Self...","Śledź siebie...","15","17","review-required"
"pl-PL","names","Movie Mode","Tryb filmowania","15","15","review-required"
"pl-PL","names","Mount Swap","Zmień mocowanie","15","16","review-required"
"pl-PL","names","Sensor Type","Rozmiar matrycy","15","15","review-required"
"pl-PL","names","DoF Mode","Głębia ostrości","15","18","canon-adapted"
"pl-PL","names","Vertical Lock","Blokada pionowa","15","15","review-required"
"pl-PL","names","Move Focus","Przesuń ostrość","15","18","review-required"
"pl-PL","names","AF-ON","Włącz autofokus","15","17","review-required"
"pl-PL","names","Locked-on","Utrzymuj obiekt","15","15","canon-adapted"
"pl-PL","names","Magenta-Green","Magenta-Zielony","15","15","review-required"
"pl-PL","names","Zoom Blur","Rozmycie zoomem","15","15","review-required"
"pl-PL","names","Center Y","Środek w pionie","15","16","review-required"
"pl-PL","names","Focus Zone","Strefa ostrości","15","16","review-required"
"pl-PL","names","Zone Softness","Miękkość strefy","15","18","review-required"
"pl-PL","names","Show Pins","Pokaż znaczniki","15","16","review-required"
"pl-PL","names","Move","Przesuń ręcznie","15","17","review-required"
"pl-PL","dynamic","CameraPinDrop","Umieść znacznik","15","17","review-required"
"pt-PT","names","Show/Hide","Mostrar/Ocultar","15","15","dictionary-candidate"
"pt-PT","names","Avatar-Drop","Fixar ao avatar","15","15","dictionary-candidate"
"pt-PT","names","Hand-Rotate","Rodar com a mão","15","16","dictionary-candidate"
"pt-PT","names","Focus Guide","Guia de Focagem","15","15","canon-exact"
"pt-PT","names","Responsive","Resposta rápida","15","16","canon-adapted"
"pt-PT","names","16:9 Widescreen","16:9 Panorâmico","15","16","dictionary-candidate"
"pt-PT","names","Aspect Ratio","Rácio de aspeto","15","16","canon-adapted"
"pt-PT","names","Center Y","Centro vertical","15","15","dictionary-candidate"
"pt-PT","names","Focus Zone","Zona de focagem","15","15","dictionary-candidate"
"pt-PT","names","Zone Size","Tamanho da zona","15","15","dictionary-candidate"
"pt-PT","names","Teleport","Teletransportar","15","15","review-required"
"pt-PT","names","Show Numbers","Mostrar números","15","16","dictionary-candidate"
"pt-PT","names","Vertical","Apenas vertical","15","15","dictionary-candidate"
"ro-RO","names","Depth Cool","Profunzime rece","15","15","dictionary-candidate"
"ro-RO","names","Blue Back","Fundal albastru","15","15","dictionary-candidate"
"ro-RO","names","Bokeh Shape","Forma bokehului","15","15","dictionary-candidate"
"ro-RO","names","Drop Pivot","Amplasare pivot","15","15","dictionary-candidate"
"ro-RO","names","Anamorphic Bokeh","Bokeh anamorfic","15","15","review-required"
"ro-RO","names","Block Size","Dimensiune bloc","15","15","dictionary-candidate"
"ro-RO","names","Center Y","Centru vertical","15","15","dictionary-candidate"
"ro-RO","names","Zone Size","Dimensiune zonă","15","16","dictionary-candidate"
"ro-RO","names","Show Pins","Afișare marcaje","15","16","dictionary-candidate"
"ru-RU","names","Show/Hide","Показать/Скрыть","15","29","dictionary-candidate"
"ru-RU","names","Look Up","Направить вверх","15","29","dictionary-candidate"
"ru-RU","names","Auto Focus","Автофокусировка","15","30","canon-adapted"
"ru-RU","names","Hide Lens","Скрыть объектив","15","29","dictionary-candidate"
"ru-RU","names","Move HUD","Переместить HUD","15","26","dictionary-candidate"
"ru-RU","names","Responsive","Быстрая реакция","15","29","canon-adapted"
"ru-RU","names","Anamorphic Bokeh","Анаморфное боке","15","29","dictionary-candidate"
"ru-RU","names","Highlights","Светлые области","15","29","adobe-exact"
"ru-RU","names","Edge Softness","Растушёвка края","15","29","dictionary-candidate"
"ru-RU","names","Edge Feather","Растушёвка края","15","29","dictionary-candidate"
"ru-RU","names","Show Numbers","Показать номера","15","29","dictionary-candidate"
"ru-RU","names","Go To Pin","Перейти к метке","15","28","dictionary-candidate"
"ru-RU","names","Full","Все направления","15","29","review-required"
"ru-RU","dynamic","VignetteSoftness","Растушёвка края","15","29","dictionary-candidate"
"sv-SE","names","Avatar-Drop","Fäst vid avatar","15","16","dictionary-candidate"
"sv-SE","names","Increase","Stäng bländaren","15","17","canon-adapted"
"sv-SE","names","Decrease","Öppna bländaren","15","17","canon-adapted"
"sv-SE","names","Hand-Rotate","Rotera för hand","15","16","dictionary-candidate"
"sv-SE","names","Drone Speed","Drönarhastighet","15","16","review-required"
"sv-SE","names","Avatar Priority","Avatarprioritet","15","15","review-required"
"sv-SE","names","Custom","Extrafunktioner","15","15","review-required"
"sv-SE","names","Lens Size","Objektivstorlek","15","15","review-required"
"sv-SE","names","X","Vågrät position","15","17","dictionary-candidate"
"sv-SE","names","Y","Lodrät position","15","16","dictionary-candidate"
"sv-SE","names","Player Visibility","Spelarsynlighet","15","15","review-required"
"sv-SE","names","Move","Flytta manuellt","15","15","dictionary-candidate"
"sv-SE","names","Full","Alla riktningar","15","15","dictionary-candidate"
"sv-SE","dynamic","FisheyeCenterX","Vågrät position","15","17","dictionary-candidate"
"sv-SE","dynamic","FisheyeCenterY","Lodrät position","15","16","dictionary-candidate"
"sv-SE","dynamic","ZoomInSpeed4","Telehastighet 4","15","15","review-required"
"sv-SE","featureBlanks","104","Telehastighet 1","15","15","review-required"
"sv-SE","featureBlanks","105","Telehastighet 2","15","15","review-required"
"sv-SE","featureBlanks","106","Telehastighet 3","15","15","review-required"
"sv-SE","featureBlanks","117","Mot nära: medel","15","16","canon-adapted"
"th-TH","names","Green Back","พื้นหลังสีเขียว","15","45","review-required"
"th-TH","names","Track Self...","ติดตามตัวเอง...","15","39","review-required"
"th-TH","names","Auto Exposure","ค่าแสงอัตโนมัติ","15","45","canon-adapted"
"th-TH","names","Pixelation","ทำภาพเป็นพิกเซล","15","45","review-required"
"th-TH","names","Center Y","กึ่งกลางแนวตั้ง","15","45","review-required"
"th-TH","names","Hide Remote Players","ซ่อนผู้เล่นอื่น","15","45","review-required"
"th-TH","names","Avatar Offset","ระยะเยื้องอวตาร","15","45","review-required"
"th-TH","names","Vertical","แนวตั้งเท่านั้น","15","45","review-required"
"th-TH","names","Load Defaults","โหลดค่าเริ่มต้น","15","45","review-required"
"th-TH","featureBlanks","129","หันขึ้นเล็กน้อย","15","45","review-required"
"tr-TR","names","Green Back","Yeşil arka plan","15","16","dictionary-candidate"
"tr-TR","names","Look At Feet","Ayaklara yönelt","15","16","dictionary-candidate"
"tr-TR","names","Avatar-Drop","Avatara sabitle","15","15","review-required"
"tr-TR","names","Increase","Diyaframı kapat","15","16","canon-adapted"
"tr-TR","names","Av Dial","Diyafram değeri","15","16","canon-exact"
"tr-TR","names","Avatar Priority","Avatar önceliği","15","17","dictionary-candidate"
"tr-TR","names","Anamorphic Bokeh","Anamorfik bokeh","15","15","review-required"
"tr-TR","names","Edge Softness","Kenar yumuşatma","15","16","adobe-exact"
"tr-TR","names","Blur","Bulanıklaştırma","15","18","adobe-exact"
"tr-TR","names","Zoom Blur","Zum bulanıklığı","15","19","review-required"
"tr-TR","names","Edge Feather","Kenar yumuşatma","15","16","adobe-exact"
"tr-TR","names","Rotate With Avatar","Avatarla döndür","15","17","dictionary-candidate"
"tr-TR","names","Fitted","Uyarlanmış eğri","15","18","review-required"
"tr-TR","dynamic","WorldDrop","Dünyaya sabitle","15","16","review-required"
"tr-TR","dynamic","VignetteSoftness","Kenar yumuşatma","15","16","dictionary-candidate"
"tr-TR","dynamic","ZoomInSpeed4","Telefoto hızı 4","15","17","review-required"
"tr-TR","featureBlanks","104","Telefoto hızı 1","15","17","review-required"
"tr-TR","featureBlanks","105","Telefoto hızı 2","15","17","review-required"
"tr-TR","featureBlanks","106","Telefoto hızı 3","15","17","review-required"
"uk-UA","names","Depth Cool","Холодна глибина","15","29","review-required"
"uk-UA","names","Look Down","Спрямувати вниз","15","29","review-required"
"uk-UA","names","Auto Focus","Автофокусування","15","30","canon-adapted"
"uk-UA","names","Move HUD","Перемістити HUD","15","26","review-required"
"uk-UA","names","Drone Speed","Швидкість дрона","15","29","review-required"
"uk-UA","names","Operation","Режим роботи АФ","15","28","canon-exact"
"uk-UA","names","Show Numbers","Показати номери","15","29","review-required"
"bg-BG","names","Depth Cute","Мека дълбочина","14","27","review-required"
"bg-BG","names","Movie Mode","Режим за видео","14","26","dictionary-candidate"
"bg-BG","names","Anamorphic Bokeh","Анаморфно боке","14","27","review-required"
"bg-BG","names","Magenta-Green","Магента-Зелено","14","27","dictionary-candidate"
"bg-BG","names","4:3 Classic","4:3 Класически","14","24","review-required"
"bg-BG","names","Reverse","Напред и назад","14","26","dictionary-candidate"
"cs-CZ","names","Show/Hide","Zobrazit/Skrýt","14","15","dictionary-candidate"
"cs-CZ","names","Look Up","Namířit nahoru","14","16","dictionary-candidate"
"cs-CZ","names","Hide Lens","Skrýt objektiv","14","15","dictionary-candidate"
"cs-CZ","names","Drone Speed","Rychlost dronu","14","14","dictionary-candidate"
"cs-CZ","names","Depth Fog","Hloubková mlha","14","15","dictionary-candidate"
"cs-CZ","names","Block Size","Velikost bloku","14","14","dictionary-candidate"
"cs-CZ","names","Focus Zone","Zóna zaostření","14","17","dictionary-candidate"
"cs-CZ","names","Drop (Reset to Hand)","Vrátit do ruky","14","15","dictionary-candidate"
"cs-CZ","names","Dolly","Kamerová jízda","14","16","dictionary-candidate"
"cs-CZ","names","Reset to Hand","Vrátit do ruky","14","15","dictionary-candidate"
"cs-CZ","names","Show Path","Zobrazit dráhu","14","15","review-required"
"cs-CZ","names","Show Numbers","Zobrazit čísla","14","16","review-required"
"cs-CZ","dynamic","CameraPinDrop","Umístit značku","14","16","dictionary-candidate"
"da-DK","names","Portrait","Lodret retning","14","14","dictionary-candidate"
"da-DK","names","Hide Lens","Skjul objektiv","14","14","review-required"
"da-DK","names","Drone Speed","Dronehastighed","14","14","review-required"
"da-DK","names","Smoothing","Udjævn sporing","14","15","review-required"
"da-DK","names","Locked-on","Fasthold motiv","14","14","canon-adapted"
"da-DK","names","Letterbox","Biografbjælker","14","15","review-required"
"da-DK","names","1.85:1 Theatrical","1.85:1 Biograf","14","14","dictionary-candidate"
"da-DK","names","Posterize","Farvereduktion","14","14","review-required"
"da-DK","names","Hide Self","Skjul dig selv","14","14","dictionary-candidate"
"da-DK","names","Full","Alle retninger","14","14","dictionary-candidate"
"da-DK","featureBlanks","118","Mod nær: lille","14","15","canon-adapted"
"da-DK","featureBlanks","130","Ret lidt nedad","14","14","dictionary-candidate"
"de-DE","names","Tracking","Nachverfolgung","14","14","canon-exact"
"de-DE","names","Move Camera","Kamera bewegen","14","14","dictionary-candidate"
"de-DE","names","Smooth Rotate","Sanfte Drehung","14","14","dictionary-candidate"
"de-DE","names","Temperature","Farbtemperatur","14","14","canon-exact"
"de-DE","names","16:9 Widescreen","16:9 Breitbild","14","14","review-required"
"de-DE","names","4:5 Portrait","4:5 Hochformat","14","14","review-required"
"de-DE","names","Blur","Weichzeichnung","14","14","adobe-exact"
"de-DE","names","Zone Softness","Zonenweichheit","14","14","review-required"
"de-DE","names","Avatar Offset","Avatar-Versatz","14","14","dictionary-candidate"
"de-DE","names","Reverse","Hin und zurück","14","15","review-required"
"de-DE","dynamic","CameraPin","Markierung {0}","14","14","dictionary-candidate"
"el-GR","names","Quick Selfie","Γρήγορη selfie","14","21","review-required"
"el-GR","names","Hide Lens","Απόκρυψη φακού","14","27","dictionary-candidate"
"el-GR","names","Move HUD","Μετακίνηση HUD","14","24","review-required"
"el-GR","names","Drone Speed","Ταχύτητα drone","14","22","dictionary-candidate"
"el-GR","names","Highlights","Φωτεινά σημεία","14","27","dictionary-candidate"
"el-GR","names","X","Οριζόντια θέση","14","27","dictionary-candidate"
"el-GR","names","Reverse","Μπρος και πίσω","14","26","dictionary-candidate"
"el-GR","dynamic","FisheyeCenterX","Οριζόντια θέση","14","27","dictionary-candidate"
"es-419","names","Manual Focus","Enfoque manual","14","14","canon-exact"
"es-419","names","One-Shot AF","AF foto a foto","14","14","canon-exact"
"es-419","names","Go To Pin","Ir al marcador","14","14","review-required"
"es-419","names","Fitted","Curva ajustada","14","14","review-required"
"es-419","dynamic","WorldDrop","Fijar al mundo","14","14","review-required"
"es-ES","names","Manual Focus","Enfoque manual","14","14","canon-exact"
"es-ES","names","One-Shot AF","AF foto a foto","14","14","canon-exact"
"es-ES","names","Go To Pin","Ir al marcador","14","14","review-required"
"es-ES","names","Fitted","Curva ajustada","14","14","review-required"
"es-ES","dynamic","WorldDrop","Fijar al mundo","14","14","review-required"
"fi-FI","names","Blue Back","Sininen tausta","14","14","dictionary-candidate"
"fi-FI","names","Track Self","Seuraa itseäsi","14","15","dictionary-candidate"
"fi-FI","names","Picture Style","Kuva-asetukset","14","14","canon-exact"
"fi-FI","names","Change Angle","Vaihda suuntaa","14","14","dictionary-candidate"
"fi-FI","names","Move Camera","Siirrä kameraa","14","15","review-required"
"fi-FI","names","Drone Speed","Droonin nopeus","14","14","dictionary-candidate"
"fi-FI","names","White Bal.","Valkotasapaino","14","14","canon-exact"
"fi-FI","names","One-Shot AF","Kertatarkennus","14","14","canon-exact"
"fi-FI","names","Locked-on","Pysy kohteessa","14","14","canon-adapted"
"fi-FI","names","Chromatic Aberration","Väriaberraatio","14","15","canon-exact"
"fi-FI","names","Magenta-Green","Magenta-Vihreä","14","15","dictionary-candidate"
"fi-FI","names","Color Grading","Värimäärittely","14","17","review-required"
"fi-FI","names","1.85:1 Theatrical","1.85:1 Elokuva","14","14","review-required"
"fi-FI","names","16:9 Widescreen","16:9 Laajakuva","14","14","review-required"
"fi-FI","names","Hide Self","Piilota itsesi","14","14","review-required"
"fi-FI","names","Drop (Reset to Hand)","Palauta käteen","14","15","dictionary-candidate"
"fi-FI","names","Reset to Hand","Palauta käteen","14","15","dictionary-candidate"
"fi-FI","names","Hand Offset","Käden siirtymä","14","16","dictionary-candidate"
"fi-FI","names","Full","Kaikki suunnat","14","14","dictionary-candidate"
"fr-FR","names","Bokeh Shape","Forme du bokeh","14","14","dictionary-candidate"
"fr-FR","names","AF Area","Zone autofocus","14","14","canon-exact"
"fr-FR","names","Aspect Ratio","Ratio d'aspect","14","14","canon-adapted"
"fr-FR","names","Fitted","Courbe ajustée","14","15","review-required"
"fr-FR","dynamic","WorldDrop","Fixer au monde","14","14","dictionary-candidate"
"hu-HU","names","Decrease","Rekesz nyitása","14","15","canon-adapted"
"hu-HU","names","DoF Mode","Mélységélesség","14","18","canon-exact"
"hu-HU","names","Drone Speed","Drón sebessége","14","16","dictionary-candidate"
"hu-HU","names","White Bal.","Fehéregyensúly","14","16","canon-exact"
"hu-HU","names","Far Clip Plane","Távoli vágósík","14","18","dictionary-candidate"
"hu-HU","names","Edge Softness","Szél lágyítása","14","18","dictionary-candidate"
"hu-HU","names","2.35:1 Anamorphic","2.35:1 Anamorf","14","14","review-required"
"hu-HU","names","4:3 Classic","4:3 Klasszikus","14","14","review-required"
"hu-HU","names","Focus Distance","Fókusztávolság","14","17","review-required"
"hu-HU","names","Edge Feather","Szél lágyítása","14","18","dictionary-candidate"
"hu-HU","names","Peaking","Kontúrkiemelés","14","16","canon-exact"
"hu-HU","dynamic","VignetteSoftness","Szél lágyítása","14","18","dictionary-candidate"
"it-IT","names","Look At Feet","Punta ai piedi","14","14","dictionary-candidate"
"it-IT","names","9:16 Vertical","9:16 Verticale","14","14","dictionary-candidate"
"it-IT","names","Zoom Blur","Sfocatura zoom","14","14","dictionary-candidate"
"it-IT","names","Vertical","Solo verticale","14","14","dictionary-candidate"
"it-IT","names","Fitted","Curva adattata","14","14","review-required"
"it-IT","dynamic","WorldDrop","Fissa al mondo","14","14","dictionary-candidate"
"nb-NO","names","Green Back","Grønn bakgrunn","14","15","dictionary-candidate"
"nb-NO","names","Increase","Lukk blenderen","14","14","review-required"
"nb-NO","names","Decrease","Åpne blenderen","14","15","dictionary-candidate"
"nb-NO","names","Move Camera","Flytt kameraet","14","14","dictionary-candidate"
"nb-NO","names","Drone Speed","Dronehastighet","14","14","review-required"
"nb-NO","names","Locked-on","Behold motivet","14","14","review-required"
"nb-NO","names","Color Grading","Fargegradering","14","14","adobe-exact"
"nb-NO","names","Block Size","Blokkstørrelse","14","15","review-required"
"nb-NO","names","Hide Self","Skjul deg selv","14","14","dictionary-candidate"
"nb-NO","names","Full","Alle retninger","14","14","dictionary-candidate"
"nb-NO","dynamic","CameraPinDrop","Plasser markør","14","15","dictionary-composition"
"nb-NO","featureBlanks","118","Mot nært: lite","14","15","dictionary-candidate"
"nl-NL","names","Focus","Scherpstelling","14","14","canon-adapted"
"nl-NL","names","Look Up","Omhoog richten","14","14","dictionary-candidate"
"nl-NL","names","Look Down","Omlaag richten","14","14","dictionary-candidate"
"nl-NL","names","Hide Lens","Lens verbergen","14","14","dictionary-candidate"
"nl-NL","names","DoF Mode","Scherptediepte","14","14","canon-exact"
"nl-NL","names","Custom","Extra functies","14","14","dictionary-candidate"
"nl-NL","names","Letterbox","Bioscoopbalken","14","14","review-required"
"nl-NL","names","2.35:1 Anamorphic","2.35:1 Anamorf","14","14","review-required"
"nl-NL","names","9:16 Vertical","9:16 Verticaal","14","14","dictionary-candidate"
"nl-NL","names","Focus Zone","Scherpstelzone","14","14","review-required"
"nl-NL","names","Playback","Afspeelpositie","14","14","review-required"
"nl-NL","names","Go To Pin","Naar markering","14","14","dictionary-candidate"
"nl-NL","dynamic","ZoomInSpeed4","Telesnelheid 4","14","14","review-required"
"nl-NL","featureBlanks","104","Telesnelheid 1","14","14","review-required"
"nl-NL","featureBlanks","105","Telesnelheid 2","14","14","review-required"
"nl-NL","featureBlanks","106","Telesnelheid 3","14","14","review-required"
"nn-NO","names","Track Self","Følg deg sjølv","14","16","review-required"
"nn-NO","names","Increase","Lukk blendaren","14","14","dictionary-composition"
"nn-NO","names","Decrease","Opne blendaren","14","14","dictionary-composition"
"nn-NO","names","Sensor Type","Sensorstorleik","14","14","review-required"
"nn-NO","names","Hand-Rotate","Drei med handa","14","14","dictionary-candidate"
"nn-NO","names","Move Camera","Flytt kameraet","14","14","review-required"
"nn-NO","names","Color Grading","Fargegradering","14","14","review-required"
"nn-NO","names","Zoom Blur","Zoomuskarpheit","14","14","review-required"
"nn-NO","names","Hide Self","Gøym deg sjølv","14","16","dictionary-composition"
"nn-NO","names","Hand Offset","Handforskyving","14","14","review-required"
"nn-NO","names","Full","Alle retningar","14","14","review-required"
"nn-NO","names","Vertical","Berre loddrett","14","14","review-required"
"nn-NO","names","Fitted","Tilpassa kurve","14","14","review-required"
"nn-NO","dynamic","CameraPinDrop","Plasser markør","14","15","dictionary-composition"
"nn-NO","featureBlanks","118","Mot nært: lite","14","15","review-required"
"pl-PL","names","Depth Cool","Chłodna głębia","14","17","review-required"
"pl-PL","names","Depth Cute","Łagodna głębia","14","17","review-required"
"pl-PL","names","Blue Back","Niebieskie tło","14","15","review-required"
"pl-PL","names","Look Up","Skieruj w górę","14","16","review-required"
"pl-PL","names","Infinity","Nieskończoność","14","17","canon-adapted"
"pl-PL","names","Quick Selfie","Szybkie selfie","14","14","review-required"
"pl-PL","names","Hide Lens","Ukryj obiektyw","14","14","review-required"
"pl-PL","names","Hand-Rotate","Obracaj dłonią","14","16","review-required"
"pl-PL","names","Move Camera","Przesuń kamerę","14","16","review-required"
"pl-PL","names","Drone Speed","Prędkość drona","14","17","review-required"
"pl-PL","names","Responsive","Szybka reakcja","14","14","canon-adapted"
"pl-PL","names","Zone Size","Rozmiar strefy","14","14","review-required"
"pt-PT","names","Manual Focus","Focagem Manual","14","14","canon-exact"
"pt-PT","names","Bokeh Shape","Forma do bokeh","14","14","dictionary-candidate"
"pt-PT","names","Focus Peaking","MF de Destaque","14","14","canon-exact"
"pt-PT","names","Roundness","Arredondamento","14","14","dictionary-candidate"
"pt-PT","names","Fitted","Curva ajustada","14","14","review-required"
"pt-PT","dynamic","WorldDrop","Fixar ao mundo","14","14","dictionary-candidate"
"ro-RO","names","Focus Peaking","Evidențiere MF","14","15","canon-adapted"
"ro-RO","names","Hand-Rotate","Rotire cu mâna","14","15","dictionary-candidate"
"ro-RO","names","Track Pivot","Urmărire pivot","14","15","dictionary-candidate"
"ro-RO","names","Operation","Funcţionare AF","14","15","canon-exact"
"ro-RO","names","Highlights","Zone luminoase","14","14","dictionary-candidate"
"ro-RO","names","16:9 Widescreen","16:9 Ecran lat","14","14","dictionary-candidate"
"ro-RO","names","Depth Mode","Mod profunzime","14","14","dictionary-candidate"
"ro-RO","names","Avatar Offset","Decalaj avatar","14","14","dictionary-candidate"
"ro-RO","names","Show Path","Afișare traseu","14","15","dictionary-candidate"
"ro-RO","names","Show Numbers","Afișare numere","14","15","dictionary-candidate"
"ro-RO","names","Move","Mutare manuală","14","15","dictionary-candidate"
"ro-RO","names","Fitted","Curbă ajustată","14","16","review-required"
"ro-RO","dynamic","WorldDrop","Fixare în lume","14","15","dictionary-candidate"
"ru-RU","names","Depth Cute","Мягкая глубина","14","27","dictionary-candidate"
"ru-RU","names","Octagon","Восьмиугольник","14","28","dictionary-candidate"
"ru-RU","names","Look Down","Направить вниз","14","27","dictionary-candidate"
"ru-RU","names","Sensor Type","Размер датчика","14","27","dictionary-candidate"
"ru-RU","names","Drone Speed","Скорость дрона","14","27","dictionary-candidate"
"ru-RU","names","Color Grading","Цветокоррекция","14","28","adobe-exact"
"ru-RU","names","4:5 Portrait","4:5 Портретный","14","24","review-required"
"ru-RU","names","Tilt-Shift","Наклон и сдвиг","14","26","review-required"
"ru-RU","names","Vignette","Виньетирование","14","28","review-required"
"ru-RU","names","Zoom Blur","Размытие зумом","14","27","dictionary-candidate"
"ru-RU","names","Drop (Reset to Hand)","Вернуть в руку","14","26","dictionary-candidate"
"ru-RU","names","Reset to Hand","Вернуть в руку","14","26","dictionary-candidate"
"ru-RU","names","Show Pins","Показать метки","14","27","dictionary-candidate"
"ru-RU","names","Reverse","Туда и обратно","14","26","review-required"
"sv-SE","names","Track Self","Följ dig själv","14","16","dictionary-candidate"
"sv-SE","names","Track Pivot","Följ vridpunkt","14","15","dictionary-candidate"
"sv-SE","names","Responsive","Snabb reaktion","14","14","canon-adapted"
"sv-SE","names","Temperature","Färgtemperatur","14","15","canon-exact"
"sv-SE","names","Reverse Fisheye","Omvänd fisheye","14","15","dictionary-candidate"
"sv-SE","names","1.85:1 Theatrical","1.85:1 Biograf","14","14","dictionary-candidate"
"sv-SE","names","Aspect Ratio","Sidförhållande","14","16","canon-adapted"
"sv-SE","names","Tilt-Shift","Tilt och shift","14","14","review-required"
"sv-SE","names","Hide Self","Dölj dig själv","14","16","dictionary-candidate"
"sv-SE","names","Go To Pin","Gå till markör","14","16","dictionary-candidate"
"sv-SE","names","Vertical","Endast lodrätt","14","15","dictionary-candidate"
"sv-SE","names","Fitted","Anpassad kurva","14","14","review-required"
"sv-SE","dynamic","WorldDrop","Fäst i världen","14","16","dictionary-candidate"
"sv-SE","dynamic","CameraPinDrop","Placera markör","14","15","dictionary-candidate"
"sv-SE","featureBlanks","118","Mot nära: lite","14","15","canon-adapted"
"th-TH","names","Depth Cool","ความลึกโทนเย็น","14","42","review-required"
"th-TH","names","Look At Face","หันไปที่ใบหน้า","14","42","review-required"
"th-TH","names","Auto Focus","โฟกัสอัตโนมัติ","14","42","canon-exact"
"th-TH","names","Responsive","ตอบสนองรวดเร็ว","14","42","canon-adapted"
"th-TH","names","Enabled","เปิดใช้งานแล้ว","14","42","canon-adapted"
"th-TH","names","Contrast","ความเปรียบต่าง","14","42","canon-exact"
"th-TH","names","Depth Fog","หมอกตามระยะลึก","14","42","review-required"
"th-TH","names","Reverse Fisheye","ฟิชอายย้อนกลับ","14","42","review-required"
"th-TH","names","Y","ตำแหน่งแนวตั้ง","14","42","review-required"
"th-TH","names","Center X","กึ่งกลางแนวนอน","14","42","review-required"
"th-TH","names","Peaking","การเน้นเส้นขอบ","14","42","canon-adapted"
"th-TH","names","Max Blur Size","ขนาดเบลอสูงสุด","14","42","review-required"
"th-TH","names","Playback","ตำแหน่งการเล่น","14","42","review-required"
"th-TH","names","Drop Next","วางจุดปักถัดไป","14","42","review-required"
"th-TH","dynamic","FisheyeCenterY","ตำแหน่งแนวตั้ง","14","42","review-required"
"th-TH","sensorBlanks","0","ฟูลเฟรม 35 มม.","14","32","review-required"
"tr-TR","names","Depth Cool","Soğuk derinlik","14","15","dictionary-candidate"
"tr-TR","names","Blue Back","Mavi arka plan","14","14","dictionary-candidate"
"tr-TR","names","DoF Mode","Alan derinliği","14","15","canon-exact"
"tr-TR","names","Smoothing","Takibi yumuşat","14","15","review-required"
"tr-TR","names","Temperature","Renk Sıcaklığı","14","18","canon-exact"
"tr-TR","names","Fisheye Lens","Balıkgözü lens","14","17","dictionary-candidate"
"tr-TR","names","Reverse Fisheye","Ters balıkgözü","14","17","dictionary-candidate"
"tr-TR","names","Pixelation","Pikselleştirme","14","15","adobe-exact"
"tr-TR","names","Peaking","Kontur vurgusu","14","14","canon-adapted"
"tr-TR","names","Playback","Oynatma konumu","14","14","review-required"
"tr-TR","names","Vertical","Yalnızca dikey","14","15","dictionary-candidate"
"tr-TR","sensorBlanks","0","35 mm tam kare","14","14","dictionary-candidate"
"uk-UA","names","Infinity","Нескінченність","14","28","canon-adapted"
"uk-UA","names","Sensor Type","Розмір датчика","14","27","review-required"
"uk-UA","names","Hand-Rotate","Обертати рукою","14","27","review-required"
"uk-UA","names","Responsive","Швидка реакція","14","27","canon-adapted"
"uk-UA","names","Anamorphic Bokeh","Анаморфне боке","14","27","review-required"
"uk-UA","names","Highlights","Світлі ділянки","14","27","review-required"
"uk-UA","names","4:5 Portrait","4:5 Портретний","14","24","review-required"
"uk-UA","names","Hide Self","Приховати себе","14","27","review-required"
"uk-UA","names","Show Pins","Показати мітки","14","27","review-required"
"bg-BG","names","Responsive","Бърза реакция","13","25","canon-adapted"
"bg-BG","names","Midtones","Средни тонове","13","25","review-required"
"bg-BG","names","Highlights","Светли тонове","13","25","review-required"
"bg-BG","names","4:5 Portrait","4:5 Портретен","13","22","review-required"
"bg-BG","names","Teleport","Телепортиране","13","26","dictionary-candidate"
"bg-BG","names","Full","Всички посоки","13","25","review-required"
"cs-CZ","names","Depth Cute","Jemná hloubka","13","14","dictionary-candidate"
"cs-CZ","names","Green Back","Zelené pozadí","13","15","dictionary-candidate"
"cs-CZ","names","Track Self","Sledovat sebe","13","13","dictionary-candidate"
"cs-CZ","names","Quick Selfie","Rychlé selfie","13","14","dictionary-candidate"
"cs-CZ","names","Increase","Přivřít clonu","13","16","canon-adapted"
"cs-CZ","names","Decrease","Otevřít clonu","13","15","canon-adapted"
"cs-CZ","names","Av Dial","Hodnota clony","13","13","canon-adapted"
"cs-CZ","names","Move HUD","Přesunout HUD","13","14","dictionary-candidate"
"cs-CZ","names","White Bal.","Vyvážení bílé","13","18","canon-exact"
"cs-CZ","names","Responsive","Rychlá odezva","13","14","canon-adapted"
"cs-CZ","names","Y","Svislá poloha","13","14","dictionary-candidate"
"cs-CZ","names","Letterbox","Filmové pruhy","13","14","dictionary-candidate"
"cs-CZ","names","Dither","Rozklad barev","13","13","review-required"
"cs-CZ","names","Depth Mode","Režim hloubky","13","14","dictionary-candidate"
"cs-CZ","names","Zone Size","Velikost zóny","13","14","dictionary-candidate"
"cs-CZ","names","Avatar Offset","Posun avataru","13","13","review-required"
"cs-CZ","names","Full","Všechny směry","13","15","review-required"
"cs-CZ","dynamic","FisheyeCenterY","Svislá poloha","13","14","dictionary-candidate"
"da-DK","names","Settings","Indstillinger","13","13","canon-exact"
"da-DK","names","Green Back","Grøn baggrund","13","14","dictionary-candidate"
"da-DK","names","Track Self","Spor dig selv","13","13","dictionary-candidate"
"da-DK","names","Picture Style","Picture Style","13","13","canon-exact"
"da-DK","names","Quick Selfie","Hurtig selfie","13","13","dictionary-candidate"
"da-DK","names","DoF Mode","Dybdeskarphed","13","13","canon-adapted"
"da-DK","names","Change Angle","Skift retning","13","13","dictionary-candidate"
"da-DK","names","Smooth Rotate","Blød rotation","13","14","dictionary-candidate"
"da-DK","names","Axial Focus-Aware","Fokusafhængig","13","14","review-required"
"da-DK","names","Block Size","Blokstørrelse","13","14","review-required"
"da-DK","names","Tilt-Shift","Tilt og shift","13","13","review-required"
"da-DK","names","Depth Mode","Dybdetilstand","13","13","review-required"
"da-DK","names","Center X","Vandret midte","13","13","dictionary-candidate"
"da-DK","names","Zone Size","Zonestørrelse","13","14","review-required"
"da-DK","names","Go To Pin","Gå til markør","13","15","review-required"
"da-DK","dynamic","CameraPinDrop","Placér markør","13","15","review-required"
"da-DK","featureBlanks","129","Ret lidt opad","13","13","dictionary-candidate"
"de-DE","names","Settings","Einstellungen","13","13","canon-exact"
"de-DE","names","Decrease","Blende öffnen","13","14","canon-adapted"
"de-DE","names","DoF Mode","Schärfentiefe","13","14","canon-exact"
"de-DE","names","Axial Focus-Aware","Fokusabhängig","13","14","review-required"
"de-DE","names","Color Grading","Color-Grading","13","13","dictionary-candidate"
"de-DE","names","Lens Size","Objektivgröße","13","15","review-required"
"de-DE","names","4:3 Classic","4:3 Klassisch","13","13","review-required"
"de-DE","names","9:16 Vertical","9:16 Vertikal","13","13","dictionary-candidate"
"de-DE","names","Vignette","Vignettierung","13","13","review-required"
"de-DE","names","Peaking","Fokus-Peaking","13","13","canon-adapted"
"de-DE","names","Teleport","Teleportieren","13","13","dictionary-candidate"
"de-DE","names","Show Path","Pfad anzeigen","13","13","dictionary-candidate"
"el-GR","names","Green Back","Πράσινο φόντο","13","25","dictionary-candidate"
"el-GR","names","Tracking","Παρακολούθηση","13","26","canon-exact"
"el-GR","names","Operation","Λειτουργία AF","13","23","canon-exact"
"el-GR","names","Midtones","Μεσαίοι τόνοι","13","25","dictionary-candidate"
"el-GR","names","Depth Fog","Ομίχλη βάθους","13","25","review-required"
"el-GR","names","Fisheye Lens","Φακός fisheye","13","18","dictionary-candidate"
"el-GR","names","Roundness","Στρογγυλότητα","13","26","review-required"
"el-GR","names","Lens Size","Μέγεθος φακού","13","25","dictionary-candidate"
"el-GR","names","1:1 Square","1:1 Τετράγωνο","13","22","dictionary-candidate"
"el-GR","names","Block Size","Μέγεθος μπλοκ","13","25","dictionary-candidate"
"el-GR","names","Focus Zone","Ζώνη εστίασης","13","25","dictionary-candidate"
"el-GR","names","Zone Size","Μέγεθος ζώνης","13","25","dictionary-candidate"
"es-419","names","Display","Visualización","13","14","canon-exact"
"es-419","names","Quick Selfie","Selfie rápido","13","14","review-required"
"es-419","names","Movie Mode","Modo de vídeo","13","14","review-required"
"es-419","names","Magenta-Green","Magenta-Verde","13","13","review-required"
"es-419","names","Highlights","Iluminaciones","13","13","adobe-exact"
"es-419","names","9:16 Vertical","9:16 Vertical","13","13","review-required"
"es-419","names","Vertical","Solo vertical","13","13","review-required"
"es-ES","names","Display","Visualización","13","14","canon-exact"
"es-ES","names","Quick Selfie","Selfie rápido","13","14","review-required"
"es-ES","names","Movie Mode","Modo de vídeo","13","14","review-required"
"es-ES","names","Magenta-Green","Magenta-Verde","13","13","review-required"
"es-ES","names","Highlights","Iluminaciones","13","13","adobe-exact"
"es-ES","names","9:16 Vertical","9:16 Vertical","13","13","review-required"
"es-ES","names","Vertical","Solo vertical","13","13","review-required"
"fi-FI","names","Advanced","Lisäasetukset","13","14","review-required"
"fi-FI","names","Depth Cool","Viileä syvyys","13","14","dictionary-candidate"
"fi-FI","names","Depth Cute","Pehmeä syvyys","13","14","dictionary-candidate"
"fi-FI","names","Green Back","Vihreä tausta","13","14","dictionary-candidate"
"fi-FI","names","Show/Hide","Näytä/Piilota","13","15","review-required"
"fi-FI","names","Bokeh Shape","Bokehin muoto","13","13","dictionary-candidate"
"fi-FI","names","Focus Guide","Tarkennusopas","13","13","canon-exact"
"fi-FI","names","Custom","Lisätoiminnot","13","14","review-required"
"fi-FI","names","Smooth Rotate","Pehmeä kierto","13","14","dictionary-candidate"
"fi-FI","names","Temperature","Värilämpötila","13","16","canon-exact"
"fi-FI","names","Letterbox","Elokuvarajaus","13","13","review-required"
"fi-FI","names","4:3 Classic","4:3 Klassinen","13","13","review-required"
"fi-FI","names","4:5 Portrait","4:5 Pystykuva","13","13","review-required"
"fi-FI","names","Show Numbers","Näytä numerot","13","15","review-required"
"fi-FI","tonemapBlanks","0","Pois käytöstä","13","16","review-required"
"fi-FI","tonemapBlanks","1","Filmimäinen 1","13","14","review-required"
"fi-FI","tonemapBlanks","2","Filmimäinen 2","13","14","review-required"
"fr-FR","names","Focus","Mise au point","13","13","canon-exact"
"fr-FR","names","Reset","Réinitialiser","13","14","canon-exact"
"fr-FR","names","Picture Style","Style d'image","13","13","canon-exact"
"fr-FR","names","Quick Selfie","Selfie rapide","13","13","dictionary-candidate"
"fr-FR","names","Color Grading","Color Grading","13","13","adobe-exact"
"fr-FR","names","1.85:1 Theatrical","1.85:1 Cinéma","13","14","dictionary-candidate"
"fr-FR","names","4:3 Classic","4:3 Classique","13","13","dictionary-candidate"
"fr-FR","names","9:16 Vertical","9:16 Vertical","13","13","dictionary-candidate"
"fr-FR","names","Pixelation","Pixellisation","13","13","adobe-exact"
"fr-FR","names","Teleport","Téléportation","13","15","review-required"
"hu-HU","names","Reset","Visszaállítás","13","16","canon-adapted"
"hu-HU","names","Depth Cool","Hideg mélység","13","15","dictionary-candidate"
"hu-HU","names","Increase","Rekesz zárása","13","15","canon-adapted"
"hu-HU","names","Move HUD","HUD mozgatása","13","14","review-required"
"hu-HU","names","Responsive","Gyors reakció","13","14","canon-adapted"
"hu-HU","names","Smooth Rotate","Sima forgatás","13","14","dictionary-candidate"
"hu-HU","names","Anamorphic Bokeh","Anamorf bokeh","13","13","review-required"
"hu-HU","names","Color Grading","Színminősítés","13","17","review-required"
"hu-HU","names","Start Distance","Kezdőtávolság","13","16","review-required"
"hu-HU","names","Dither","Színközelítés","13","17","review-required"
"hu-HU","names","Posterize","Poszterizáció","13","15","review-required"
"hu-HU","names","Zone Softness","Zóna lágysága","13","16","dictionary-candidate"
"hu-HU","names","Move","Kézi mozgatás","13","15","review-required"
"it-IT","names","Focus","Messa a fuoco","13","13","canon-exact"
"it-IT","names","Look At Face","Punta al viso","13","13","dictionary-candidate"
"it-IT","names","Quick Selfie","Selfie rapido","13","13","dictionary-candidate"
"it-IT","names","Track Pivot","Insegui perno","13","13","dictionary-candidate"
"it-IT","names","Magenta-Green","Magenta-Verde","13","13","dictionary-candidate"
"it-IT","names","Color Grading","Color Grading","13","13","adobe-exact"
"it-IT","names","1.85:1 Theatrical","1.85:1 Cinema","13","13","dictionary-candidate"
"it-IT","names","Pixelation","Effetto pixel","13","13","adobe-exact"
"it-IT","names","Teleport","Teletrasporto","13","13","review-required"
"it-IT","names","Show Numbers","Mostra numeri","13","13","dictionary-candidate"
"it-IT","dynamic","CameraPin","Marcatore {0}","13","13","dictionary-candidate"
"nb-NO","names","Settings","Innstillinger","13","13","review-required"
"nb-NO","names","Track Self","Følg deg selv","13","14","dictionary-candidate"
"nb-NO","names","Manual Focus","Manuell fokus","13","13","review-required"
"nb-NO","names","DoF Mode","Dybdeskarphet","13","13","canon-adapted"
"nb-NO","names","Change Angle","Endre retning","13","13","dictionary-candidate"
"nb-NO","names","Smooth Rotate","Jevn dreining","13","13","dictionary-candidate"
"nb-NO","names","Axial Focus-Aware","Fokusavhengig","13","13","review-required"
"nb-NO","names","Magenta-Green","Magenta-Grønn","13","14","dictionary-candidate"
"nb-NO","names","9:16 Vertical","9:16 Loddrett","13","13","review-required"
"nb-NO","names","Posterize","Posterisering","13","13","review-required"
"nb-NO","names","Zoom Blur","Zoomuskarphet","13","13","review-required"
"nb-NO","names","Zone Size","Sonestørrelse","13","14","review-required"
"nb-NO","names","Dolly","Kamerakjøring","13","14","review-required"
"nb-NO","names","Move","Flytt manuelt","13","13","dictionary-candidate"
"nb-NO","names","Go To Pin","Gå til markør","13","15","dictionary-composition"
"nb-NO","names","Vertical","Bare loddrett","13","13","dictionary-candidate"
"nb-NO","dynamic","WorldDrop","Fest i verden","13","13","dictionary-candidate"
"nl-NL","names","Depth Cute","Zachte diepte","13","13","dictionary-candidate"
"nl-NL","names","Track Self","Jezelf volgen","13","13","dictionary-candidate"
"nl-NL","names","Quick Selfie","Snelle selfie","13","13","dictionary-candidate"
"nl-NL","names","Sensor Type","Sensorgrootte","13","13","review-required"
"nl-NL","names","Drone Speed","Dronesnelheid","13","13","review-required"
"nl-NL","names","Focus Guide","Focusgeleider","13","13","canon-exact"
"nl-NL","names","Responsive","Snel reageren","13","13","canon-adapted"
"nl-NL","names","Anamorphic Bokeh","Anamorf bokeh","13","13","dictionary-candidate"
"nl-NL","names","Magenta-Green","Magenta-Groen","13","13","dictionary-candidate"
"nl-NL","names","Color Grading","Kleurverlopen","13","13","adobe-exact"
"nl-NL","names","Zoom Blur","Zoomvervaging","13","13","review-required"
"nl-NL","names","Zone Softness","Zonezachtheid","13","13","review-required"
"nl-NL","names","Show Numbers","Nummers tonen","13","13","dictionary-candidate"
"nl-NL","names","Reverse","Heen en terug","13","13","dictionary-candidate"
"nl-NL","dynamic","CameraPin","Markering {0}","13","13","dictionary-candidate"
"nl-NL","tonemapBlanks","0","Uitgeschakeld","13","13","review-required"
"nn-NO","names","Settings","Innstillingar","13","13","review-required"
"nn-NO","names","Green Back","Grøn bakgrunn","13","14","review-required"
"nn-NO","names","Manual Focus","Manuell fokus","13","13","review-required"
"nn-NO","names","Change Angle","Endre retning","13","13","review-required"
"nn-NO","names","Axial Focus-Aware","Fokusavhengig","13","13","review-required"
"nn-NO","names","9:16 Vertical","9:16 Loddrett","13","13","review-required"
"nn-NO","names","Block Size","Blokkstorleik","13","13","review-required"
"nn-NO","names","Posterize","Posterisering","13","13","review-required"
"nn-NO","names","Dolly","Kamerakøyring","13","14","review-required"
"nn-NO","names","Move","Flytt manuelt","13","13","review-required"
"nn-NO","names","Go To Pin","Gå til markør","13","15","dictionary-composition"
"pl-PL","names","Look Down","Skieruj w dół","13","15","review-required"
"pl-PL","names","Bokeh Shape","Kształt bokeh","13","14","review-required"
"pl-PL","names","Highlights","Podświetlenia","13","14","adobe-exact"
"pl-PL","names","1.85:1 Theatrical","1.85:1 Kinowy","13","13","review-required"
"pl-PL","names","4:3 Classic","4:3 Klasyczny","13","13","review-required"
"pl-PL","names","Block Size","Rozmiar bloku","13","13","review-required"
"pl-PL","names","Aspect Ratio","Format obrazu","13","13","canon-exact"
"pl-PL","names","Drop (Reset to Hand)","Wróć do dłoni","13","16","review-required"
"pl-PL","names","Reset to Hand","Wróć do dłoni","13","16","review-required"
"pl-PL","names","Show Path","Pokaż ścieżkę","13","17","review-required"
"pl-PL","names","Vertical","Tylko pionowo","13","13","review-required"
"pt-PT","names","Picture Style","Estilo Imagem","13","13","canon-exact"
"pt-PT","names","Quick Selfie","Selfie rápida","13","14","dictionary-candidate"
"pt-PT","names","Movie Mode","Modo de filme","13","13","dictionary-candidate"
"pt-PT","names","Mount Swap","Mudar suporte","13","13","dictionary-candidate"
"pt-PT","names","Move Focus","Mover focagem","13","13","dictionary-candidate"
"pt-PT","names","Drive Speed","Velocidade AF","13","13","canon-exact"
"pt-PT","names","Locked-on","Manter motivo","13","13","canon-adapted"
"pt-PT","names","Smooth Rotate","Rotação suave","13","15","dictionary-candidate"
"pt-PT","names","Magenta-Green","Magenta-Verde","13","13","dictionary-candidate"
"pt-PT","names","1.85:1 Theatrical","1.85:1 Cinema","13","13","dictionary-candidate"
"pt-PT","names","9:16 Vertical","9:16 Vertical","13","13","dictionary-candidate"
"pt-PT","names","Dither","Pontilhamento","13","13","review-required"
"pt-PT","names","Hand Offset","Desvio da mão","13","14","dictionary-candidate"
"ro-RO","names","Move Camera","Mutare cameră","13","14","dictionary-candidate"
"ro-RO","names","Drone Speed","Viteza dronei","13","13","review-required"
"ro-RO","names","White Bal.","Balans de alb","13","13","canon-exact"
"ro-RO","names","Responsive","Răspuns rapid","13","14","canon-adapted"
"ro-RO","names","Magenta-Green","Magenta-Verde","13","13","dictionary-candidate"
"ro-RO","names","1.85:1 Theatrical","1.85:1 Cinema","13","13","dictionary-candidate"
"ro-RO","names","9:16 Vertical","9:16 Vertical","13","13","dictionary-candidate"
"ro-RO","names","Vertical","Doar vertical","13","13","dictionary-candidate"
"ru-RU","names","Advanced","Дополнительно","13","26","dictionary-candidate"
"ru-RU","names","Hexagon","Шестиугольник","13","26","dictionary-candidate"
"ru-RU","names","Infinity","Бесконечность","13","26","canon-adapted"
"ru-RU","names","Quick Selfie","Быстрое селфи","13","25","dictionary-candidate"
"ru-RU","names","Hand-Rotate","Вращать рукой","13","25","dictionary-candidate"
"ru-RU","names","White Bal.","Баланс белого","13","25","canon-exact"
"ru-RU","names","One-Shot AF","Покадровый AF","13","23","canon-exact"
"ru-RU","names","Contrast","Контрастность","13","26","canon-exact"
"ru-RU","names","Intensity","Интенсивность","13","26","adobe-exact"
"ru-RU","names","Depth Mode","Режим глубины","13","25","dictionary-candidate"
"ru-RU","names","Zone Softness","Мягкость зоны","13","25","dictionary-candidate"
"ru-RU","names","Play","Воспроизвести","13","26","canon-adapted"
"ru-RU","names","Hand Offset","Смещение руки","13","25","dictionary-candidate"
"sv-SE","names","Settings","Inställningar","13","14","canon-exact"
"sv-SE","names","Green Back","Grön bakgrund","13","14","dictionary-candidate"
"sv-SE","names","Hide Lens","Dölj objektiv","13","14","dictionary-candidate"
"sv-SE","names","Sensor Type","Sensorstorlek","13","13","review-required"
"sv-SE","names","Move Camera","Flytta kamera","13","13","dictionary-candidate"
"sv-SE","names","Vertical Lock","Vertikalt lås","13","14","dictionary-candidate"
"sv-SE","names","Smooth Rotate","Mjuk rotation","13","13","dictionary-candidate"
"sv-SE","names","Axial Focus-Aware","Fokusberoende","13","13","review-required"
"sv-SE","names","Color Grading","Färggradering","13","14","adobe-exact"
"sv-SE","names","Letterbox","Biografbalkar","13","13","review-required"
"sv-SE","names","16:9 Widescreen","16:9 Bredbild","13","13","review-required"
"sv-SE","names","Posterize","Färgreduktion","13","14","review-required"
"sv-SE","names","Show Pins","Visa markörer","13","14","dictionary-candidate"
"th-TH","names","Change Angle","เปลี่ยนทิศทาง","13","39","review-required"
"th-TH","names","Track Pivot","ติดตามจุดหมุน","13","39","review-required"
"th-TH","names","One-Shot AF","AF ครั้งเดียว","13","33","canon-exact"
"th-TH","names","Magenta-Green","ม่วงแดง-เขียว","13","37","dictionary-candidate"
"th-TH","names","X","ตำแหน่งแนวนอน","13","39","review-required"
"th-TH","names","Move","ย้ายด้วยตนเอง","13","39","review-required"
"th-TH","names","Hand Offset","ระยะเยื้องมือ","13","39","review-required"
"th-TH","dynamic","FisheyeCenterX","ตำแหน่งแนวนอน","13","39","review-required"
"th-TH","featureBlanks","130","หันลงเล็กน้อย","13","39","review-required"
"tr-TR","names","Look Up","Yukarı yönelt","13","15","dictionary-candidate"
"tr-TR","names","Auto Focus","Otomatik odak","13","13","canon-adapted"
"tr-TR","names","Quick Selfie","Hızlı özçekim","13","17","dictionary-candidate"
"tr-TR","names","Sensor Type","Sensör boyutu","13","14","dictionary-candidate"
"tr-TR","names","Move Camera","Kamerayı taşı","13","16","dictionary-candidate"
"tr-TR","names","AF Lock","Odağı kilitle","13","15","review-required"
"tr-TR","names","Magenta-Green","Macenta-Yeşil","13","14","dictionary-candidate"
"tr-TR","names","Depth Fog","Derinlik sisi","13","13","dictionary-candidate"
"tr-TR","names","1.85:1 Theatrical","1.85:1 Sinema","13","13","dictionary-candidate"
"tr-TR","names","Depth Mode","Derinlik modu","13","13","dictionary-candidate"
"tr-TR","names","Hide Self","Kendini gizle","13","13","review-required"
"tr-TR","names","Hand Offset","El kaydırması","13","15","review-required"
"uk-UA","names","Zoom","Масштабування","13","26","review-required"
"uk-UA","names","Depth Cute","М'яка глибина","13","24","review-required"
"uk-UA","names","White Bal.","Баланс білого","13","25","canon-exact"
"uk-UA","names","One-Shot AF","Покадровий АФ","13","25","canon-exact"
"uk-UA","names","Servo AF","Слідкуючий АФ","13","25","canon-exact"
"uk-UA","names","Contrast","Контрастність","13","26","adobe-exact"
"uk-UA","names","Intensity","Інтенсивність","13","26","adobe-exact"
"uk-UA","names","4:3 Classic","4:3 Класичний","13","22","review-required"
"uk-UA","names","Depth Mode","Режим глибини","13","25","review-required"
"uk-UA","names","Zone Softness","М'якість зони","13","24","dictionary-candidate"
"bg-BG","names","Hexagon","Шестоъгълник","12","24","review-required"
"bg-BG","names","Intensity","Интензивност","12","24","review-required"
"bg-BG","names","Roundness","Закръгленост","12","24","review-required"
"bg-BG","names","Pixelation","Пикселизация","12","24","review-required"
"bg-BG","names","Posterize","Постеризация","12","24","review-required"
"bg-BG","sensorBlanks","2","APS-C (1.5×)","12","13","standard-identifier"
"bg-BG","sensorBlanks","3","APS-C (1.6×)","12","13","standard-identifier"
"cs-CZ","names","Blue Back","Modré pozadí","12","14","dictionary-candidate"
"cs-CZ","names","Hexagon","Šestiúhelník","12","15","dictionary-candidate"
"cs-CZ","names","Look Down","Namířit dolů","12","15","dictionary-candidate"
"cs-CZ","names","Hand-Rotate","Otáčet rukou","12","14","dictionary-candidate"
"cs-CZ","names","Vertical Lock","Svislý zámek","12","14","dictionary-candidate"
"cs-CZ","names","Custom","Další funkce","12","14","dictionary-candidate"
"cs-CZ","names","Midtones","Střední tóny","12","15","dictionary-candidate"
"cs-CZ","names","4:3 Classic","4:3 Klasický","12","13","review-required"
"cs-CZ","names","4:5 Portrait","4:5 Na výšku","12","14","review-required"
"cs-CZ","names","Center Y","Svislý střed","12","14","dictionary-candidate"
"cs-CZ","names","Zone Softness","Měkkost zóny","12","14","dictionary-candidate"
"cs-CZ","names","Teleport","Teleportovat","12","12","review-required"
"cs-CZ","names","Vertical","Pouze svisle","12","12","review-required"
"cs-CZ","sensorBlanks","2","APS-C (1.5×)","12","13","standard-identifier"
"cs-CZ","sensorBlanks","3","APS-C (1.6×)","12","13","standard-identifier"
"da-DK","names","Blue Back","Blå baggrund","12","13","review-required"
"da-DK","names","Manual Focus","Manuel fokus","12","12","canon-exact"
"da-DK","names","Mount Swap","Skift holder","12","12","dictionary-candidate"
"da-DK","names","Grid","Hjælpelinjer","12","13","canon-exact"
"da-DK","names","Drive Speed","AF-hastighed","12","12","canon-exact"
"da-DK","names","Magenta-Green","Magenta-Grøn","12","13","dictionary-candidate"
"da-DK","names","Start Distance","Startafstand","12","12","review-required"
"da-DK","names","4:3 Classic","4:3 Klassisk","12","12","review-required"
"da-DK","names","Aspect Ratio","Billedformat","12","12","canon-adapted"
"da-DK","names","Vignette","Vignettering","12","12","review-required"
"da-DK","names","Center Y","Lodret midte","12","12","dictionary-candidate"
"da-DK","names","Focus Distance","Fokusafstand","12","12","review-required"
"da-DK","names","Dolly","Kamerakørsel","12","13","review-required"
"da-DK","names","Show Pins","Vis markører","12","13","review-required"
"da-DK","names","Move","Flyt manuelt","12","12","review-required"
"da-DK","sensorBlanks","2","APS-C (1.5×)","12","13","standard-identifier"
"da-DK","sensorBlanks","3","APS-C (1.6×)","12","13","standard-identifier"
"de-DE","names","Reset","Zurücksetzen","12","13","canon-exact"
"de-DE","names","Spotlight","Scheinwerfer","12","12","dictionary-candidate"
"de-DE","names","White Bal.","Weißabgleich","12","13","canon-exact"
"de-DE","names","Focus Guide","Fokusführung","12","13","canon-exact"
"de-DE","names","Magenta-Green","Magenta-Grün","12","13","dictionary-candidate"
"de-DE","names","Edge Softness","Weiche Kante","12","12","dictionary-candidate"
"de-DE","names","Edge Feather","Weiche Kante","12","12","dictionary-candidate"
"de-DE","names","Vertical","Nur vertikal","12","12","dictionary-candidate"
"de-DE","dynamic","VignetteSoftness","Weiche Kante","12","12","dictionary-candidate"
"de-DE","sensorBlanks","2","APS-C (1.5×)","12","13","standard-identifier"
"de-DE","sensorBlanks","3","APS-C (1.6×)","12","13","standard-identifier"
"de-DE","sensorBlanks","5","1,0-Zoll-Typ","12","12","review-required"
"el-GR","names","Enable","Ενεργοποίηση","12","24","canon-adapted"
"el-GR","names","Picture Style","Στυλ εικόνας","12","23","canon-exact"
"el-GR","names","3D Mode","Κατάσταση 3D","12","21","dictionary-candidate"
"el-GR","names","Mount Swap","Αλλαγή βάσης","12","23","dictionary-candidate"
"el-GR","names","DoF Mode","Βάθος πεδίου","12","23","canon-adapted"
"el-GR","names","4:5 Portrait","4:5 Πορτρέτο","12","20","review-required"
"el-GR","names","Vignette","Βινιετάρισμα","12","24","review-required"
"el-GR","names","Teleport","Τηλεμεταφορά","12","24","review-required"
"el-GR","sensorBlanks","2","APS-C (1.5×)","12","13","standard-identifier"
"el-GR","sensorBlanks","3","APS-C (1.6×)","12","13","standard-identifier"
"es-419","names","Move HUD","Mover el HUD","12","12","review-required"
"es-419","names","Operation","Operación AF","12","13","canon-exact"
"es-419","names","Drive Speed","Velocidad AF","12","12","canon-exact"
"es-419","names","Midtones","Medios tonos","12","12","review-required"
"es-419","names","1:1 Square","1:1 Cuadrado","12","12","review-required"
"es-419","names","Reverse","Ida y vuelta","12","12","review-required"
"es-419","dynamic","CameraPin","Marcador {0}","12","12","review-required"
"es-419","sensorBlanks","2","APS-C (1.5×)","12","13","standard-identifier"
"es-419","sensorBlanks","3","APS-C (1.6×)","12","13","standard-identifier"
"es-ES","names","Move HUD","Mover el HUD","12","12","review-required"
"es-ES","names","Operation","Operación AF","12","13","canon-exact"
"es-ES","names","Drive Speed","Velocidad AF","12","12","canon-exact"
"es-ES","names","Midtones","Medios tonos","12","12","review-required"
"es-ES","names","1:1 Square","1:1 Cuadrado","12","12","review-required"
"es-ES","names","Reverse","Ida y vuelta","12","12","review-required"
"es-ES","dynamic","CameraPin","Marcador {0}","12","12","review-required"
"es-ES","sensorBlanks","2","APS-C (1.5×)","12","13","standard-identifier"
"es-ES","sensorBlanks","3","APS-C (1.6×)","12","13","standard-identifier"
"fi-FI","names","Enable","Ota käyttöön","12","15","canon-adapted"
"fi-FI","names","Look Up","Suuntaa ylös","12","13","dictionary-candidate"
"fi-FI","names","Look Down","Suuntaa alas","12","12","dictionary-candidate"
"fi-FI","names","Quick Selfie","Nopea selfie","12","12","dictionary-candidate"
"fi-FI","names","DoF Mode","Syväterävyys","12","14","canon-exact"
"fi-FI","names","Hand-Rotate","Kierrä käsin","12","14","dictionary-candidate"
"fi-FI","names","Vertical Lock","Pystylukitus","12","12","review-required"
"fi-FI","names","Start Distance","Alkuetäisyys","12","13","review-required"
"fi-FI","names","Show Pins","Näytä merkit","12","14","review-required"
"fi-FI","names","Show Path","Näytä reitti","12","14","dictionary-candidate"
"fi-FI","names","Move","Siirrä käsin","12","14","dictionary-candidate"
"fi-FI","names","Reverse","Edestakaisin","12","12","review-required"
"fi-FI","dynamic","CameraPinDrop","Aseta merkki","12","12","dictionary-candidate"
"fi-FI","dynamic","ZoomInSpeed4","Telenopeus 4","12","12","review-required"
"fi-FI","featureBlanks","104","Telenopeus 1","12","12","review-required"
"fi-FI","featureBlanks","105","Telenopeus 2","12","12","review-required"
"fi-FI","featureBlanks","106","Telenopeus 3","12","12","review-required"
"fi-FI","sensorBlanks","2","APS-C (1.5×)","12","13","standard-identifier"
"fi-FI","sensorBlanks","3","APS-C (1.6×)","12","13","standard-identifier"
"fr-FR","names","Track Self...","Se suivre...","12","12","dictionary-candidate"
"fr-FR","names","Magenta-Green","Magenta-Vert","12","12","dictionary-candidate"
"fr-FR","names","4:5 Portrait","4:5 Portrait","12","12","dictionary-candidate"
"fr-FR","names","Zoom Blur","Flou de zoom","12","12","dictionary-candidate"
"fr-FR","names","Reverse","Aller-retour","12","12","dictionary-candidate"
"fr-FR","sensorBlanks","2","APS-C (1.5×)","12","13","standard-identifier"
"fr-FR","sensorBlanks","3","APS-C (1.6×)","12","13","standard-identifier"
"hu-HU","names","Portrait","Álló tájolás","12","16","review-required"
"hu-HU","names","Display","Megjelenítés","12","14","canon-adapted"
"hu-HU","names","Depth Cute","Lágy mélység","12","15","dictionary-candidate"
"hu-HU","names","Quick Selfie","Gyors szelfi","12","12","dictionary-candidate"
"hu-HU","names","Bokeh Shape","Bokeh alakja","12","12","review-required"
"hu-HU","names","Focus Guide","Fókusz segéd","12","14","canon-exact"
"hu-HU","names","Midtones","Középtónusok","12","15","review-required"
"hu-HU","names","Depth Fog","Mélységi köd","12","15","review-required"
"hu-HU","names","Depth Mode","Mélységi mód","12","15","review-required"
"hu-HU","names","Teleport","Teleportálás","12","14","review-required"
"hu-HU","names","Hand Offset","Kéz eltolása","12","14","review-required"
"hu-HU","names","Full","Minden irány","12","13","review-required"
"hu-HU","sensorBlanks","2","APS-C (1.5×)","12","13","standard-identifier"
"hu-HU","sensorBlanks","3","APS-C (1.6×)","12","13","standard-identifier"
"it-IT","names","Settings","Impostazioni","12","12","canon-adapted"
"it-IT","names","Green Back","Sfondo verde","12","12","dictionary-candidate"
"it-IT","names","Hand-Rotate","Ruota a mano","12","12","dictionary-candidate"
"it-IT","names","Tracking","Inseguimento","12","12","canon-exact"
"it-IT","names","Move Pivot","Sposta perno","12","12","dictionary-candidate"
"it-IT","names","4:3 Classic","4:3 Classico","12","12","dictionary-candidate"
"it-IT","names","1:1 Square","1:1 Quadrato","12","12","dictionary-candidate"
"it-IT","names","4:5 Portrait","4:5 Ritratto","12","12","review-required"
"it-IT","names","Vignette","Vignettatura","12","12","review-required"
"it-IT","sensorBlanks","2","APS-C (1.5×)","12","13","standard-identifier"
"it-IT","sensorBlanks","3","APS-C (1.6×)","12","13","standard-identifier"
"nb-NO","names","Reset","Tilbakestill","12","12","review-required"
"nb-NO","names","Blue Back","Blå bakgrunn","12","13","dictionary-candidate"
"nb-NO","names","Look Up","Rett oppover","12","12","dictionary-candidate"
"nb-NO","names","Look Down","Rett nedover","12","12","dictionary-candidate"
"nb-NO","names","Av Dial","Blenderverdi","12","12","review-required"
"nb-NO","names","Vertical Lock","Vertikal lås","12","13","dictionary-candidate"
"nb-NO","names","Drive Speed","AF-hastighet","12","12","dictionary-candidate"
"nb-NO","names","Responsive","Rask respons","12","12","dictionary-candidate"
"nb-NO","names","Start Distance","Startavstand","12","12","review-required"
"nb-NO","names","4:3 Classic","4:3 Klassisk","12","12","dictionary-candidate"
"nb-NO","names","Vignette","Vignettering","12","12","review-required"
"nb-NO","names","Focus Distance","Fokusavstand","12","12","review-required"
"nb-NO","names","Show Pins","Vis markører","12","13","dictionary-composition"
"nb-NO","sensorBlanks","2","APS-C (1.5×)","12","13","standard-identifier"
"nb-NO","sensorBlanks","3","APS-C (1.6×)","12","13","standard-identifier"
"nl-NL","names","Settings","Instellingen","12","12","canon-exact"
"nl-NL","names","Depth Cool","Koele diepte","12","12","dictionary-candidate"
"nl-NL","names","Enabled","Ingeschakeld","12","12","canon-adapted"
"nl-NL","names","Vibrance","Levendigheid","12","12","adobe-exact"
"nl-NL","names","Start Distance","Beginafstand","12","12","review-required"
"nl-NL","names","Fisheye Lens","Fisheye-lens","12","12","dictionary-candidate"
"nl-NL","names","4:3 Classic","4:3 Klassiek","12","12","review-required"
"nl-NL","names","1:1 Square","1:1 Vierkant","12","12","dictionary-candidate"
"nl-NL","names","Pixelation","Pixelvorming","12","12","review-required"
"nl-NL","names","Vignette","Vignettering","12","12","review-required"
"nl-NL","names","Teleport","Teleporteren","12","12","review-required"
"nl-NL","sensorBlanks","2","APS-C (1.5×)","12","13","standard-identifier"
"nl-NL","sensorBlanks","3","APS-C (1.6×)","12","13","standard-identifier"
"nn-NO","names","Blue Back","Blå bakgrunn","12","13","review-required"
"nn-NO","names","Look Up","Rett oppover","12","12","review-required"
"nn-NO","names","Look Down","Rett nedover","12","12","review-required"
"nn-NO","names","Av Dial","Blendarverdi","12","12","dictionary-composition"
"nn-NO","names","Vertical Lock","Loddrett lås","12","13","review-required"
"nn-NO","names","Responsive","Rask respons","12","12","review-required"
"nn-NO","names","Smooth Rotate","Jamn dreiing","12","12","review-required"
"nn-NO","names","Magenta-Green","Magenta-Grøn","12","13","review-required"
"nn-NO","names","Start Distance","Startavstand","12","12","review-required"
"nn-NO","names","4:3 Classic","4:3 Klassisk","12","12","review-required"
"nn-NO","names","Vignette","Vignettering","12","12","review-required"
"nn-NO","names","Focus Distance","Fokusavstand","12","12","education-composition"
"nn-NO","names","Zone Size","Sonestorleik","12","12","review-required"
"nn-NO","names","Zone Softness","Sonemjukleik","12","12","dictionary-composition"
"nn-NO","names","Show Pins","Vis markørar","12","13","dictionary-composition"
"nn-NO","dynamic","WorldDrop","Fest i verda","12","12","review-required"
"nn-NO","sensorBlanks","2","APS-C (1.5×)","12","13","standard-identifier"
"nn-NO","sensorBlanks","3","APS-C (1.6×)","12","13","standard-identifier"
"pl-PL","names","Advanced","Zaawansowane","12","12","review-required"
"pl-PL","names","Display","Wyświetlanie","12","13","canon-exact"
"pl-PL","names","Track Self","Śledź siebie","12","14","review-required"
"pl-PL","names","Picture Style","Styl obrazów","12","13","canon-exact"
"pl-PL","names","White Bal.","Balans bieli","12","12","canon-exact"
"pl-PL","names","Operation","Działanie AF","12","13","canon-exact"
"pl-PL","names","Smooth Rotate","Płynny obrót","12","14","review-required"
"pl-PL","names","Intensity","Intensywność","12","14","adobe-exact"
"pl-PL","names","9:16 Vertical","9:16 Pionowy","12","12","review-required"
"pl-PL","names","Pixelation","Pikselizacja","12","12","review-required"
"pl-PL","names","Dither","Roztrząsanie","12","13","review-required"
"pl-PL","names","Posterize","Posteryzacja","12","12","adobe-exact"
"pl-PL","names","Vignette","Winietowanie","12","12","review-required"
"pl-PL","names","Spread","Rozproszenie","12","12","review-required"
"pl-PL","names","Hide Self","Ukryj siebie","12","12","review-required"
"pl-PL","names","Dolly","Jazda kamery","12","12","review-required"
"pl-PL","names","Show Numbers","Pokaż numery","12","13","review-required"
"pl-PL","names","Duration","Czas trwania","12","12","review-required"
"pl-PL","dynamic","CameraPin","Znacznik {0}","12","12","review-required"
"pl-PL","sensorBlanks","2","APS-C (1.5×)","12","13","standard-identifier"
"pl-PL","sensorBlanks","3","APS-C (1.6×)","12","13","standard-identifier"
"pt-PT","names","Display","Apresentação","12","14","canon-exact"
"pt-PT","names","Move Camera","Mover câmara","12","13","dictionary-candidate"
"pt-PT","names","Drop Pivot","Colocar pivô","12","13","dictionary-candidate"
"pt-PT","names","4:3 Classic","4:3 Clássico","12","13","dictionary-candidate"
"pt-PT","names","1:1 Square","1:1 Quadrado","12","12","dictionary-candidate"
"pt-PT","names","Posterize","Posterização","12","14","review-required"
"pt-PT","names","Drop (Reset to Hand)","Voltar à mão","12","14","dictionary-candidate"
"pt-PT","names","Reset to Hand","Voltar à mão","12","14","dictionary-candidate"
"pt-PT","dynamic","CameraPin","Marcador {0}","12","12","dictionary-candidate"
"pt-PT","sensorBlanks","2","APS-C (1.5×)","12","13","standard-identifier"
"pt-PT","sensorBlanks","3","APS-C (1.6×)","12","13","standard-identifier"
"ro-RO","names","Green Back","Fundal verde","12","12","dictionary-candidate"
"ro-RO","names","Quick Selfie","Selfie rapid","12","12","dictionary-candidate"
"ro-RO","names","Move Pivot","Mutare pivot","12","12","dictionary-candidate"
"ro-RO","names","Midtones","Tonuri medii","12","12","review-required"
"ro-RO","names","Brightness","Luminozitate","12","12","canon-exact"
"ro-RO","names","Hand Offset","Decalaj mână","12","14","dictionary-candidate"
"ro-RO","sensorBlanks","2","APS-C (1.5×)","12","13","standard-identifier"
"ro-RO","sensorBlanks","3","APS-C (1.6×)","12","13","standard-identifier"
"ru-RU","names","Tracking","Отслеживание","12","24","canon-exact"
"ru-RU","names","Saturation","Насыщенность","12","24","canon-exact"
"ru-RU","names","Midtones","Средние тона","12","23","dictionary-candidate"
"ru-RU","names","Pixelation","Пикселизация","12","24","review-required"
"ru-RU","names","Block Size","Размер блока","12","23","dictionary-candidate"
"ru-RU","names","Posterize","Постеризация","12","24","review-required"
"ru-RU","names","Teleport","Телепортация","12","24","review-required"
"ru-RU","names","Duration","Длительность","12","24","review-required"
"ru-RU","sensorBlanks","2","APS-C (1.5×)","12","13","standard-identifier"
"ru-RU","sensorBlanks","3","APS-C (1.6×)","12","13","standard-identifier"
"sv-SE","names","Blue Back","Blå bakgrund","12","13","dictionary-candidate"
"sv-SE","names","Quick Selfie","Snabb selfie","12","12","dictionary-candidate"
"sv-SE","names","Av Dial","Bländarvärde","12","14","canon-exact"
"sv-SE","names","Move Focus","Flytta fokus","12","12","dictionary-candidate"
"sv-SE","names","Drive Speed","AF-hastighet","12","12","canon-exact"
"sv-SE","names","Locked-on","Behåll motiv","12","13","canon-adapted"
"sv-SE","names","Magenta-Green","Magenta-Grön","12","13","dictionary-candidate"
"sv-SE","names","Start Distance","Startavstånd","12","13","review-required"
"sv-SE","names","4:3 Classic","4:3 Klassisk","12","12","review-required"
"sv-SE","names","Block Size","Blockstorlek","12","12","review-required"
"sv-SE","names","Vignette","Vinjettering","12","12","review-required"
"sv-SE","names","Dolly","Kameraåkning","12","13","review-required"
"sv-SE","sensorBlanks","2","APS-C (1.5×)","12","13","standard-identifier"
"sv-SE","sensorBlanks","3","APS-C (1.6×)","12","13","standard-identifier"
"th-TH","names","Look At Feet","หันไปที่เท้า","12","36","review-required"
"th-TH","names","Track Self","ติดตามตัวเอง","12","36","review-required"
"th-TH","names","Increase","หรี่รูรับแสง","12","36","canon-adapted"
"th-TH","names","Decrease","เปิดรูรับแสง","12","36","canon-exact"
"th-TH","names","Sensor Type","ขนาดเซนเซอร์","12","36","review-required"
"th-TH","names","Drone Speed","ความเร็วโดรน","12","36","review-required"
"th-TH","names","Focus Guide","ตัวช่วยโฟกัส","12","36","canon-exact"
"th-TH","names","Color Grading","การปรับโทนสี","12","36","review-required"
"th-TH","names","Start Distance","ระยะเริ่มต้น","12","36","review-required"
"th-TH","names","16:9 Widescreen","16:9 จอกว้าง","12","26","review-required"
"th-TH","names","9:16 Vertical","9:16 แนวตั้ง","12","26","dictionary-candidate"
"th-TH","names","Aspect Ratio","อัตราส่วนภาพ","12","36","canon-exact"
"th-TH","names","Rotate With Avatar","หมุนตามอวตาร","12","36","review-required"
"th-TH","sensorBlanks","2","APS-C (1.5×)","12","13","standard-identifier"
"th-TH","sensorBlanks","3","APS-C (1.6×)","12","13","standard-identifier"
"tr-TR","names","Show/Hide","Göster/Gizle","12","13","dictionary-candidate"
"tr-TR","names","Look Down","Aşağı yönelt","12","16","dictionary-candidate"
"tr-TR","names","Decrease","Diyaframı aç","12","14","canon-adapted"
"tr-TR","names","EV Dial","Poz Telafisi","12","12","canon-exact"
"tr-TR","names","Focus Guide","Odak Rehberi","12","12","canon-exact"
"tr-TR","names","One-Shot AF","Tek Çekim AF","12","13","canon-exact"
"tr-TR","names","Chromatic Aberration","Renk sapması","12","13","canon-adapted"
"tr-TR","names","Posterize","Posterleştir","12","13","adobe-exact"
"tr-TR","names","Aspect Ratio","En/Boy Oranı","12","13","canon-adapted"
"tr-TR","names","Center X","Yatay merkez","12","12","dictionary-candidate"
"tr-TR","names","Center Y","Dikey merkez","12","12","dictionary-candidate"
"tr-TR","names","Focus Zone","Odak bölgesi","12","13","dictionary-candidate"
"tr-TR","names","Zone Size","Bölge boyutu","12","13","dictionary-candidate"
"tr-TR","names","Drop (Reset to Hand)","Ele geri dön","12","13","dictionary-candidate"
"tr-TR","names","Reset to Hand","Ele geri dön","12","13","dictionary-candidate"
"tr-TR","sensorBlanks","2","APS-C (1.5×)","12","13","standard-identifier"
"tr-TR","sensorBlanks","3","APS-C (1.6×)","12","13","standard-identifier"
"uk-UA","names","Settings","Налаштування","12","24","canon-exact"
"uk-UA","names","Display","Відображення","12","24","canon-exact"
"uk-UA","names","Octagon","Восьмикутник","12","24","review-required"
"uk-UA","names","Quick Selfie","Швидке селфі","12","23","review-required"
"uk-UA","names","Drive Speed","Швидкість АФ","12","23","canon-exact"
"uk-UA","names","Midtones","Середні тони","12","23","review-required"
"uk-UA","names","Pixelation","Пікселізація","12","24","review-required"
"uk-UA","names","Block Size","Розмір блока","12","23","review-required"
"uk-UA","names","Posterize","Постеризація","12","24","review-required"
"uk-UA","names","Tilt-Shift","Нахил і зсув","12","22","dictionary-candidate"
"uk-UA","names","Vignette","Віньєтування","12","24","review-required"
"uk-UA","names","Avatar Offset","Зсув аватара","12","23","dictionary-candidate"
"uk-UA","names","Teleport","Телепортація","12","24","review-required"
"uk-UA","names","Dolly","Рух на візку","12","22","review-required"
"uk-UA","names","Full","Усі напрямки","12","23","review-required"
"uk-UA","names","Reverse","Туди й назад","12","22","review-required"
"uk-UA","sensorBlanks","2","APS-C (1.5×)","12","13","standard-identifier"
"uk-UA","sensorBlanks","3","APS-C (1.6×)","12","13","standard-identifier"
"bg-BG","names","Octagon","Осмоъгълник","11","22","dictionary-candidate"
"bg-BG","names","Infinity","Безкрайност","11","22","canon-adapted"
"bg-BG","names","Quick Selfie","Бързо селфи","11","21","review-required"
"bg-BG","names","1.85:1 Theatrical","1.85:1 Кино","11","15","review-required"
"bg-BG","names","1:1 Square","1:1 Квадрат","11","18","review-required"
"cs-CZ","names","Octagon","Osmiúhelník","11","13","dictionary-candidate"
"cs-CZ","names","Movie Mode","Režim filmu","11","12","dictionary-candidate"
"cs-CZ","names","Bokeh Shape","Tvar bokehu","11","11","dictionary-candidate"
"cs-CZ","names","Drive Speed","Rychlost AF","11","11","canon-exact"
"cs-CZ","names","Film Grain","Zrnitý film","11","12","adobe-exact"
"cs-CZ","names","1.85:1 Theatrical","1.85:1 Kino","11","11","review-required"
"cs-CZ","names","1:1 Square","1:1 Čtverec","11","12","dictionary-candidate"
"cs-CZ","names","9:16 Vertical","9:16 Svislý","11","12","dictionary-candidate"
"cs-CZ","names","Posterize","Posterizace","11","11","review-required"
"cs-CZ","names","Aspect Ratio","Poměr stran","11","12","canon-adapted"
"cs-CZ","names","Duration","Doba trvání","11","13","review-required"
"da-DK","names","Exposure","Eksponering","11","11","canon-exact"
"da-DK","names","3D Mode","3D-tilstand","11","11","dictionary-candidate"
"da-DK","names","Increase","Luk blænden","11","12","canon-adapted"
"da-DK","names","Decrease","Åbn blænden","11","13","canon-adapted"
"da-DK","names","Av Dial","Blændeværdi","11","13","canon-adapted"
"da-DK","names","Move Camera","Flyt kamera","11","11","dictionary-candidate"
"da-DK","names","White Bal.","Hvidbalance","11","11","canon-exact"
"da-DK","names","Operation","AF-funktion","11","11","canon-exact"
"da-DK","names","One-Shot AF","One-Shot AF","11","11","canon-exact"
"da-DK","names","Midtones","Mellemtoner","11","11","review-required"
"da-DK","names","Film Grain","Kornet film","11","11","adobe-exact"
"da-DK","names","1:1 Square","1:1 Kvadrat","11","11","dictionary-candidate"
"da-DK","names","4:5 Portrait","4:5 Portræt","11","12","dictionary-candidate"
"da-DK","names","9:16 Vertical","9:16 Lodret","11","11","dictionary-candidate"
"da-DK","names","Zoom Blur","Zoomsløring","11","12","review-required"
"da-DK","names","Zone Softness","Zoneblødhed","11","12","review-required"
"da-DK","names","Delay","Forsinkelse","11","11","review-required"
"da-DK","tonemapBlanks","0","Deaktiveret","11","11","review-required"
"de-DE","names","Movie Mode","Movie-Modus","11","11","dictionary-candidate"
"de-DE","names","Sensor Type","Sensorgröße","11","13","review-required"
"de-DE","names","Av Dial","Blendenwert","11","11","canon-exact"
"de-DE","names","One-Shot AF","One-Shot AF","11","11","canon-exact"
"de-DE","names","Depth Fog","Tiefennebel","11","11","review-required"
"de-DE","names","Film Grain","Filmkörnung","11","12","adobe-exact"
"de-DE","names","1.85:1 Theatrical","1.85:1 Kino","11","11","review-required"
"de-DE","names","1:1 Square","1:1 Quadrat","11","11","dictionary-candidate"
"de-DE","names","Pixelation","Verpixelung","11","11","review-required"
"de-DE","names","Posterize","Tontrennung","11","11","adobe-exact"
"de-DE","names","Depth Mode","Tiefenmodus","11","11","review-required"
"de-DE","names","Spread","Ausbreitung","11","11","review-required"
"de-DE","names","Dolly","Kamerafahrt","11","11","dictionary-candidate"
"de-DE","names","Loop","Wiederholen","11","11","review-required"
"de-DE","names","Delay","Verzögerung","11","12","review-required"
"de-DE","names","Hand Offset","Handversatz","11","11","review-required"
"de-DE","tonemapBlanks","0","Deaktiviert","11","11","review-required"
"el-GR","names","Depth Cool","Ψυχρό βάθος","11","21","dictionary-candidate"
"el-GR","names","Depth Cute","Απαλό βάθος","11","21","dictionary-candidate"
"el-GR","names","Bokeh Shape","Σχήμα bokeh","11","16","dictionary-candidate"
"el-GR","names","Focus Peaking","Κορύφωση MF","11","19","canon-adapted"
"el-GR","names","Drive Speed","Ταχύτητα AF","11","19","canon-exact"
"el-GR","names","One-Shot AF","One-Shot AF","11","11","canon-exact"
"el-GR","names","Brightness","Φωτεινότητα","11","22","canon-exact"
"el-GR","names","Film Grain","Κόκκος φιλμ","11","21","dictionary-candidate"
"el-GR","names","4:3 Classic","4:3 Κλασικό","11","18","review-required"
"el-GR","names","Posterize","Αφισοποίηση","11","22","review-required"
"el-GR","names","Zoom Blur","Θόλωση ζουμ","11","21","review-required"
"el-GR","names","Play","Αναπαραγωγή","11","22","canon-exact"
"el-GR","names","Delay","Καθυστέρηση","11","22","review-required"
"es-419","names","Reset","Restablecer","11","11","canon-exact"
"es-419","names","Spotlight","Foco de luz","11","11","review-required"
"es-419","names","Green Back","Fondo verde","11","11","review-required"
"es-419","names","Tracking","Seguimiento","11","11","canon-exact"
"es-419","names","1.85:1 Theatrical","1.85:1 Cine","11","11","review-required"
"es-419","names","4:3 Classic","4:3 Clásico","11","12","review-required"
"es-419","names","4:5 Portrait","4:5 Retrato","11","11","review-required"
"es-419","names","Path","Trayectoria","11","11","review-required"
"es-419","tonemapBlanks","0","Desactivado","11","11","review-required"
"es-ES","names","Reset","Restablecer","11","11","canon-exact"
"es-ES","names","Spotlight","Foco de luz","11","11","review-required"
"es-ES","names","Green Back","Fondo verde","11","11","review-required"
"es-ES","names","Tracking","Seguimiento","11","11","canon-exact"
"es-ES","names","1.85:1 Theatrical","1.85:1 Cine","11","11","review-required"
"es-ES","names","4:3 Classic","4:3 Clásico","11","12","review-required"
"es-ES","names","4:5 Portrait","4:5 Retrato","11","11","review-required"
"es-ES","names","Path","Trayectoria","11","11","review-required"
"es-ES","tonemapBlanks","0","Desactivado","11","11","review-required"
"fi-FI","names","Stabilize","Kuvanvakain","11","11","canon-exact"
"fi-FI","names","Portrait","Pystysuunta","11","11","dictionary-candidate"
"fi-FI","names","Hexagon","Kuusikulmio","11","11","dictionary-candidate"
"fi-FI","names","Sensor Type","Kennon koko","11","11","dictionary-candidate"
"fi-FI","names","Highlights","Huippuvalot","11","11","review-required"
"fi-FI","names","Pixelation","Pikselöinti","11","12","adobe-exact"
"fi-FI","names","Block Size","Lohkon koko","11","11","dictionary-candidate"
"fi-FI","names","Vignette","Vinjetointi","11","11","review-required"
"fi-FI","names","Teleport","Teleporttaa","11","11","review-required"
"fi-FI","names","Playback","Toistokohta","11","11","review-required"
"fi-FI","names","Linear","Lineaarinen","11","11","review-required"
"fr-FR","names","Grid","Quadrillage","11","11","canon-exact"
"fr-FR","names","Midtones","Tons moyens","11","11","dictionary-candidate"
"fr-FR","names","Film Grain","Grain photo","11","11","adobe-exact"
"fr-FR","names","Save","Enregistrer","11","11","canon-exact"
"hu-HU","names","Enable","Bekapcsolás","11","12","canon-adapted"
"hu-HU","names","Settings","Beállítások","11","14","canon-adapted"
"hu-HU","names","Green Back","Zöld háttér","11","14","dictionary-candidate"
"hu-HU","names","Manual Focus","Kézi fókusz","11","13","canon-exact"
"hu-HU","names","Av Dial","Rekeszérték","11","13","canon-adapted"
"hu-HU","names","Drive Speed","AF-sebesség","11","12","canon-exact"
"hu-HU","names","One-Shot AF","One-Shot AF","11","11","canon-exact"
"hu-HU","names","Enabled","Bekapcsolva","11","11","canon-adapted"
"hu-HU","names","Axial Focus-Aware","Fókuszfüggő","11","14","review-required"
"hu-HU","names","Saturation","Telítettség","11","13","canon-exact"
"hu-HU","names","Highlights","Csúcsfények","11","13","review-required"
"hu-HU","names","Film Grain","Filmszemcse","11","11","review-required"
"hu-HU","names","1.85:1 Theatrical","1.85:1 Mozi","11","11","dictionary-candidate"
"hu-HU","names","1:1 Square","1:1 Négyzet","11","12","dictionary-candidate"
"hu-HU","names","Pixelation","Pixelesítés","11","13","review-required"
"hu-HU","names","Blur","Életlenítés","11","14","adobe-exact"
"hu-HU","names","Vignette","Vignettálás","11","13","review-required"
"hu-HU","names","Zone Size","Zóna mérete","11","13","dictionary-candidate"
"hu-HU","names","Delay","Késleltetés","11","13","review-required"
"hu-HU","dynamic","CameraPin","{0}. jelölő","11","13","review-required"
"hu-HU","tonemapBlanks","0","Kikapcsolva","11","11","review-required"
"hu-HU","tonemapBlanks","1","Filmszerű 1","11","12","review-required"
"hu-HU","tonemapBlanks","2","Filmszerű 2","11","12","review-required"
"it-IT","names","Exposure","Esposizione","11","11","canon-adapted"
"it-IT","names","3D Mode","Modalità 3D","11","12","dictionary-candidate"
"it-IT","names","Drive Speed","Velocità AF","11","12","canon-exact"
"it-IT","names","One-Shot AF","AF One-Shot","11","11","canon-exact"
"it-IT","names","Saturation","Saturazione","11","11","canon-exact"
"it-IT","tonemapBlanks","0","Disattivato","11","11","review-required"
"nb-NO","names","Exposure","Eksponering","11","11","dictionary-candidate"
"nb-NO","names","Quick Selfie","Rask selfie","11","11","dictionary-candidate"
"nb-NO","names","White Bal.","Hvitbalanse","11","11","review-required"
"nb-NO","names","Move Focus","Flytt fokus","11","11","dictionary-candidate"
"nb-NO","names","Operation","AF-funksjon","11","11","dictionary-candidate"
"nb-NO","names","One-Shot AF","One-Shot AF","11","11","review-required"
"nb-NO","names","Midtones","Mellomtoner","11","11","adobe-exact"
"nb-NO","names","Letterbox","Kinostriper","11","11","review-required"
"nb-NO","names","1.85:1 Theatrical","1.85:1 Kino","11","11","dictionary-candidate"
"nb-NO","names","1:1 Square","1:1 Kvadrat","11","11","dictionary-candidate"
"nb-NO","names","4:5 Portrait","4:5 Stående","11","12","dictionary-candidate"
"nb-NO","names","Pixelation","Pikselering","11","11","review-required"
"nb-NO","names","Aspect Ratio","Sideforhold","11","11","review-required"
"nb-NO","names","Delay","Forsinkelse","11","11","review-required"
"nl-NL","names","Enable","Inschakelen","11","11","canon-adapted"
"nl-NL","names","Advanced","Geavanceerd","11","11","dictionary-candidate"
"nl-NL","names","Drive Speed","AF-snelheid","11","11","canon-exact"
"nl-NL","names","Saturation","Verzadiging","11","11","canon-exact"
"nl-NL","names","Midtones","Middentonen","11","11","review-required"
"nl-NL","names","Highlights","Hooglichten","11","11","adobe-exact"
"nl-NL","names","Intensity","Intensiteit","11","11","dictionary-candidate"
"nl-NL","names","Lens Size","Lensgrootte","11","11","review-required"
"nl-NL","names","Block Size","Blokgrootte","11","11","review-required"
"nl-NL","names","Depth Mode","Dieptemodus","11","11","review-required"
"nl-NL","names","Zone Size","Zonegrootte","11","11","review-required"
"nl-NL","names","Dolly","Rijbeweging","11","11","review-required"
"nn-NO","names","Exposure","Eksponering","11","11","review-required"
"nn-NO","names","Quick Selfie","Rask sjølvi","11","12","review-required"
"nn-NO","names","White Bal.","Kvitbalanse","11","11","education-composition"
"nn-NO","names","Move Focus","Flytt fokus","11","11","education-composition"
"nn-NO","names","Operation","AF-funksjon","11","11","review-required"
"nn-NO","names","Midtones","Mellomtonar","11","11","review-required"
"nn-NO","names","Letterbox","Kinostriper","11","11","review-required"
"nn-NO","names","1.85:1 Theatrical","1.85:1 Kino","11","11","review-required"
"nn-NO","names","1:1 Square","1:1 Kvadrat","11","11","review-required"
"nn-NO","names","4:5 Portrait","4:5 Ståande","11","12","dictionary-candidate"
"nn-NO","names","Pixelation","Pikselering","11","11","review-required"
"nn-NO","names","Aspect Ratio","Sideforhold","11","11","review-required"
"nn-NO","names","Depth Mode","Djupnemodus","11","11","review-required"
"nn-NO","names","Delay","Forseinking","11","11","review-required"
"pl-PL","names","Green Back","Zielone tło","11","12","review-required"
"pl-PL","names","Show/Hide","Pokaż/Ukryj","11","12","review-required"
"pl-PL","names","Move HUD","Przesuń HUD","11","12","review-required"
"pl-PL","names","Drive Speed","Szybkość AF","11","13","canon-exact"
"pl-PL","names","One-Shot AF","One-Shot AF","11","11","canon-exact"
"pl-PL","names","Standard","Standardowy","11","11","canon-adapted"
"pl-PL","names","Letterbox","Pasy kinowe","11","11","review-required"
"pl-PL","names","1:1 Square","1:1 Kwadrat","11","11","review-required"
"pl-PL","names","4:5 Portrait","4:5 Portret","11","11","review-required"
"pt-PT","names","Green Back","Fundo verde","11","11","dictionary-candidate"
"pt-PT","names","Track Pivot","Seguir pivô","11","12","dictionary-candidate"
"pt-PT","names","Operation","Operação AF","11","13","canon-exact"
"pt-PT","names","One-Shot AF","One-Shot AF","11","11","canon-exact"
"pt-PT","names","Midtones","Tons médios","11","12","adobe-region-review"
"pt-PT","names","Intensity","Intensidade","11","11","adobe-region-review"
"pt-PT","names","4:5 Portrait","4:5 Retrato","11","11","dictionary-candidate"
"pt-PT","names","Pixelation","Pixelização","11","13","adobe-region-review"
"pt-PT","names","Reverse","Ida e volta","11","11","review-required"
"ro-RO","names","Movie Mode","Mod filmare","11","11","dictionary-candidate"
"ro-RO","names","One-Shot AF","AF un cadru","11","11","canon-exact"
"ro-RO","names","Smooth Rotate","Rotire lină","11","12","dictionary-candidate"
"ro-RO","names","Intensity","Intensitate","11","11","dictionary-candidate"
"ro-RO","names","4:5 Portrait","4:5 Portret","11","11","dictionary-candidate"
"ro-RO","names","Posterize","Posterizare","11","11","review-required"
"ro-RO","names","Zone Softness","Finețe zonă","11","13","dictionary-candidate"
"ro-RO","names","Teleport","Teleportare","11","11","review-required"
"ru-RU","names","Focus","Фокусировка","11","22","canon-adapted"
"ru-RU","names","Display","Отображение","11","22","canon-exact"
"ru-RU","names","Green Back","Зелёный фон","11","21","dictionary-candidate"
"ru-RU","names","Drive Speed","Скорость AF","11","19","canon-exact"
"ru-RU","names","Standard","Стандартный","11","22","canon-adapted"
"ru-RU","names","Vibrance","Красочность","11","22","adobe-exact"
"ru-RU","names","1:1 Square","1:1 Квадрат","11","18","dictionary-candidate"
"ru-RU","names","Spread","Рассеивание","11","22","review-required"
"ru-RU","names","Zone Size","Размер зоны","11","21","dictionary-candidate"
"ru-RU","names","Hide Self","Скрыть себя","11","21","dictionary-candidate"
"ru-RU","tonemapBlanks","1","Плёночный 1","11","20","dictionary-candidate"
"ru-RU","tonemapBlanks","2","Плёночный 2","11","20","dictionary-candidate"
"ru-RU","tonemapBlanks","4","Нейтральное","11","22","review-required"
"sv-SE","names","Octagon","Åttahörning","11","13","dictionary-candidate"
"sv-SE","names","Look Up","Rikta uppåt","11","12","dictionary-candidate"
"sv-SE","names","Look Down","Rikta nedåt","11","12","dictionary-candidate"
"sv-SE","names","Operation","AF-funktion","11","11","canon-exact"
"sv-SE","names","One-Shot AF","One-Shot AF","11","11","canon-exact"
"sv-SE","names","Midtones","Mellantoner","11","11","review-required"
"sv-SE","names","Film Grain","Kornig film","11","11","adobe-exact"
"sv-SE","names","1:1 Square","1:1 Kvadrat","11","11","dictionary-candidate"
"sv-SE","names","4:5 Portrait","4:5 Stående","11","12","dictionary-candidate"
"sv-SE","names","9:16 Vertical","9:16 Lodrät","11","12","dictionary-candidate"
"sv-SE","names","Zoom Blur","Zoomoskärpa","11","12","review-required"
"sv-SE","names","Teleport","Teleportera","11","11","dictionary-candidate"
"sv-SE","names","Show Numbers","Visa nummer","11","11","dictionary-candidate"
"sv-SE","names","Duration","Varaktighet","11","11","review-required"
"sv-SE","names","Delay","Fördröjning","11","13","review-required"
"sv-SE","tonemapBlanks","0","Inaktiverad","11","11","review-required"
"th-TH","names","Avatar-Drop","ยึดกับอวตาร","11","33","review-required"
"th-TH","names","Av Dial","ค่ารูรับแสง","11","33","canon-exact"
"th-TH","names","Bokeh Shape","รูปทรงโบเก้","11","33","review-required"
"th-TH","names","Hand-Rotate","หมุนด้วยมือ","11","33","review-required"
"th-TH","names","Move Pivot","ย้ายจุดหมุน","11","33","review-required"
"th-TH","names","Vertical Lock","ล็อกแนวตั้ง","11","33","review-required"
"th-TH","names","White Bal.","สมดุลแสงขาว","11","33","canon-exact"
"th-TH","names","Drive Speed","ความเร็ว AF","11","27","canon-exact"
"th-TH","names","Far Clip Plane","ระนาบตัดไกล","11","33","review-required"
"th-TH","names","Softness","ความนุ่มนวล","11","33","review-required"
"th-TH","names","Density","ความหนาแน่น","11","33","dictionary-candidate"
"th-TH","names","Fisheye Lens","เลนส์ฟิชอาย","11","33","review-required"
"th-TH","names","Letterbox","แถบภาพยนตร์","11","33","review-required"
"th-TH","names","4:3 Classic","4:3 คลาสสิก","11","25","review-required"
"th-TH","names","4:5 Portrait","4:5 แนวตั้ง","11","25","dictionary-candidate"
"th-TH","names","Dither","การเกลี่ยสี","11","33","review-required"
"th-TH","names","Tilt-Shift","ทิลต์-ชิฟต์","11","31","review-required"
"th-TH","names","Depth Mode","โหมดระยะลึก","11","33","review-required"
"th-TH","names","Focus Zone","บริเวณโฟกัส","11","33","review-required"
"th-TH","names","Show Path","แสดงเส้นทาง","11","33","review-required"
"th-TH","names","Show Numbers","แสดงหมายเลข","11","33","review-required"
"th-TH","names","Go To Pin","ไปยังจุดปัก","11","33","review-required"
"th-TH","tonemapBlanks","4","ภาพเป็นกลาง","11","33","review-required"
"tr-TR","names","Enable","Etkinleştir","11","12","canon-adapted"
"tr-TR","names","Display","Görüntüleme","11","14","canon-exact"
"tr-TR","names","Look At Face","Yüze yönelt","11","13","dictionary-candidate"
"tr-TR","names","Manual Focus","Manuel Odak","11","11","canon-exact"
"tr-TR","names","Picture Style","Resim Stili","11","11","canon-adapted"
"tr-TR","names","Hide Lens","Lensi gizle","11","11","dictionary-candidate"
"tr-TR","names","Bokeh Shape","Bokeh şekli","11","12","dictionary-candidate"
"tr-TR","names","Hand-Rotate","Elle döndür","11","13","dictionary-candidate"
"tr-TR","names","Vertical Lock","Dikey kilit","11","11","dictionary-candidate"
"tr-TR","names","White Bal.","Beyaz Ayarı","11","12","canon-exact"
"tr-TR","names","Locked-on","Konuyu koru","11","11","canon-adapted"
"tr-TR","names","Responsive","Hızlı tepki","11","13","canon-adapted"
"tr-TR","names","Custom","Ek işlevler","11","12","review-required"
"tr-TR","names","Axial Focus-Aware","Odağa bağlı","11","14","dictionary-candidate"
"tr-TR","names","Midtones","Orta tonlar","11","11","dictionary-candidate"
"tr-TR","names","Highlights","Açık tonlar","11","13","dictionary-candidate"
"tr-TR","names","Roundness","Yuvarlaklık","11","12","dictionary-candidate"
"tr-TR","names","Lens Size","Lens boyutu","11","11","dictionary-candidate"
"tr-TR","names","X","Yatay konum","11","11","dictionary-candidate"
"tr-TR","names","Y","Dikey konum","11","11","dictionary-candidate"
"tr-TR","names","Block Size","Blok boyutu","11","11","review-required"
"tr-TR","names","Show Path","Yolu göster","11","12","dictionary-candidate"
"tr-TR","names","Go To Pin","İşarete git","11","13","dictionary-candidate"
"tr-TR","dynamic","FisheyeCenterX","Yatay konum","11","11","dictionary-candidate"
"tr-TR","dynamic","FisheyeCenterY","Dikey konum","11","11","dictionary-candidate"
"uk-UA","names","Focus","Фокусування","11","22","canon-adapted"
"uk-UA","names","Hexagon","Шестикутник","11","22","review-required"
"uk-UA","names","Standard","Стандартний","11","22","canon-adapted"
"uk-UA","names","Saturation","Насиченість","11","22","canon-adapted"
"uk-UA","names","Vibrance","Соковитість","11","22","review-required"
"uk-UA","names","1:1 Square","1:1 Квадрат","11","18","dictionary-candidate"
"uk-UA","names","Zone Size","Розмір зони","11","21","review-required"
"uk-UA","names","Load","Завантажити","11","22","canon-exact"
"uk-UA","tonemapBlanks","1","Плівковий 1","11","20","review-required"
"uk-UA","tonemapBlanks","2","Плівковий 2","11","20","review-required"
"uk-UA","tonemapBlanks","4","Нейтральний","11","22","review-required"
"bg-BG","names","Zoom","Мащабиране","10","20","review-required"
"bg-BG","names","Exposure","Експонация","10","20","canon-adapted"
"bg-BG","names","Operation","AF функция","10","17","canon-exact"
"bg-BG","names","Drive Speed","AF скорост","10","17","canon-exact"
"bg-BG","names","Standard","Стандартен","10","20","canon-adapted"
"bg-BG","names","Saturation","Наситеност","10","20","canon-exact"
"bg-BG","names","Blur","Размазване","10","20","review-required"
"bg-BG","names","Vignette","Винетиране","10","20","review-required"
"bg-BG","names","Loop","Повторение","10","20","review-required"
"bg-BG","names","Path","Траектория","10","20","review-required"
"bg-BG","dynamic","CameraPin","Маркер {0}","10","16","review-required"
"cs-CZ","names","Operation","Činnost AF","10","11","canon-exact"
"cs-CZ","names","Standard","Standardní","10","11","canon-exact"
"cs-CZ","names","Pixelation","Pixelizace","10","10","review-required"
"cs-CZ","names","Blur","Rozostření","10","12","adobe-exact"
"cs-CZ","names","Hide Self","Skrýt sebe","10","11","dictionary-candidate"
"cs-CZ","names","Hand Offset","Posun ruky","10","10","dictionary-candidate"
"cs-CZ","names","Reverse","Tam a zpět","10","11","review-required"
"cs-CZ","dynamic","CameraPin","Značka {0}","10","11","review-required"
"da-DK","names","Depth Cool","Kold dybde","10","10","review-required"
"da-DK","names","Depth Cute","Blød dybde","10","11","dictionary-candidate"
"da-DK","names","Movie Mode","Filmmetode","10","10","review-required"
"da-DK","names","Bokeh Shape","Bokeh-form","10","10","dictionary-candidate"
"da-DK","names","Focus Peaking","MF-peaking","10","10","canon-exact"
"da-DK","names","Vertical Lock","Lodret lås","10","11","dictionary-candidate"
"da-DK","names","Move Focus","Flyt fokus","10","10","review-required"
"da-DK","names","Intensity","Intensitet","10","10","review-required"
"da-DK","names","Pixelation","Pixelering","10","10","review-required"
"da-DK","names","Teleport","Teleportér","10","11","review-required"
"da-DK","names","Vertical","Kun lodret","10","10","dictionary-candidate"
"da-DK","names","Favorites","Favoritter","10","10","review-required"
"da-DK","dynamic","CameraPin","Markør {0}","10","11","review-required"
"de-DE","names","Enable","Aktivieren","10","10","canon-adapted"
"de-DE","names","Exposure","Belichtung","10","10","canon-exact"
"de-DE","names","Portrait","Hochformat","10","10","review-required"
"de-DE","names","Extra...","Weitere...","10","10","review-required"
"de-DE","names","Bokeh Shape","Bokeh-Form","10","10","dictionary-candidate"
"de-DE","names","Focus Peaking","MF Peaking","10","10","canon-exact"
"de-DE","names","Operation","AF-Betrieb","10","10","canon-exact"
"de-DE","names","AF Area","AF-Bereich","10","10","canon-exact"
"de-DE","names","Midtones","Mitteltöne","10","11","adobe-exact"
"de-DE","names","Brightness","Helligkeit","10","10","canon-exact"
"de-DE","names","Intensity","Intensität","10","11","adobe-exact"
"de-DE","names","Letterbox","Kinobalken","10","10","review-required"
"de-DE","names","Block Size","Blockgröße","10","12","review-required"
"de-DE","names","Tilt-Shift","Tilt-Shift","10","10","review-required"
"de-DE","names","Zone Size","Zonengröße","10","12","review-required"
"de-DE","tonemapBlanks","1","Filmisch 1","10","10","dictionary-candidate"
"de-DE","tonemapBlanks","2","Filmisch 2","10","10","dictionary-candidate"
"el-GR","names","Blue Back","Μπλε φόντο","10","19","dictionary-candidate"
"el-GR","names","AF Area","Περιοχή AF","10","17","canon-exact"
"el-GR","names","Dolly","Τράβελινγκ","10","20","review-required"
"el-GR","names","Save","Αποθήκευση","10","20","canon-exact"
"el-GR","dynamic","CameraPin","Σημείο {0}","10","16","dictionary-candidate"
"es-419","names","Exposure","Exposición","10","11","canon-exact"
"es-419","names","Blue Back","Fondo azul","10","10","review-required"
"es-419","names","Smooth Rotate","Giro suave","10","10","review-required"
"es-419","names","Saturation","Saturación","10","11","canon-exact"
"es-419","names","Vibrance","Intensidad","10","10","adobe-exact"
"es-419","names","Intensity","Intensidad","10","10","adobe-exact"
"es-419","names","Posterize","Posterizar","10","10","review-required"
"es-419","names","Blur","Desenfoque","10","10","adobe-exact"
"es-419","names","Dolly","Travelling","10","10","review-required"
"es-419","names","Play","Reproducir","10","10","canon-exact"
"es-ES","names","Exposure","Exposición","10","11","canon-exact"
"es-ES","names","Blue Back","Fondo azul","10","10","review-required"
"es-ES","names","Smooth Rotate","Giro suave","10","10","review-required"
"es-ES","names","Saturation","Saturación","10","11","canon-exact"
"es-ES","names","Vibrance","Intensidad","10","10","adobe-exact"
"es-ES","names","Intensity","Intensidad","10","10","adobe-exact"
"es-ES","names","Posterize","Posterizar","10","10","review-required"
"es-ES","names","Blur","Desenfoque","10","10","adobe-exact"
"es-ES","names","Dolly","Travelling","10","10","review-required"
"es-ES","names","Play","Reproducir","10","10","canon-exact"
"fi-FI","names","Saturation","Kylläisyys","10","11","canon-adapted"
"fi-FI","names","Midtones","Keskisävyt","10","11","review-required"
"fi-FI","names","Depth Fog","Syvyyssumu","10","10","review-required"
"fi-FI","names","Intensity","Voimakkuus","10","10","adobe-exact"
"fi-FI","names","Strength","Voimakkuus","10","10","adobe-exact"
"fi-FI","names","Center","Keskipiste","10","10","dictionary-candidate"
"fi-FI","names","Depth Mode","Syvyystila","10","10","review-required"
"fi-FI","names","Spread","Leviäminen","10","11","review-required"
"fi-FI","names","Dolly","Kamera-ajo","10","10","dictionary-candidate"
"fi-FI","dynamic","CameraPin","Merkki {0}","10","10","dictionary-candidate"
"fr-FR","names","Exposure","Exposition","10","10","canon-exact"
"fr-FR","names","Spotlight","Projecteur","10","10","dictionary-candidate"
"fr-FR","names","Movie Mode","Mode vidéo","10","11","dictionary-candidate"
"fr-FR","names","Focus Peaking","Repères MF","10","11","canon-adapted"
"fr-FR","names","Saturation","Saturation","10","10","canon-exact"
"fr-FR","names","Brightness","Luminosité","10","11","canon-exact"
"fr-FR","names","Hide Self","Se masquer","10","10","dictionary-candidate"
"fr-FR","names","Dolly","Travelling","10","10","dictionary-candidate"
"fr-FR","dynamic","CameraPin","Repère {0}","10","11","dictionary-candidate"
"fr-FR","tonemapBlanks","1","Filmique 1","10","10","dictionary-candidate"
"fr-FR","tonemapBlanks","2","Filmique 2","10","10","dictionary-candidate"
"hu-HU","names","Blue Back","Kék háttér","10","13","review-required"
"hu-HU","names","Operation","AF-művelet","10","11","canon-exact"
"hu-HU","names","AF Area","AF-terület","10","11","canon-exact"
"hu-HU","names","Magenta-Green","Bíbor-Zöld","10","12","dictionary-candidate"
"hu-HU","names","Intensity","Intenzitás","10","11","review-required"
"hu-HU","names","Block Size","Blokkméret","10","11","review-required"
"hu-HU","names","Focus Zone","Fókuszzóna","10","12","review-required"
"hu-HU","names","Reverse","Oda-vissza","10","10","dictionary-candidate"
"it-IT","names","Reset","Ripristina","10","10","canon-exact"
"it-IT","names","Spotlight","Riflettore","10","10","dictionary-candidate"
"it-IT","names","Blue Back","Sfondo blu","10","10","dictionary-candidate"
"it-IT","names","Picture Style","Stile Foto","10","10","canon-exact"
"it-IT","names","Move HUD","Sposta HUD","10","10","dictionary-candidate"
"it-IT","names","Focus Peaking","Peaking MF","10","10","canon-adapted"
"it-IT","names","Softness","Morbidezza","10","10","dictionary-candidate"
"it-IT","names","Brightness","Luminosità","10","11","canon-exact"
"it-IT","names","Size","Dimensioni","10","10","adobe-exact"
"it-IT","names","Posterize","Posterizza","10","10","review-required"
"it-IT","names","Spread","Estensione","10","10","review-required"
"it-IT","names","Dolly","Carrellata","10","10","dictionary-candidate"
"it-IT","names","Stop","Interrompi","10","10","canon-adapted"
"it-IT","dynamic","Next","Successivo","10","10","dictionary-candidate"
"nb-NO","names","Depth Cool","Kald dybde","10","10","dictionary-candidate"
"nb-NO","names","Mount Swap","Bytt feste","10","10","dictionary-candidate"
"nb-NO","names","Bokeh Shape","Bokeh-form","10","10","canon-adapted"
"nb-NO","names","Focus Peaking","MF-peaking","10","10","review-required"
"nb-NO","names","Intensity","Intensitet","10","10","review-required"
"nb-NO","names","Depth Mode","Dybdemodus","10","10","review-required"
"nb-NO","names","Zone Softness","Sonemykhet","10","10","review-required"
"nb-NO","names","Teleport","Teleporter","10","10","review-required"
"nb-NO","names","Favorites","Favoritter","10","10","review-required"
"nb-NO","dynamic","CameraPin","Markør {0}","10","11","dictionary-composition"
"nb-NO","tonemapBlanks","0","Deaktivert","10","10","review-required"
"nl-NL","names","Exposure","Belichting","10","10","canon-exact"
"nl-NL","names","Picture Style","Beeldstijl","10","10","canon-exact"
"nl-NL","names","Extra...","Overige...","10","10","review-required"
"nl-NL","names","Movie Mode","Videomodus","10","10","review-required"
"nl-NL","names","Focus Peaking","MF-peaking","10","10","canon-exact"
"nl-NL","names","Operation","AF-werking","10","10","canon-exact"
"nl-NL","names","One-Shot AF","1-beeld AF","10","10","canon-exact"
"nl-NL","names","Brightness","Helderheid","10","10","adobe-exact"
"nl-NL","names","Depth Fog","Dieptemist","10","10","review-required"
"nl-NL","names","Film Grain","Filmkorrel","10","10","adobe-exact"
"nl-NL","names","4:5 Portrait","4:5 Staand","10","10","review-required"
"nl-NL","names","Delay","Vertraging","10","10","review-required"
"nl-NL","names","Favorites","Favorieten","10","10","review-required"
"nl-NL","tonemapBlanks","1","Filmisch 1","10","10","dictionary-candidate"
"nl-NL","tonemapBlanks","2","Filmisch 2","10","10","dictionary-candidate"
"nn-NO","names","Depth Cool","Kald djupn","10","10","review-required"
"nn-NO","names","Depth Cute","Mjuk djupn","10","10","review-required"
"nn-NO","names","Bokeh Shape","Bokeh-form","10","10","review-required"
"nn-NO","names","Depth Fog","Djupnetåke","10","11","review-required"
"nn-NO","names","Intensity","Intensitet","10","10","review-required"
"nn-NO","names","Blur","Uskarpheit","10","10","review-required"
"nn-NO","names","Teleport","Teleporter","10","10","review-required"
"nn-NO","names","Show Numbers","Vis nummer","10","10","review-required"
"nn-NO","names","Favorites","Favorittar","10","10","review-required"
"nn-NO","dynamic","CameraPin","Markør {0}","10","11","dictionary-composition"
"nn-NO","dynamic","ZoomInSpeed4","Telefart 4","10","10","review-required"
"nn-NO","featureBlanks","104","Telefart 1","10","10","review-required"
"nn-NO","featureBlanks","105","Telefart 2","10","10","review-required"
"nn-NO","featureBlanks","106","Telefart 3","10","10","review-required"
"nn-NO","tonemapBlanks","0","Deaktivert","10","10","review-required"
"pl-PL","names","Settings","Ustawienia","10","10","canon-exact"
"pl-PL","names","Exposure","Ekspozycja","10","10","canon-adapted"
"pl-PL","names","Hexagon","Sześciokąt","10","12","review-required"
"pl-PL","names","Vibrance","Jaskrawość","10","12","adobe-exact"
"pl-PL","names","Depth Fog","Mgła głębi","10","13","review-required"
"pl-PL","names","Depth Mode","Tryb głębi","10","12","review-required"
"pl-PL","names","Teleport","Teleportuj","10","10","review-required"
"pl-PL","names","Delay","Opóźnienie","10","12","review-required"
"pt-PT","names","Settings","Definições","10","12","canon-exact"
"pt-PT","names","Blue Back","Fundo azul","10","10","dictionary-candidate"
"pt-PT","names","Tracking","Seguimento","10","10","canon-adapted"
"pt-PT","names","Move Pivot","Mover pivô","10","11","dictionary-candidate"
"pt-PT","names","Speed","Velocidade","10","10","dictionary-candidate"
"pt-PT","names","Vignette","Vinhetagem","10","10","review-required"
"pt-PT","names","Hide Self","Ocultar-se","10","10","dictionary-candidate"
"pt-PT","names","Dolly","Travelling","10","10","review-required"
"pt-PT","names","Play","Reproduzir","10","10","canon-exact"
"pt-PT","tonemapBlanks","0","Desativado","10","10","review-required"
"ro-RO","names","Focus","Focalizare","10","10","canon-exact"
"ro-RO","names","Move HUD","Mutare HUD","10","10","dictionary-candidate"
"ro-RO","names","Size","Dimensiune","10","10","dictionary-candidate"
"ro-RO","names","4:3 Classic","4:3 Clasic","10","10","dictionary-candidate"
"ro-RO","names","1:1 Square","1:1 Pătrat","10","11","dictionary-candidate"
"ro-RO","names","Pixelation","Pixelizare","10","10","review-required"
"ro-RO","names","Spread","Răspândire","10","12","review-required"
"ro-RO","names","Dolly","Travelling","10","10","dictionary-candidate"
"ro-RO","names","Delay","Întârziere","10","12","review-required"
"ro-RO","names","Reverse","Dus-întors","10","11","review-required"
"ro-RO","dynamic","CameraPin","Marcaj {0}","10","10","dictionary-candidate"
"ro-RO","tonemapBlanks","0","Dezactivat","10","10","review-required"
"ru-RU","names","Exposure","Экспозиция","10","20","canon-adapted"
"ru-RU","names","Bokeh Shape","Форма боке","10","19","dictionary-candidate"
"ru-RU","names","Operation","Функция AF","10","17","canon-exact"
"ru-RU","names","AF Area","Область AF","10","17","canon-exact"
"ru-RU","names","Roundness","Округлость","10","20","review-required"
"ru-RU","names","Stop","Остановить","10","20","canon-adapted"
"ru-RU","names","Path","Траектория","10","20","review-required"
"sv-SE","names","Exposure","Exponering","10","10","canon-exact"
"sv-SE","names","Depth Cool","Kallt djup","10","10","dictionary-candidate"
"sv-SE","names","Depth Cute","Mjukt djup","10","10","dictionary-candidate"
"sv-SE","names","Hexagon","Sexhörning","10","11","dictionary-candidate"
"sv-SE","names","DoF Mode","Skärpedjup","10","11","canon-exact"
"sv-SE","names","Move HUD","Flytta HUD","10","10","dictionary-candidate"
"sv-SE","names","Focus Peaking","MF-peaking","10","10","canon-exact"
"sv-SE","names","Focus Guide","Fokusguide","10","10","canon-exact"
"sv-SE","names","Brightness","Ljusstyrka","10","10","canon-adapted"
"sv-SE","names","Intensity","Intensitet","10","10","adobe-exact"
"sv-SE","names","Pixelation","Pixelering","10","10","review-required"
"sv-SE","names","Zone Size","Zonstorlek","10","10","review-required"
"sv-SE","names","Zone Softness","Zonmjukhet","10","10","review-required"
"sv-SE","dynamic","CameraPin","Markör {0}","10","11","dictionary-candidate"
"th-TH","names","Enable","เปิดใช้งาน","10","30","canon-adapted"
"th-TH","names","Settings","การตั้งค่า","10","30","canon-exact"
"th-TH","names","Octagon","แปดเหลี่ยม","10","30","dictionary-candidate"
"th-TH","names","Infinity","ระยะอนันต์","10","30","canon-exact"
"th-TH","names","Mount Swap","สลับจุดยึด","10","30","review-required"
"th-TH","names","DoF Mode","ระยะชัดลึก","10","30","canon-exact"
"th-TH","names","Drop Pivot","วางจุดหมุน","10","30","review-required"
"th-TH","names","Chromatic Aberration","ความคลาดสี","10","30","canon-exact"
"th-TH","names","Temperature","อุณหภูมิสี","10","30","canon-exact"
"th-TH","names","Zoom Blur","เบลอแบบซูม","10","30","review-required"
"th-TH","names","Zone Size","ขนาดบริเวณ","10","30","review-required"
"th-TH","names","Hide Self","ซ่อนตัวเอง","10","30","review-required"
"th-TH","names","Drop (Reset to Hand)","กลับสู่มือ","10","30","review-required"
"th-TH","names","Reset to Hand","กลับสู่มือ","10","30","review-required"
"th-TH","names","Show Pins","แสดงจุดปัก","10","30","review-required"
"th-TH","names","Favorites","รายการโปรด","10","30","review-required"
"th-TH","dynamic","CameraPin","จุดปัก {0}","10","22","review-required"
"th-TH","dynamic","Seconds","{0} วินาที","10","22","dictionary-candidate"
"th-TH","tonemapBlanks","1","โทนฟิล์ม 1","10","26","review-required"
"th-TH","tonemapBlanks","2","โทนฟิล์ม 2","10","26","review-required"
"tr-TR","names","Spotlight","Spot ışığı","10","15","dictionary-candidate"
"tr-TR","names","Movie Mode","Video modu","10","10","dictionary-candidate"
"tr-TR","names","Move HUD","HUD'ı taşı","10","13","dictionary-candidate"
"tr-TR","names","Focus Peaking","MF Artırma","10","11","canon-exact"
"tr-TR","names","Move Focus","Odağı taşı","10","14","dictionary-candidate"
"tr-TR","names","Softness","Yumuşaklık","10","12","dictionary-candidate"
"tr-TR","names","Film Grain","Film Greni","10","10","adobe-exact"
"tr-TR","names","4:3 Classic","4:3 Klasik","10","10","review-required"
"tr-TR","names","4:5 Portrait","4:5 Portre","10","10","review-required"
"tr-TR","names","9:16 Vertical","9:16 Dikey","10","10","dictionary-candidate"
"tr-TR","names","Full","Tüm yönler","10","12","review-required"
"tr-TR","names","Reverse","İleri geri","10","11","dictionary-candidate"
"tr-TR","dynamic","CameraPin","İşaret {0}","10","12","dictionary-candidate"
"tr-TR","tonemapBlanks","0","Devre dışı","10","13","review-required"
"uk-UA","names","Exposure","Експозиція","10","20","canon-adapted"
"uk-UA","names","Green Back","Зелене тло","10","19","dictionary-candidate"
"uk-UA","names","Bokeh Shape","Форма боке","10","19","dictionary-candidate"
"uk-UA","names","Brightness","Яскравість","10","20","canon-exact"
"uk-UA","names","Roundness","Округлість","10","20","dictionary-candidate"
"uk-UA","names","Play","Відтворити","10","20","canon-exact"
"uk-UA","names","Duration","Тривалість","10","20","review-required"
"uk-UA","names","Loop","Повторення","10","20","review-required"
"uk-UA","names","Path","Траєкторія","10","20","review-required"
"bg-BG","names","Enable","Включване","9","18","canon-adapted"
"bg-BG","names","Advanced","Разширени","9","18","review-required"
"bg-BG","names","Settings","Настройки","9","18","canon-exact"
"bg-BG","names","Aperture","Диафрагма","9","18","canon-adapted"
"bg-BG","names","Display","Показване","9","18","canon-exact"
"bg-BG","names","Spotlight","Прожектор","9","18","review-required"
"bg-BG","names","Green Back","Зелен фон","9","17","dictionary-candidate"
"bg-BG","names","Servo AF","Следящ AF","9","15","canon-exact"
"bg-BG","names","Save","Запазване","9","18","canon-adapted"
"bg-BG","names","Load","Зареждане","9","18","canon-exact"
"bg-BG","tonemapBlanks","0","Изключено","9","18","review-required"
"bg-BG","tonemapBlanks","4","Неутрален","9","18","review-required"
"cs-CZ","names","Advanced","Pokročilé","9","11","review-required"
"cs-CZ","names","Settings","Nastavení","9","10","canon-exact"
"cs-CZ","names","Focus","Zaostření","9","11","canon-adapted"
"cs-CZ","names","Reset","Resetovat","9","9","canon-exact"
"cs-CZ","names","Display","Zobrazení","9","10","canon-exact"
"cs-CZ","names","Spotlight","Reflektor","9","9","dictionary-candidate"
"cs-CZ","names","Infinity","Nekonečno","9","10","canon-adapted"
"cs-CZ","names","Tracking","Sledování","9","11","canon-exact"
"cs-CZ","names","AF Area","Oblast AF","9","9","canon-exact"
"cs-CZ","names","Intensity","Intenzita","9","9","dictionary-candidate"
"cs-CZ","tonemapBlanks","1","Filmový 1","9","10","dictionary-candidate"
"cs-CZ","tonemapBlanks","2","Filmový 2","9","10","dictionary-candidate"
"cs-CZ","tonemapBlanks","4","Neutrální","9","11","review-required"
"da-DK","names","Advanced","Avanceret","9","9","review-required"
"da-DK","names","Show/Hide","Vis/Skjul","9","9","review-required"
"da-DK","names","Look Down","Ret nedad","9","9","review-required"
"da-DK","names","Auto Focus","Autofokus","9","9","canon-adapted"
"da-DK","names","AF Area","AF-område","9","10","canon-exact"
"da-DK","names","AF Lock","Lås fokus","9","10","review-required"
"da-DK","names","Focus Guide","Fokusstyr","9","9","canon-exact"
"da-DK","names","Enabled","Aktiveret","9","9","canon-adapted"
"da-DK","names","Vibrance","Vibrering","9","9","adobe-exact"
"da-DK","names","Brightness","Lysstyrke","9","9","canon-exact"
"da-DK","names","Depth Fog","Dybdetåge","9","10","review-required"
"da-DK","names","Size","Størrelse","9","10","dictionary-candidate"
"da-DK","names","Speed","Hastighed","9","9","dictionary-candidate"
"da-DK","names","Edge Softness","Blød kant","9","10","dictionary-candidate"
"da-DK","names","Dither","Dithering","9","9","review-required"
"da-DK","names","Focus Zone","Fokuszone","9","9","review-required"
"da-DK","names","Spread","Spredning","9","9","adobe-exact"
"da-DK","names","Edge Feather","Blød kant","9","10","dictionary-candidate"
"da-DK","names","Show Numbers","Vis numre","9","9","review-required"
"da-DK","dynamic","VignetteSoftness","Blød kant","9","10","dictionary-candidate"
"da-DK","tonemapBlanks","1","Filmisk 1","9","9","review-required"
"da-DK","tonemapBlanks","2","Filmisk 2","9","9","review-required"
"de-DE","names","Advanced","Erweitert","9","9","review-required"
"de-DE","names","Infinity","Unendlich","9","9","canon-exact"
"de-DE","names","Auto Focus","Autofokus","9","9","canon-adapted"
"de-DE","names","Softness","Weichheit","9","9","review-required"
"de-DE","names","Enabled","Aktiviert","9","9","canon-adapted"
"de-DE","names","Saturation","Sättigung","9","10","adobe-exact"
"de-DE","names","Dither","Dithering","9","9","review-required"
"de-DE","names","Focus Zone","Fokuszone","9","9","review-required"
"de-DE","names","Save","Speichern","9","9","canon-exact"
"de-DE","names","Favorites","Favoriten","9","9","review-required"
"de-DE","directions","BACK","Rückwärts","9","11","review-required"
"el-GR","names","Settings","Ρυθμίσεις","9","18","canon-adapted"
"el-GR","names","Reset","Επαναφορά","9","18","canon-exact"
"el-GR","names","Aperture","Διάφραγμα","9","18","canon-adapted"
"el-GR","names","Spotlight","Προβολέας","9","18","dictionary-candidate"
"el-GR","names","Square","Τετράγωνο","9","18","dictionary-candidate"
"el-GR","names","Softness","Απαλότητα","9","18","review-required"
"el-GR","names","Density","Πυκνότητα","9","18","review-required"
"el-GR","names","Aspect Ratio","Αναλογίες","9","18","canon-adapted"
"el-GR","names","Loop","Επανάληψη","9","18","review-required"
"el-GR","names","Favorites","Αγαπημένα","9","18","review-required"
"el-GR","sensorBlanks","5","Τύπος 1,0","9","14","review-required"
"es-419","names","LEFT","Izquierda","9","9","review-required"
"es-419","names","Contrast","Contraste","9","9","canon-exact"
"es-419","names","Speed","Velocidad","9","9","review-required"
"es-419","names","Vignette","Viñeteado","9","10","review-required"
"es-419","names","Spread","Extensión","9","10","review-required"
"es-419","names","Hide Self","Ocultarse","9","9","review-required"
"es-419","names","Favorites","Favoritos","9","9","review-required"
"es-419","directions","LEFT","Izquierda","9","9","review-required"
"es-419","dynamic","Next","Siguiente","9","9","review-required"
"es-419","tonemapBlanks","1","Fílmico 1","9","10","review-required"
"es-419","tonemapBlanks","2","Fílmico 2","9","10","review-required"
"es-ES","names","LEFT","Izquierda","9","9","review-required"
"es-ES","names","Contrast","Contraste","9","9","canon-exact"
"es-ES","names","Speed","Velocidad","9","9","review-required"
"es-ES","names","Vignette","Viñeteado","9","10","review-required"
"es-ES","names","Spread","Extensión","9","10","review-required"
"es-ES","names","Hide Self","Ocultarse","9","9","review-required"
"es-ES","names","Favorites","Favoritos","9","9","review-required"
"es-ES","directions","LEFT","Izquierda","9","9","review-required"
"es-ES","dynamic","Next","Siguiente","9","9","review-required"
"es-ES","tonemapBlanks","1","Fílmico 1","9","10","review-required"
"es-ES","tonemapBlanks","2","Fílmico 2","9","10","review-required"
"fi-FI","names","Settings","Asetukset","9","9","canon-adapted"
"fi-FI","names","Focus","Tarkennus","9","9","canon-exact"
"fi-FI","names","Spotlight","Kohdevalo","9","9","review-required"
"fi-FI","names","Movie Mode","Videotila","9","9","review-required"
"fi-FI","names","Av Dial","Aukkoarvo","9","9","canon-exact"
"fi-FI","names","Contrast","Kontrasti","9","9","canon-exact"
"fi-FI","names","1:1 Square","1:1 Neliö","9","10","dictionary-candidate"
"fi-FI","names","Aspect Ratio","Kuvasuhde","9","9","canon-exact"
"fi-FI","tonemapBlanks","4","Neutraali","9","9","review-required"
"fr-FR","names","Aperture","Ouverture","9","9","canon-adapted"
"fr-FR","names","Display","Affichage","9","9","canon-exact"
"fr-FR","names","Green Back","Fond vert","9","9","dictionary-candidate"
"fr-FR","names","Blue Back","Fond bleu","9","9","dictionary-candidate"
"fr-FR","names","Track Self","Se suivre","9","9","dictionary-candidate"
"fr-FR","names","Auto Focus","Autofocus","9","9","canon-exact"
"fr-FR","names","Extra...","Autres...","9","9","dictionary-candidate"
"fr-FR","names","Contrast","Contraste","9","9","canon-exact"
"fr-FR","names","Intensity","Intensité","9","10","adobe-exact"
"fr-FR","names","Strength","Intensité","9","10","adobe-exact"
"fr-FR","names","1:1 Square","1:1 Carré","9","10","dictionary-candidate"
"fr-FR","names","Vignette","Vignetage","9","9","review-required"
"fr-FR","tonemapBlanks","0","Désactivé","9","11","dictionary-candidate"
"hu-HU","names","Advanced","Speciális","9","10","review-required"
"hu-HU","names","Exposure","Expozíció","9","11","canon-adapted"
"hu-HU","names","Spotlight","Reflektor","9","9","review-required"
"hu-HU","names","Octagon","Nyolcszög","9","10","dictionary-candidate"
"hu-HU","names","Picture Style","Képstílus","9","11","canon-exact"
"hu-HU","names","Contrast","Kontraszt","9","9","canon-exact"
"hu-HU","names","Letterbox","Mozisávok","9","10","review-required"
"hu-HU","names","Width","Szélesség","9","11","review-required"
"hu-HU","names","Play","Lejátszás","9","11","canon-exact"
"hu-HU","names","Stop","Leállítás","9","12","canon-adapted"
"hu-HU","names","Duration","Időtartam","9","10","review-required"
"hu-HU","names","Favorites","Kedvencek","9","9","review-required"
"hu-HU","dynamic","Next","Következő","9","11","review-required"
"hu-HU","sensorBlanks","5","1,0 típus","9","10","review-required"
"it-IT","names","Vibrance","Vividezza","9","9","adobe-exact"
"it-IT","names","Contrast","Contrasto","9","9","canon-exact"
"it-IT","names","Midtones","Mezzitoni","9","9","adobe-exact"
"it-IT","names","Intensity","Intensità","9","10","adobe-exact"
"it-IT","names","Strength","Intensità","9","10","adobe-exact"
"it-IT","names","Roundness","Rotondità","9","10","dictionary-candidate"
"it-IT","names","Dither","Dithering","9","9","review-required"
"it-IT","names","Blur","Sfocatura","9","9","adobe-exact"
"it-IT","names","Position","Posizione","9","9","dictionary-candidate"
"it-IT","names","Width","Larghezza","9","9","review-required"
"it-IT","names","Play","Riproduci","9","9","canon-adapted"
"it-IT","names","Favorites","Preferiti","9","9","review-required"
"it-IT","tonemapBlanks","1","Filmico 1","9","9","dictionary-candidate"
"it-IT","tonemapBlanks","2","Filmico 2","9","9","dictionary-candidate"
"nb-NO","names","Depth Cute","Myk dybde","9","9","review-required"
"nb-NO","names","Show/Hide","Vis/Skjul","9","9","review-required"
"nb-NO","names","Auto Focus","Autofokus","9","9","canon-adapted"
"nb-NO","names","Picture Style","Bildestil","9","9","review-required"
"nb-NO","names","Movie Mode","Filmmodus","9","9","review-required"
"nb-NO","names","Move HUD","Flytt HUD","9","9","dictionary-candidate"
"nb-NO","names","AF Area","AF-område","9","10","dictionary-candidate"
"nb-NO","names","AF Lock","Lås fokus","9","10","review-required"
"nb-NO","names","Brightness","Lysstyrke","9","9","adobe-exact"
"nb-NO","names","Depth Fog","Dybdetåke","9","10","review-required"
"nb-NO","names","Size","Størrelse","9","10","dictionary-candidate"
"nb-NO","names","Speed","Hastighet","9","9","dictionary-candidate"
"nb-NO","names","Dither","Utjevning","9","9","review-required"
"nb-NO","names","Blur","Uskarphet","9","9","adobe-exact"
"nb-NO","names","Focus Zone","Fokussone","9","9","review-required"
"nb-NO","names","Spread","Spredning","9","9","review-required"
"nb-NO","names","Show Numbers","Vis numre","9","9","review-required"
"nb-NO","tonemapBlanks","1","Filmisk 1","9","9","review-required"
"nb-NO","tonemapBlanks","2","Filmisk 2","9","9","review-required"
"nl-NL","names","Aperture","Diafragma","9","9","canon-adapted"
"nl-NL","names","Spotlight","Spotlicht","9","9","dictionary-candidate"
"nl-NL","names","Bokeh Shape","Bokehvorm","9","9","review-required"
"nl-NL","names","White Bal.","Witbalans","9","9","canon-exact"
"nl-NL","names","AF Area","AF-gebied","9","9","canon-exact"
"nl-NL","names","Standard","Standaard","9","9","canon-exact"
"nl-NL","names","Softness","Zachtheid","9","9","dictionary-candidate"
"nl-NL","names","Shadows","Schaduwen","9","9","adobe-exact"
"nl-NL","names","Density","Dichtheid","9","9","dictionary-candidate"
"nl-NL","names","Dither","Dithering","9","9","review-required"
"nl-NL","names","Blur","Vervaging","9","9","adobe-exact"
"nl-NL","names","Spread","Spreiding","9","9","review-required"
"nl-NL","names","Show Path","Pad tonen","9","9","dictionary-candidate"
"nl-NL","directions","BACK","Achteruit","9","9","review-required"
"nn-NO","names","Reset","Nullstill","9","9","review-required"
"nn-NO","names","Auto Focus","Autofokus","9","9","review-required"
"nn-NO","names","Picture Style","Biletstil","9","9","review-required"
"nn-NO","names","Movie Mode","Filmmodus","9","9","review-required"
"nn-NO","names","Mount Swap","Byt feste","9","9","review-required"
"nn-NO","names","Move HUD","Flytt HUD","9","9","review-required"
"nn-NO","names","Drone Speed","Dronefart","9","9","review-required"
"nn-NO","names","AF Area","AF-område","9","10","review-required"
"nn-NO","names","AF Lock","Lås fokus","9","10","review-required"
"nn-NO","names","Brightness","Lysstyrke","9","9","review-required"
"nn-NO","names","Edge Softness","Mjuk kant","9","9","dictionary-composition"
"nn-NO","names","Dither","Utjamning","9","9","review-required"
"nn-NO","names","Focus Zone","Fokussone","9","9","education-composition"
"nn-NO","names","Edge Feather","Mjuk kant","9","9","dictionary-composition"
"nn-NO","names","Duration","Tidslengd","9","9","review-required"
"nn-NO","dynamic","VignetteSoftness","Mjuk kant","9","9","dictionary-composition"
"nn-NO","tonemapBlanks","1","Filmisk 1","9","9","review-required"
"nn-NO","tonemapBlanks","2","Filmisk 2","9","9","review-required"
"pl-PL","names","Aperture","Przysłona","9","10","canon-adapted"
"pl-PL","names","Spotlight","Reflektor","9","9","review-required"
"pl-PL","names","Auto Focus","Autofokus","9","9","canon-adapted"
"pl-PL","names","Tracking","Śledzenie","9","10","canon-exact"
"pl-PL","names","AF Area","Obszar AF","9","9","canon-exact"
"pl-PL","names","Saturation","Nasycenie","9","9","canon-exact"
"pl-PL","names","Midtones","Półcienie","9","11","adobe-exact"
"pl-PL","names","Blue","Niebieski","9","9","canon-exact"
"pl-PL","names","Color B","Niebieski","9","9","canon-exact"
"pl-PL","names","Position","Położenie","9","11","review-required"
"pl-PL","names","Width","Szerokość","9","11","review-required"
"pl-PL","names","Stop","Zatrzymaj","9","9","canon-adapted"
"pl-PL","directions","FORWARD","Do przodu","9","9","review-required"
"pl-PL","tonemapBlanks","0","Wyłączone","9","11","review-required"
"pl-PL","tonemapBlanks","1","Filmowy 1","9","9","review-required"
"pl-PL","tonemapBlanks","2","Filmowy 2","9","9","review-required"
"pl-PL","tonemapBlanks","4","Neutralny","9","9","review-required"
"pt-PT","names","Exposure","Exposição","9","11","canon-exact"
"pt-PT","names","Extra...","Outros...","9","9","dictionary-candidate"
"pt-PT","names","Move HUD","Mover HUD","9","9","dictionary-candidate"
"pt-PT","names","Softness","Suavidade","9","9","dictionary-candidate"
"pt-PT","names","Saturation","Saturação","9","11","canon-exact"
"pt-PT","names","Contrast","Contraste","9","9","canon-exact"
"pt-PT","names","Density","Densidade","9","9","dictionary-candidate"
"pt-PT","names","Spread","Dispersão","9","10","review-required"
"pt-PT","names","Favorites","Favoritos","9","9","review-required"
"pt-PT","tonemapBlanks","1","Fílmico 1","9","10","review-required"
"pt-PT","tonemapBlanks","2","Fílmico 2","9","10","review-required"
"ro-RO","names","Aperture","Diafragmă","9","10","canon-adapted"
"ro-RO","names","Spotlight","Reflector","9","9","dictionary-candidate"
"ro-RO","names","Picture Style","Stil foto","9","9","canon-exact"
"ro-RO","names","Extra...","Altele...","9","9","review-required"
"ro-RO","names","Drive Speed","Viteză AF","9","10","canon-exact"
"ro-RO","names","Saturation","Saturație","9","10","canon-adapted"
"ro-RO","names","Density","Densitate","9","9","dictionary-candidate"
"ro-RO","names","Roundness","Rotunjime","9","9","dictionary-candidate"
"ro-RO","names","Dither","Dithering","9","9","review-required"
"ro-RO","names","Blur","Estompare","9","9","dictionary-candidate"
"ro-RO","names","Vignette","Vignetare","9","9","review-required"
"ro-RO","names","Load","Încărcare","9","11","canon-exact"
"ro-RO","dynamic","Next","Următorul","9","10","review-required"
"ru-RU","names","Settings","Настройки","9","18","canon-adapted"
"ru-RU","names","Aperture","Диафрагма","9","18","canon-adapted"
"ru-RU","names","Spotlight","Прожектор","9","18","dictionary-candidate"
"ru-RU","names","Blue Back","Синий фон","9","17","dictionary-candidate"
"ru-RU","names","Extra...","Прочее...","9","15","dictionary-candidate"
"ru-RU","names","Density","Плотность","9","18","dictionary-candidate"
"ru-RU","names","Position","Положение","9","18","dictionary-candidate"
"ru-RU","names","Save","Сохранить","9","18","canon-exact"
"ru-RU","names","Load","Загрузить","9","18","canon-exact"
"ru-RU","names","Favorites","Избранное","9","18","review-required"
"ru-RU","dynamic","CameraPin","Метка {0}","9","14","review-required"
"ru-RU","sensorBlanks","4","Микро 4/3","9","14","review-required"
"ru-RU","tonemapBlanks","0","Выключено","9","18","review-required"
"sv-SE","names","Advanced","Avancerat","9","9","dictionary-candidate"
"sv-SE","names","Reset","Återställ","9","11","canon-exact"
"sv-SE","names","Show/Hide","Visa/Dölj","9","10","dictionary-candidate"
"sv-SE","names","Auto Focus","Autofokus","9","9","canon-adapted"
"sv-SE","names","Extra...","Övrigt...","9","10","dictionary-candidate"
"sv-SE","names","Mount Swap","Byt fäste","9","10","dictionary-candidate"
"sv-SE","names","Bokeh Shape","Bokehform","9","9","review-required"
"sv-SE","names","Monitor","Bildskärm","9","10","canon-adapted"
"sv-SE","names","White Bal.","Vitbalans","9","9","canon-exact"
"sv-SE","names","AF Area","AF-område","9","10","canon-exact"
"sv-SE","names","AF Lock","Lås fokus","9","10","dictionary-candidate"
"sv-SE","names","Enabled","Aktiverad","9","9","canon-adapted"
"sv-SE","names","Highlights","Högdagrar","9","10","adobe-exact"
"sv-SE","names","Depth Fog","Djupdimma","9","9","review-required"
"sv-SE","names","Speed","Hastighet","9","9","dictionary-candidate"
"sv-SE","names","Center","Mittpunkt","9","9","dictionary-candidate"
"sv-SE","names","Spread","Spridning","9","9","review-required"
"sv-SE","names","Show Path","Visa bana","9","9","dictionary-candidate"
"sv-SE","names","Play","Spela upp","9","9","canon-exact"
"sv-SE","names","Favorites","Favoriter","9","9","review-required"
"sv-SE","tonemapBlanks","1","Filmisk 1","9","9","review-required"
"sv-SE","tonemapBlanks","2","Filmisk 2","9","9","review-required"
"th-TH","names","Display","การแสดงผล","9","27","canon-exact"
"th-TH","names","Show/Hide","แสดง/ซ่อน","9","25","dictionary-candidate"
"th-TH","names","Hexagon","หกเหลี่ยม","9","27","dictionary-candidate"
"th-TH","names","Picture Style","รูปแบบภาพ","9","27","canon-exact"
"th-TH","names","Quick Selfie","เซลฟีด่วน","9","27","review-required"
"th-TH","names","Hide Lens","ซ่อนเลนส์","9","27","review-required"
"th-TH","names","Move Camera","ย้ายกล้อง","9","27","review-required"
"th-TH","names","Move Focus","ย้ายโฟกัส","9","27","review-required"
"th-TH","names","AF Lock","ล็อกโฟกัส","9","27","review-required"
"th-TH","names","Highlights","ส่วนสว่าง","9","27","review-required"
"th-TH","names","Brightness","ความสว่าง","9","27","canon-exact"
"th-TH","names","Film Grain","เกรนฟิล์ม","9","27","review-required"
"th-TH","names","Lens Size","ขนาดเลนส์","9","27","review-required"
"th-TH","names","Block Size","ขนาดบล็อก","9","27","review-required"
"th-TH","names","Posterize","ลดระดับสี","9","27","review-required"
"th-TH","names","Width","ความกว้าง","9","27","dictionary-candidate"
"th-TH","names","Spread","การกระจาย","9","27","dictionary-candidate"
"th-TH","names","Focus Distance","ระยะโฟกัส","9","27","review-required"
"th-TH","names","Teleport","เทเลพอร์ต","9","27","review-required"
"th-TH","names","Delay","หน่วงเวลา","9","27","review-required"
"th-TH","names","Full","ทุกทิศทาง","9","27","review-required"
"th-TH","names","Reverse","ไปและกลับ","9","27","review-required"
"th-TH","dynamic","WorldDrop","ยึดกับโลก","9","27","review-required"
"th-TH","dynamic","CameraPinDrop","วางจุดปัก","9","27","review-required"
"th-TH","tonemapBlanks","0","ปิดใช้งาน","9","27","review-required"
"tr-TR","names","Filters","Filtreler","9","9","dictionary-candidate"
"tr-TR","names","Drone Speed","Dron hızı","9","11","dictionary-candidate"
"tr-TR","names","Operation","AF İşlemi","9","11","canon-exact"
"tr-TR","names","Saturation","Doygunluk","9","9","canon-exact"
"tr-TR","names","Brightness","Parlaklık","9","10","adobe-exact"
"tr-TR","names","Move","Elle taşı","9","11","dictionary-candidate"
"tr-TR","tonemapBlanks","1","Filmsel 1","9","9","review-required"
"tr-TR","tonemapBlanks","2","Filmsel 2","9","9","review-required"
"uk-UA","names","Enable","Увімкнути","9","18","canon-adapted"
"uk-UA","names","Advanced","Розширені","9","18","review-required"
"uk-UA","names","Aperture","Діафрагма","9","18","canon-adapted"
"uk-UA","names","Normal","Звичайний","9","18","dictionary-candidate"
"uk-UA","names","Spotlight","Прожектор","9","18","review-required"
"uk-UA","names","Enabled","Увімкнено","9","18","canon-adapted"
"uk-UA","names","Density","Щільність","9","18","review-required"
"uk-UA","names","Speed","Швидкість","9","18","review-required"
"uk-UA","names","Position","Положення","9","18","review-required"
"uk-UA","names","Spread","Поширення","9","18","adobe-exact"
"uk-UA","names","Hand Offset","Зсув руки","9","17","dictionary-candidate"
"uk-UA","dynamic","CameraPin","Мітка {0}","9","14","review-required"
"bg-BG","names","Reset","Нулиране","8","16","canon-adapted"
"bg-BG","names","Normal","Нормален","8","16","review-required"
"bg-BG","names","Extra...","Други...","8","13","review-required"
"bg-BG","names","3D Mode","3D режим","8","13","review-required"
"bg-BG","names","Enabled","Включено","8","16","canon-adapted"
"bg-BG","names","Contrast","Контраст","8","16","canon-exact"
"bg-BG","names","Density","Плътност","8","16","review-required"
"bg-BG","names","Dither","Дитеринг","8","16","review-required"
"bg-BG","names","Delay","Забавяне","8","16","dictionary-candidate"
"bg-BG","tonemapBlanks","1","Филмов 1","8","14","review-required"
"bg-BG","tonemapBlanks","2","Филмов 2","8","14","review-required"
"cs-CZ","names","Exposure","Expozice","8","8","canon-adapted"
"cs-CZ","names","Normal","Normální","8","10","dictionary-candidate"
"cs-CZ","names","Extra...","Další...","8","10","dictionary-candidate"
"cs-CZ","names","3D Mode","Režim 3D","8","9","dictionary-candidate"
"cs-CZ","names","Contrast","Kontrast","8","8","canon-exact"
"cs-CZ","names","Size","Velikost","8","8","adobe-exact"
"cs-CZ","names","Speed","Rychlost","8","8","dictionary-candidate"
"cs-CZ","names","Roundness","Zaoblení","8","9","adobe-exact"
"cs-CZ","names","Vignette","Vinětace","8","9","review-required"
"cs-CZ","names","Stop","Zastavit","8","8","canon-adapted"
"cs-CZ","names","Loop","Opakovat","8","8","review-required"
"cs-CZ","names","Delay","Zpoždění","8","11","review-required"
"cs-CZ","names","Linear","Lineární","8","10","review-required"
"cs-CZ","names","Favorites","Oblíbené","8","10","review-required"
"da-DK","names","Hexagon","Sekskant","8","8","review-required"
"da-DK","names","Octagon","Ottekant","8","8","review-required"
"da-DK","names","Look Up","Ret opad","8","8","review-required"
"da-DK","names","Infinity","Uendelig","8","8","canon-adapted"
"da-DK","names","Extra...","Andet...","8","8","dictionary-candidate"
"da-DK","names","Move HUD","Flyt HUD","8","8","review-required"
"da-DK","names","Servo AF","Servo AF","8","8","canon-exact"
"da-DK","names","Standard","Standard","8","8","canon-exact"
"da-DK","names","Contrast","Kontrast","8","8","canon-exact"
"da-DK","names","Position","Position","8","8","dictionary-candidate"
"da-DK","names","Show Path","Vis bane","8","8","dictionary-candidate"
"da-DK","names","Duration","Varighed","8","8","review-required"
"da-DK","sensorBlanks","5","Type 1,0","8","8","review-required"
"de-DE","names","Hexagon","Sechseck","8","8","dictionary-candidate"
"de-DE","names","Picture Style","Bildstil","8","8","canon-exact"
"de-DE","names","3D Mode","3D-Modus","8","8","dictionary-candidate"
"de-DE","names","Servo AF","Servo AF","8","8","canon-exact"
"de-DE","names","Standard","Standard","8","8","canon-exact"
"de-DE","names","Contrast","Kontrast","8","8","canon-exact"
"de-DE","names","Roundness","Rundheit","8","8","adobe-exact"
"de-DE","names","Position","Position","8","8","adobe-exact"
"de-DE","directions","FORWARD","Vorwärts","8","9","review-required"
"el-GR","names","Display","Εμφάνιση","8","16","canon-exact"
"el-GR","names","Normal","Κανονικό","8","16","review-required"
"el-GR","names","LEFT","Αριστερά","8","16","dictionary-candidate"
"el-GR","names","Octagon","Οκτάγωνο","8","16","review-required"
"el-GR","names","Servo AF","Servo AF","8","8","canon-exact"
"el-GR","names","Spot","Σημειακή","8","16","canon-adapted"
"el-GR","names","Saturation","Κορεσμός","8","16","canon-exact"
"el-GR","names","Vibrance","Ζωντάνια","8","16","dictionary-candidate"
"el-GR","names","Contrast","Αντίθεση","8","16","canon-exact"
"el-GR","names","Speed","Ταχύτητα","8","16","dictionary-candidate"
"el-GR","names","Spread","Διασπορά","8","16","review-required"
"el-GR","names","Duration","Διάρκεια","8","16","review-required"
"el-GR","names","Path","Διαδρομή","8","16","review-required"
"el-GR","names","Linear","Γραμμική","8","16","review-required"
"el-GR","directions","LEFT","Αριστερά","8","16","dictionary-candidate"
"el-GR","tonemapBlanks","0","Ανενεργό","8","16","review-required"
"el-GR","tonemapBlanks","4","Ουδέτερο","8","16","review-required"
"es-419","names","Advanced","Avanzado","8","8","review-required"
"es-419","names","Aperture","Abertura","8","8","canon-adapted"
"es-419","names","Hexagon","Hexágono","8","9","review-required"
"es-419","names","Octagon","Octágono","8","9","review-required"
"es-419","names","Square","Cuadrado","8","8","review-required"
"es-419","names","Infinity","Infinito","8","8","canon-adapted"
"es-419","names","Extra...","Otros...","8","8","review-required"
"es-419","names","Grid","Retícula","8","9","canon-exact"
"es-419","names","Servo AF","AF Servo","8","8","canon-exact"
"es-419","names","Standard","Estándar","8","9","canon-adapted"
"es-419","names","Softness","Suavidad","8","8","review-required"
"es-419","names","Enabled","Activado","8","8","canon-adapted"
"es-419","names","Density","Densidad","8","8","review-required"
"es-419","names","Roundness","Redondez","8","8","review-required"
"es-419","names","Pixelation","Pixelado","8","8","review-required"
"es-419","names","Position","Posición","8","9","adobe-exact"
"es-419","names","Duration","Duración","8","9","review-required"
"es-419","directions","FORWARD","Adelante","8","8","review-required"
"es-419","sensorBlanks","5","Tipo 1,0","8","8","review-required"
"es-ES","names","Advanced","Avanzado","8","8","review-required"
"es-ES","names","Aperture","Abertura","8","8","canon-adapted"
"es-ES","names","Hexagon","Hexágono","8","9","review-required"
"es-ES","names","Octagon","Octágono","8","9","review-required"
"es-ES","names","Square","Cuadrado","8","8","review-required"
"es-ES","names","Infinity","Infinito","8","8","canon-adapted"
"es-ES","names","Extra...","Otros...","8","8","review-required"
"es-ES","names","Grid","Retícula","8","9","canon-exact"
"es-ES","names","Servo AF","AF Servo","8","8","canon-exact"
"es-ES","names","Standard","Estándar","8","9","canon-adapted"
"es-ES","names","Softness","Suavidad","8","8","review-required"
"es-ES","names","Enabled","Activado","8","8","canon-adapted"
"es-ES","names","Density","Densidad","8","8","review-required"
"es-ES","names","Roundness","Redondez","8","8","review-required"
"es-ES","names","Pixelation","Pixelado","8","8","review-required"
"es-ES","names","Position","Posición","8","9","adobe-exact"
"es-ES","names","Duration","Duración","8","9","review-required"
"es-ES","directions","FORWARD","Adelante","8","8","review-required"
"es-ES","sensorBlanks","5","Tipo 1,0","8","8","review-required"
"fi-FI","names","Filters","Suotimet","8","8","review-required"
"fi-FI","names","Normal","Normaali","8","8","dictionary-candidate"
"fi-FI","names","Grid","Ristikko","8","8","canon-exact"
"fi-FI","names","Tracking","Seuranta","8","8","canon-exact"
"fi-FI","names","Standard","Normaali","8","8","canon-exact"
"fi-FI","names","Enabled","Käytössä","8","11","canon-adapted"
"fi-FI","names","Vibrance","Eloisuus","8","8","dictionary-candidate"
"fi-FI","names","Brightness","Kirkkaus","8","8","adobe-exact"
"fi-FI","names","Red","Punainen","8","8","canon-adapted"
"fi-FI","names","Color R","Punainen","8","8","canon-adapted"
"fi-FI","names","Dither","Sekoitus","8","8","adobe-exact"
"fi-FI","names","Posterize","Porrasta","8","8","adobe-exact"
"fi-FI","names","Blur","Sumennus","8","8","adobe-exact"
"fi-FI","names","Position","Sijainti","8","8","dictionary-candidate"
"fi-FI","names","Save","Tallenna","8","8","canon-exact"
"fi-FI","names","Favorites","Suosikit","8","8","review-required"
"fi-FI","dynamic","Next","Seuraava","8","8","dictionary-candidate"
"fr-FR","names","Settings","Réglages","8","9","canon-adapted"
"fr-FR","names","Hexagon","Hexagone","8","8","dictionary-candidate"
"fr-FR","names","Octagon","Octogone","8","8","dictionary-candidate"
"fr-FR","names","Monitor","Moniteur","8","8","canon-adapted"
"fr-FR","names","Servo AF","AF Servo","8","8","canon-exact"
"fr-FR","names","Standard","Standard","8","8","canon-exact"
"fr-FR","names","Vibrance","Vibrance","8","8","adobe-exact"
"fr-FR","names","Posterize","Isohélie","8","9","review-required"
"fr-FR","names","Position","Position","8","8","adobe-exact"
"fr-FR","names","Linear","Linéaire","8","9","review-required"
"fr-FR","sensorBlanks","5","Type 1.0","8","8","dictionary-candidate"
"hu-HU","names","Infinity","Végtelen","8","9","canon-adapted"
"hu-HU","names","Extra...","Egyéb...","8","9","review-required"
"hu-HU","names","Movie Mode","Videómód","8","10","review-required"
"hu-HU","names","Servo AF","Servo AF","8","8","canon-exact"
"hu-HU","names","Vibrance","Élénkség","8","11","adobe-exact"
"hu-HU","names","Shadows","Árnyékok","8","10","dictionary-candidate"
"hu-HU","names","Speed","Sebesség","8","9","dictionary-candidate"
"hu-HU","names","Roundness","Kerekség","8","9","review-required"
"hu-HU","names","4:5 Portrait","4:5 Álló","8","10","review-required"
"hu-HU","names","Aspect Ratio","Képarány","8","10","canon-adapted"
"hu-HU","names","Spread","Szóródás","8","11","review-required"
"hu-HU","names","Dolly","Kocsizás","8","9","review-required"
"hu-HU","names","Loop","Ismétlés","8","10","review-required"
"hu-HU","names","Linear","Lineáris","8","9","review-required"
"hu-HU","names","Load","Betöltés","8","10","canon-exact"
"hu-HU","dynamic","Minutes","{0} perc","8","8","review-required"
"hu-HU","tonemapBlanks","4","Semleges","8","8","review-required"
"it-IT","names","Advanced","Avanzate","8","8","dictionary-candidate"
"it-IT","names","Aperture","Apertura","8","8","canon-adapted"
"it-IT","names","LEFT","Sinistra","8","8","dictionary-candidate"
"it-IT","names","Octagon","Ottagono","8","8","dictionary-candidate"
"it-IT","names","Square","Quadrato","8","8","dictionary-candidate"
"it-IT","names","Infinity","Infinito","8","8","canon-adapted"
"it-IT","names","Extra...","Altro...","8","8","dictionary-candidate"
"it-IT","names","Servo AF","AF Servo","8","8","canon-exact"
"it-IT","names","Standard","Standard","8","8","canon-exact"
"it-IT","names","Responsive","Reattivo","8","8","canon-adapted"
"it-IT","names","Enabled","Attivato","8","8","canon-adapted"
"it-IT","names","Speed","Velocità","8","9","dictionary-candidate"
"it-IT","names","Path","Percorso","8","8","dictionary-candidate"
"it-IT","directions","LEFT","Sinistra","8","8","dictionary-candidate"
"it-IT","directions","BACK","Indietro","8","8","review-required"
"it-IT","sensorBlanks","5","Tipo 1,0","8","8","review-required"
"nb-NO","names","Advanced","Avansert","8","8","dictionary-candidate"
"nb-NO","names","Hexagon","Sekskant","8","8","review-required"
"nb-NO","names","Octagon","Åttekant","8","9","review-required"
"nb-NO","names","Infinity","Uendelig","8","8","dictionary-candidate"
"nb-NO","names","Extra...","Annet...","8","8","dictionary-candidate"
"nb-NO","names","3D Mode","3D-modus","8","8","review-required"
"nb-NO","names","Grid","Rutenett","8","8","dictionary-composition"
"nb-NO","names","Servo AF","Servo AF","8","8","review-required"
"nb-NO","names","Standard","Standard","8","8","review-required"
"nb-NO","names","Enabled","Aktivert","8","8","dictionary-candidate"
"nb-NO","names","Contrast","Kontrast","8","8","adobe-exact"
"nb-NO","names","Film Grain","Filmkorn","8","8","adobe-exact"
"nb-NO","names","Edge Softness","Myk kant","8","8","dictionary-candidate"
"nb-NO","names","Position","Posisjon","8","8","review-required"
"nb-NO","names","Edge Feather","Myk kant","8","8","dictionary-candidate"
"nb-NO","names","Show Path","Vis bane","8","8","dictionary-candidate"
"nb-NO","names","Play","Spill av","8","8","dictionary-candidate"
"nb-NO","names","Duration","Varighet","8","8","review-required"
"nb-NO","names","Load","Last inn","8","8","dictionary-candidate"
"nb-NO","directions","FORWARD","Fremover","8","8","review-required"
"nb-NO","dynamic","VignetteSoftness","Myk kant","8","8","dictionary-candidate"
"nb-NO","sensorBlanks","5","Type 1,0","8","8","review-required"
"nl-NL","names","Reset","Resetten","8","8","canon-exact"
"nl-NL","names","Display","Weergave","8","8","canon-exact"
"nl-NL","names","Octagon","Achthoek","8","8","dictionary-candidate"
"nl-NL","names","Square","Vierkant","8","8","dictionary-candidate"
"nl-NL","names","Infinity","Oneindig","8","8","canon-adapted"
"nl-NL","names","3D Mode","3D-modus","8","8","dictionary-candidate"
"nl-NL","names","Servo AF","Servo AF","8","8","canon-exact"
"nl-NL","names","Contrast","Contrast","8","8","canon-exact"
"nl-NL","names","Speed","Snelheid","8","8","dictionary-candidate"
"nl-NL","names","Play","Afspelen","8","8","canon-exact"
"nl-NL","names","Loop","Herhalen","8","8","review-required"
"nl-NL","dynamic","Next","Volgende","8","8","review-required"
"nl-NL","sensorBlanks","5","Type 1,0","8","8","review-required"
"nl-NL","tonemapBlanks","4","Neutraal","8","8","review-required"
"nn-NO","names","Advanced","Avansert","8","8","review-required"
"nn-NO","names","Show/Hide","Vis/Gøym","8","9","dictionary-composition"
"nn-NO","names","Hexagon","Sekskant","8","8","review-required"
"nn-NO","names","Octagon","Åttekant","8","9","review-required"
"nn-NO","names","Infinity","Uendeleg","8","8","review-required"
"nn-NO","names","3D Mode","3D-modus","8","8","review-required"
"nn-NO","names","Grid","Rutenett","8","8","dictionary-composition"
"nn-NO","names","Standard","Standard","8","8","review-required"
"nn-NO","names","Softness","Mjukleik","8","8","dictionary-composition"
"nn-NO","names","Enabled","Aktivert","8","8","review-required"
"nn-NO","names","Contrast","Kontrast","8","8","review-required"
"nn-NO","names","Density","Tettleik","8","8","review-required"
"nn-NO","names","Film Grain","Filmkorn","8","8","review-required"
"nn-NO","names","Size","Storleik","8","8","dictionary-candidate"
"nn-NO","names","Roundness","Rundskap","8","8","review-required"
"nn-NO","names","Position","Posisjon","8","8","review-required"
"nn-NO","names","Spread","Spreiing","8","8","review-required"
"nn-NO","names","Show Path","Vis bane","8","8","review-required"
"nn-NO","names","Load","Last inn","8","8","review-required"
"nn-NO","directions","FORWARD","Framover","8","8","review-required"
"nn-NO","sensorBlanks","5","Type 1,0","8","8","review-required"
"pl-PL","names","Normal","Normalny","8","8","review-required"
"pl-PL","names","Octagon","Ośmiokąt","8","10","review-required"
"pl-PL","names","Servo AF","Servo AF","8","8","canon-exact"
"pl-PL","names","Spot","Punktowy","8","8","canon-adapted"
"pl-PL","names","Softness","Miękkość","8","11","review-required"
"pl-PL","names","Enabled","Włączone","8","10","canon-adapted"
"pl-PL","names","Contrast","Kontrast","8","8","canon-exact"
"pl-PL","names","Red","Czerwony","8","8","canon-adapted"
"pl-PL","names","Color R","Czerwony","8","8","canon-adapted"
"pl-PL","names","Speed","Prędkość","8","11","review-required"
"pl-PL","names","Roundness","Krągłość","8","12","review-required"
"pl-PL","names","Blur","Rozmycie","8","8","adobe-exact"
"pl-PL","names","Favorites","Ulubione","8","8","review-required"
"pt-PT","names","Advanced","Avançado","8","9","dictionary-candidate"
"pt-PT","names","Aperture","Abertura","8","8","canon-exact"
"pt-PT","names","Spotlight","Projetor","8","8","dictionary-candidate"
"pt-PT","names","LEFT","Esquerda","8","8","dictionary-candidate"
"pt-PT","names","Hexagon","Hexágono","8","9","dictionary-candidate"
"pt-PT","names","Octagon","Octógono","8","9","dictionary-candidate"
"pt-PT","names","Square","Quadrado","8","8","dictionary-candidate"
"pt-PT","names","Infinity","Infinito","8","8","canon-adapted"
"pt-PT","names","Servo AF","Servo AF","8","8","canon-exact"
"pt-PT","names","Standard","Standard","8","8","canon-adapted"
"pt-PT","names","Vibrance","Vibração","8","10","dictionary-candidate"
"pt-PT","names","Red","Vermelho","8","8","adobe-region-review"
"pt-PT","names","Color R","Vermelho","8","8","adobe-region-review"
"pt-PT","names","Blur","Desfoque","8","8","adobe-region-review"
"pt-PT","names","Path","Percurso","8","8","dictionary-candidate"
"pt-PT","names","Load","Carregar","8","8","canon-exact"
"pt-PT","directions","LEFT","Esquerda","8","8","dictionary-candidate"
"pt-PT","dynamic","Next","Seguinte","8","8","dictionary-candidate"
"pt-PT","sensorBlanks","5","Tipo 1,0","8","8","review-required"
"ro-RO","names","Enable","Activare","8","8","canon-exact"
"ro-RO","names","Reset","Resetare","8","8","canon-exact"
"ro-RO","names","Exposure","Expunere","8","8","canon-exact"
"ro-RO","names","Tracking","Urmărire","8","9","canon-exact"
"ro-RO","names","Servo AF","AF Servo","8","8","canon-exact"
"ro-RO","names","Spot","Punctual","8","8","canon-adapted"
"ro-RO","names","Standard","Standard","8","8","canon-exact"
"ro-RO","names","Vibrance","Vibranță","8","10","review-required"
"ro-RO","names","Contrast","Contrast","8","8","canon-exact"
"ro-RO","names","Blue","Albastru","8","8","canon-adapted"
"ro-RO","names","Color B","Albastru","8","8","canon-adapted"
"ro-RO","names","Loop","Repetare","8","8","review-required"
"ro-RO","names","Favorites","Favorite","8","8","review-required"
"ro-RO","tonemapBlanks","1","Filmic 1","8","8","dictionary-candidate"
"ro-RO","tonemapBlanks","2","Filmic 2","8","8","dictionary-candidate"
"ru-RU","names","Enable","Включить","8","16","canon-adapted"
"ru-RU","names","3D Mode","Режим 3D","8","13","dictionary-candidate"
"ru-RU","names","Spot","Точечная","8","16","canon-adapted"
"ru-RU","names","Softness","Мягкость","8","16","dictionary-candidate"
"ru-RU","names","Enabled","Включено","8","16","canon-adapted"
"ru-RU","names","Speed","Скорость","8","16","dictionary-candidate"
"ru-RU","names","Dither","Дизеринг","8","16","review-required"
"ru-RU","names","Blur","Размытие","8","16","adobe-exact"
"ru-RU","names","Delay","Задержка","8","16","review-required"
"ru-RU","names","Linear","Линейная","8","16","review-required"
"sv-SE","names","Enable","Aktivera","8","8","canon-adapted"
"sv-SE","names","Aperture","Bländare","8","9","canon-adapted"
"sv-SE","names","Spotlight","Spotljus","8","8","review-required"
"sv-SE","names","Infinity","Oändligt","8","9","canon-adapted"
"sv-SE","names","Picture Style","Bildstil","8","8","canon-exact"
"sv-SE","names","Movie Mode","Filmläge","8","9","review-required"
"sv-SE","names","Tracking","Följning","8","9","canon-adapted"
"sv-SE","names","Servo AF","Servo AF","8","8","canon-exact"
"sv-SE","names","Standard","Standard","8","8","canon-exact"
"sv-SE","names","Contrast","Kontrast","8","8","canon-exact"
"sv-SE","names","Edge Softness","Kantludd","8","8","review-required"
"sv-SE","names","Depth Mode","Djupläge","8","9","review-required"
"sv-SE","names","Position","Position","8","8","dictionary-candidate"
"sv-SE","names","Focus Zone","Fokuszon","8","8","review-required"
"sv-SE","names","Edge Feather","Kantludd","8","8","review-required"
"sv-SE","dynamic","VignetteSoftness","Kantludd","8","8","review-required"
"th-TH","names","Filters","ฟิลเตอร์","8","24","review-required"
"th-TH","names","Aperture","รูรับแสง","8","24","canon-exact"
"th-TH","names","Spotlight","สปอตไลต์","8","24","review-required"
"th-TH","names","Extra...","อื่นๆ...","8","18","review-required"
"th-TH","names","Move HUD","ย้าย HUD","8","16","dictionary-candidate"
"th-TH","names","EV Dial","ชดเชยแสง","8","24","canon-exact"
"th-TH","names","Servo AF","Servo AF","8","8","canon-exact"
"th-TH","names","Vibrance","ความสดใส","8","24","dictionary-candidate"
"th-TH","names","Intensity","ความเข้ม","8","24","dictionary-candidate"
"th-TH","names","Speed","ความเร็ว","8","24","dictionary-candidate"
"th-TH","names","Center","กึ่งกลาง","8","24","dictionary-candidate"
"th-TH","names","Duration","ระยะเวลา","8","24","review-required"
"th-TH","directions","FORWARD","เดินหน้า","8","24","dictionary-candidate"
"th-TH","dynamic","Minutes","{0} นาที","8","16","dictionary-candidate"
"th-TH","sensorBlanks","5","ชนิด 1.0","8","16","dictionary-candidate"
"tr-TR","names","Advanced","Gelişmiş","8","10","dictionary-candidate"
"tr-TR","names","Aperture","Diyafram","8","8","canon-exact"
"tr-TR","names","Octagon","Sekizgen","8","8","dictionary-candidate"
"tr-TR","names","Extra...","Diğer...","8","9","dictionary-candidate"
"tr-TR","names","AF Area","AF Alanı","8","9","canon-exact"
"tr-TR","names","Servo AF","Servo AF","8","8","canon-exact"
"tr-TR","names","Standard","Standart","8","8","canon-exact"
"tr-TR","names","Vibrance","Canlılık","8","10","dictionary-candidate"
"tr-TR","names","Contrast","Kontrast","8","8","canon-exact"
"tr-TR","names","Shadows","Gölgeler","8","9","dictionary-candidate"
"tr-TR","names","Density","Yoğunluk","8","9","dictionary-candidate"
"tr-TR","names","Intensity","Yoğunluk","8","9","dictionary-candidate"
"tr-TR","names","1:1 Square","1:1 Kare","8","8","dictionary-candidate"
"tr-TR","names","Width","Genişlik","8","9","review-required"
"tr-TR","names","Linear","Doğrusal","8","9","review-required"
"tr-TR","sensorBlanks","5","1,0 tipi","8","8","review-required"
"uk-UA","names","Blue Back","Синє тло","8","15","review-required"
"uk-UA","names","RIGHT","Праворуч","8","16","review-required"
"uk-UA","names","3D Mode","Режим 3D","8","13","review-required"
"uk-UA","names","Tracking","Стеження","8","16","canon-adapted"
"uk-UA","names","Softness","М'якість","8","15","dictionary-candidate"
"uk-UA","names","Red","Червоний","8","16","canon-adapted"
"uk-UA","names","Color R","Червоний","8","16","canon-adapted"
"uk-UA","names","Dither","Дизеринг","8","16","review-required"
"uk-UA","names","Blur","Розмиття","8","16","adobe-exact"
"uk-UA","names","Stop","Зупинити","8","16","canon-adapted"
"uk-UA","names","Delay","Затримка","8","16","review-required"
"uk-UA","names","Save","Зберегти","8","16","canon-exact"
"uk-UA","directions","RIGHT","Праворуч","8","16","review-required"
"uk-UA","tonemapBlanks","0","Вимкнено","8","16","review-required"
"bg-BG","names","Blue Back","Син фон","7","13","review-required"
"bg-BG","names","RIGHT","Надясно","7","14","review-required"
"bg-BG","names","Square","Квадрат","7","14","review-required"
"bg-BG","names","Monitor","Монитор","7","14","canon-adapted"
"bg-BG","names","Tracking","Следене","7","14","canon-adapted"
"bg-BG","names","AF Area","AF зона","7","11","canon-exact"
"bg-BG","names","Red","Червено","7","14","canon-adapted"
"bg-BG","names","Color R","Червено","7","14","canon-adapted"
"bg-BG","names","Speed","Скорост","7","14","dictionary-candidate"
"bg-BG","names","Position","Позиция","7","14","dictionary-candidate"
"bg-BG","names","Stop","Спиране","7","14","canon-adapted"
"bg-BG","names","Linear","Линейна","7","14","review-required"
"bg-BG","directions","RIGHT","Надясно","7","14","review-required"
"bg-BG","dynamic","Minutes","{0} min","7","7","standard-identifier"
"bg-BG","sensorBlanks","5","Тип 1,0","7","10","review-required"
"cs-CZ","names","Enable","Zapnout","7","7","canon-adapted"
"cs-CZ","names","Square","Čtverec","7","8","dictionary-candidate"
"cs-CZ","names","Monitor","Monitor","7","7","canon-adapted"
"cs-CZ","names","Softness","Měkkost","7","8","review-required"
"cs-CZ","names","Enabled","Zapnuto","7","7","canon-adapted"
"cs-CZ","names","Red","Červená","7","9","canon-adapted"
"cs-CZ","names","Density","Hustota","7","7","dictionary-candidate"
"cs-CZ","names","Color R","Červená","7","9","canon-adapted"
"cs-CZ","names","Radius","Poloměr","7","8","adobe-exact"
"cs-CZ","names","Spread","Rozptyl","7","7","adobe-exact"
"cs-CZ","names","Play","Přehrát","7","9","canon-exact"
"cs-CZ","directions","FORWARD","Dopředu","7","8","review-required"
"cs-CZ","dynamic","Minutes","{0} min","7","7","standard-identifier"
"cs-CZ","sensorBlanks","5","Typ 1,0","7","7","review-required"
"cs-CZ","tonemapBlanks","0","Vypnuto","7","7","review-required"
"da-DK","names","Enable","Aktivér","7","8","canon-adapted"
"da-DK","names","Reset","Nulstil","7","7","canon-exact"
"da-DK","names","Display","Visning","7","7","canon-exact"
"da-DK","names","Spotlight","Spotlys","7","7","review-required"
"da-DK","names","LEFT","Venstre","7","7","dictionary-candidate"
"da-DK","names","Square","Kvadrat","7","7","dictionary-candidate"
"da-DK","names","Tracking","Sporing","7","7","canon-exact"
"da-DK","names","Softness","Blødhed","7","8","review-required"
"da-DK","names","Saturation","Mætning","7","8","canon-adapted"
"da-DK","names","Shadows","Skygger","7","7","review-required"
"da-DK","names","Roundness","Rundhed","7","7","review-required"
"da-DK","names","Blur","Sløring","7","8","adobe-exact"
"da-DK","directions","LEFT","Venstre","7","7","dictionary-candidate"
"da-DK","directions","BACK","Tilbage","7","7","dictionary-candidate"
"da-DK","dynamic","Minutes","{0} min","7","7","standard-identifier"
"da-DK","tonemapBlanks","4","Neutral","7","7","review-required"
"de-DE","names","Display","Anzeige","7","7","canon-exact"
"de-DE","names","Octagon","Achteck","7","7","dictionary-candidate"
"de-DE","names","Square","Quadrat","7","7","dictionary-candidate"
"de-DE","names","Monitor","Monitor","7","7","canon-adapted"
"de-DE","names","Vibrance","Dynamik","7","7","adobe-exact"
"de-DE","names","Highlights","Lichter","7","7","adobe-exact"
"de-DE","names","Stop","Stoppen","7","7","canon-adapted"
"de-DE","dynamic","Minutes","{0} min","7","7","standard-identifier"
"de-DE","tonemapBlanks","4","Neutral","7","7","review-required"
"el-GR","names","Focus","Εστίαση","7","14","canon-adapted"
"el-GR","names","Hexagon","Εξάγωνο","7","14","review-required"
"el-GR","names","Extra...","Άλλα...","7","11","dictionary-candidate"
"el-GR","names","Red","Κόκκινο","7","14","canon-adapted"
"el-GR","names","Green","Πράσινο","7","14","canon-adapted"
"el-GR","names","Color R","Κόκκινο","7","14","canon-adapted"
"el-GR","names","Color G","Πράσινο","7","14","canon-adapted"
"el-GR","names","Size","Μέγεθος","7","14","dictionary-candidate"
"el-GR","names","Stop","Διακοπή","7","14","canon-adapted"
"el-GR","names","Load","Φόρτωση","7","14","canon-exact"
"el-GR","dynamic","Next","Επόμενο","7","14","dictionary-candidate"
"el-GR","dynamic","Minutes","{0} min","7","7","standard-identifier"
"es-419","names","Enable","Activar","7","7","canon-adapted"
"es-419","names","Settings","Ajustes","7","7","canon-adapted"
"es-419","names","Focus","Enfoque","7","7","canon-exact"
"es-419","names","Filters","Filtros","7","7","review-required"
"es-419","names","RIGHT","Derecha","7","7","review-required"
"es-419","names","3D Mode","Modo 3D","7","7","review-required"
"es-419","names","Monitor","Monitor","7","7","canon-adapted"
"es-419","names","AF Area","Área AF","7","8","canon-exact"
"es-419","names","Spot","Puntual","7","7","canon-adapted"
"es-419","names","Shadows","Sombras","7","7","adobe-exact"
"es-419","names","Dither","Tramado","7","7","review-required"
"es-419","names","Aspect Ratio","Formato","7","7","adobe-exact"
"es-419","names","Width","Anchura","7","7","review-required"
"es-419","names","Stop","Detener","7","7","canon-adapted"
"es-419","names","Delay","Retardo","7","7","review-required"
"es-419","names","Save","Guardar","7","7","canon-exact"
"es-419","directions","RIGHT","Derecha","7","7","review-required"
"es-419","dynamic","Minutes","{0} min","7","7","standard-identifier"
"es-ES","names","Enable","Activar","7","7","canon-adapted"
"es-ES","names","Settings","Ajustes","7","7","canon-adapted"
"es-ES","names","Focus","Enfoque","7","7","canon-exact"
"es-ES","names","Filters","Filtros","7","7","review-required"
"es-ES","names","RIGHT","Derecha","7","7","review-required"
"es-ES","names","3D Mode","Modo 3D","7","7","review-required"
"es-ES","names","Monitor","Monitor","7","7","canon-adapted"
"es-ES","names","AF Area","Área AF","7","8","canon-exact"
"es-ES","names","Spot","Puntual","7","7","canon-adapted"
"es-ES","names","Shadows","Sombras","7","7","adobe-exact"
"es-ES","names","Dither","Tramado","7","7","review-required"
"es-ES","names","Aspect Ratio","Formato","7","7","adobe-exact"
"es-ES","names","Width","Anchura","7","7","review-required"
"es-ES","names","Stop","Detener","7","7","canon-adapted"
"es-ES","names","Delay","Retardo","7","7","review-required"
"es-ES","names","Save","Guardar","7","7","canon-exact"
"es-ES","directions","RIGHT","Derecha","7","7","review-required"
"es-ES","dynamic","Minutes","{0} min","7","7","standard-identifier"
"fi-FI","names","Zoom","Zoomaus","7","7","review-required"
"fi-FI","names","Exposure","Valotus","7","7","canon-adapted"
"fi-FI","names","Infinity","Ääretön","7","10","canon-exact"
"fi-FI","names","Extra...","Muut...","7","7","dictionary-candidate"
"fi-FI","names","3D Mode","3D-tila","7","7","dictionary-candidate"
"fi-FI","names","AF Area","AF-alue","7","7","canon-exact"
"fi-FI","names","Zone","Vyöhyke","7","8","canon-exact"
"fi-FI","names","Softness","Pehmeys","7","7","dictionary-candidate"
"fi-FI","names","Blue","Sininen","7","7","canon-adapted"
"fi-FI","names","Color B","Sininen","7","7","canon-adapted"
"fi-FI","names","Roundness","Pyöreys","7","8","dictionary-candidate"
"fi-FI","names","Stop","Pysäytä","7","9","canon-adapted"
"fi-FI","dynamic","Minutes","{0} min","7","7","standard-identifier"
"fr-FR","names","Enable","Activer","7","7","canon-adapted"
"fr-FR","names","Filters","Filtres","7","7","dictionary-candidate"
"fr-FR","names","Color","Couleur","7","7","canon-exact"
"fr-FR","names","3D Mode","Mode 3D","7","7","dictionary-candidate"
"fr-FR","names","Responsive","Réactif","7","8","canon-adapted"
"fr-FR","names","Softness","Douceur","7","7","dictionary-candidate"
"fr-FR","names","Density","Densité","7","8","adobe-exact"
"fr-FR","names","Speed","Vitesse","7","7","dictionary-candidate"
"fr-FR","names","Roundness","Arrondi","7","7","dictionary-candidate"
"fr-FR","names","Dither","Tramage","7","7","review-required"
"fr-FR","names","Width","Largeur","7","7","review-required"
"fr-FR","names","Spread","Étendue","7","8","review-required"
"fr-FR","names","Stop","Arrêter","7","8","canon-adapted"
"fr-FR","names","Load","Charger","7","7","canon-exact"
"fr-FR","names","Favorites","Favoris","7","7","dictionary-candidate"
"fr-FR","directions","BACK","Arrière","7","8","dictionary-candidate"
"fr-FR","dynamic","Next","Suivant","7","7","dictionary-candidate"
"fr-FR","dynamic","Minutes","{0} min","7","7","standard-identifier"
"hu-HU","names","Hexagon","Hatszög","7","8","dictionary-candidate"
"hu-HU","names","Square","Négyzet","7","8","dictionary-candidate"
"hu-HU","names","Monitor","Monitor","7","7","canon-adapted"
"hu-HU","names","Tracking","Követés","7","9","canon-exact"
"hu-HU","names","Softness","Lágyság","7","9","review-required"
"hu-HU","names","Brightness","Fényerő","7","9","canon-adapted"
"hu-HU","names","Density","Sűrűség","7","10","dictionary-candidate"
"hu-HU","names","Strength","Erősség","7","9","review-required"
"hu-HU","names","Position","Helyzet","7","7","review-required"
"hu-HU","names","Path","Útvonal","7","8","review-required"
"it-IT","names","Normal","Normale","7","7","dictionary-candidate"
"it-IT","names","Hexagon","Esagono","7","7","dictionary-candidate"
"it-IT","names","Grid","Griglia","7","7","canon-exact"
"it-IT","names","Monitor","Monitor","7","7","canon-adapted"
"it-IT","names","AF Area","Area AF","7","7","canon-exact"
"it-IT","names","Density","Densità","7","8","dictionary-candidate"
"it-IT","names","Peaking","Peaking","7","7","canon-exact"
"it-IT","names","Delay","Ritardo","7","7","review-required"
"it-IT","names","Linear","Lineare","7","7","review-required"
"it-IT","dynamic","Minutes","{0} min","7","7","standard-identifier"
"nb-NO","names","Enable","Aktiver","7","7","review-required"
"nb-NO","names","Aperture","Blender","7","7","canon-adapted"
"nb-NO","names","Display","Visning","7","7","review-required"
"nb-NO","names","Spotlight","Spotlys","7","7","review-required"
"nb-NO","names","LEFT","Venstre","7","7","dictionary-candidate"
"nb-NO","names","Square","Kvadrat","7","7","dictionary-candidate"
"nb-NO","names","Tracking","Sporing","7","7","review-required"
"nb-NO","names","Saturation","Metning","7","7","adobe-exact"
"nb-NO","names","Shadows","Skygger","7","7","adobe-exact"
"nb-NO","names","Density","Tetthet","7","7","review-required"
"nb-NO","names","Roundness","Rundhet","7","7","review-required"
"nb-NO","names","Center","Sentrum","7","7","dictionary-candidate"
"nb-NO","directions","LEFT","Venstre","7","7","dictionary-candidate"
"nb-NO","directions","BACK","Bakover","7","7","review-required"
"nb-NO","dynamic","Minutes","{0} min","7","7","standard-identifier"
"nb-NO","tonemapBlanks","4","Nøytral","7","8","review-required"
"nl-NL","names","Filters","Filters","7","7","review-required"
"nl-NL","names","Normal","Normaal","7","7","dictionary-candidate"
"nl-NL","names","Hexagon","Zeshoek","7","7","dictionary-candidate"
"nl-NL","names","Monitor","Monitor","7","7","canon-adapted"
"nl-NL","names","Size","Grootte","7","7","adobe-exact"
"nl-NL","names","Strength","Sterkte","7","7","adobe-exact"
"nl-NL","names","Roundness","Ronding","7","7","dictionary-candidate"
"nl-NL","names","Position","Positie","7","7","dictionary-candidate"
"nl-NL","names","Width","Breedte","7","7","review-required"
"nl-NL","names","Peaking","Peaking","7","7","canon-exact"
"nl-NL","names","Stop","Stoppen","7","7","canon-adapted"
"nl-NL","names","Linear","Lineair","7","7","review-required"
"nl-NL","names","Save","Opslaan","7","7","canon-exact"
"nl-NL","directions","FORWARD","Vooruit","7","7","review-required"
"nl-NL","dynamic","Minutes","{0} min","7","7","standard-identifier"
"nn-NO","names","Enable","Aktiver","7","7","review-required"
"nn-NO","names","Aperture","Blendar","7","7","dictionary-composition"
"nn-NO","names","Spotlight","Spotlys","7","7","review-required"
"nn-NO","names","LEFT","Venstre","7","7","review-required"
"nn-NO","names","Square","Kvadrat","7","7","review-required"
"nn-NO","names","Extra...","Anna...","7","7","review-required"
"nn-NO","names","Tracking","Sporing","7","7","review-required"
"nn-NO","names","Drive Speed","AF-fart","7","7","review-required"
"nn-NO","names","Saturation","Metting","7","7","review-required"
"nn-NO","names","Shadows","Skuggar","7","7","review-required"
"nn-NO","names","Center","Sentrum","7","7","review-required"
"nn-NO","names","Play","Spel av","7","7","review-required"
"nn-NO","directions","LEFT","Venstre","7","7","review-required"
"nn-NO","directions","BACK","Bakover","7","7","review-required"
"nn-NO","dynamic","Minutes","{0} min","7","7","standard-identifier"
"nn-NO","tonemapBlanks","4","Nøytral","7","8","review-required"
"pl-PL","names","Focus","Ostrość","7","9","canon-adapted"
"pl-PL","names","Reset","Resetuj","7","7","canon-exact"
"pl-PL","names","Square","Kwadrat","7","7","review-required"
"pl-PL","names","Extra...","Inne...","7","7","review-required"
"pl-PL","names","3D Mode","Tryb 3D","7","7","review-required"
"pl-PL","names","Monitor","Monitor","7","7","canon-adapted"
"pl-PL","names","Brightness","Jasność","7","9","canon-exact"
"pl-PL","names","Green","Zielony","7","7","canon-exact"
"pl-PL","names","Density","Gęstość","7","10","review-required"
"pl-PL","names","Color G","Zielony","7","7","canon-exact"
"pl-PL","names","Size","Rozmiar","7","7","adobe-exact"
"pl-PL","names","Radius","Promień","7","8","adobe-exact"
"pl-PL","names","Play","Odtwórz","7","8","canon-exact"
"pl-PL","names","Path","Ścieżka","7","9","review-required"
"pl-PL","names","Linear","Liniowa","7","7","review-required"
"pl-PL","names","Load","Wczytaj","7","7","canon-adapted"
"pl-PL","directions","BACK","Do tyłu","7","8","review-required"
"pl-PL","dynamic","Minutes","{0} min","7","7","standard-identifier"
"pl-PL","sensorBlanks","5","Typ 1,0","7","7","review-required"
"pt-PT","names","Focus","Focagem","7","7","canon-exact"
"pt-PT","names","Filters","Filtros","7","7","review-required"
"pt-PT","names","RIGHT","Direita","7","7","dictionary-candidate"
"pt-PT","names","3D Mode","Modo 3D","7","7","dictionary-candidate"
"pt-PT","names","Monitor","Monitor","7","7","canon-adapted"
"pt-PT","names","AF Area","Área AF","7","8","canon-exact"
"pt-PT","names","Spot","Pontual","7","7","canon-exact"
"pt-PT","names","Enabled","Ativado","7","7","canon-adapted"
"pt-PT","names","Shadows","Sombras","7","7","adobe-region-review"
"pt-PT","names","Highlights","Realces","7","7","adobe-region-review"
"pt-PT","names","Size","Tamanho","7","7","adobe-region-review"
"pt-PT","names","Position","Posição","7","9","dictionary-candidate"
"pt-PT","names","Width","Largura","7","7","review-required"
"pt-PT","names","Duration","Duração","7","9","review-required"
"pt-PT","names","Loop","Repetir","7","7","review-required"
"pt-PT","names","Save","Guardar","7","7","canon-adapted"
"pt-PT","directions","RIGHT","Direita","7","7","dictionary-candidate"
"pt-PT","dynamic","Minutes","{0} min","7","7","standard-identifier"
"ro-RO","names","Advanced","Avansat","7","7","dictionary-candidate"
"ro-RO","names","Display","Afișare","7","8","canon-adapted"
"ro-RO","names","RIGHT","Dreapta","7","7","dictionary-candidate"
"ro-RO","names","Color","Culoare","7","7","canon-exact"
"ro-RO","names","Hexagon","Hexagon","7","7","dictionary-candidate"
"ro-RO","names","Octagon","Octogon","7","7","dictionary-candidate"
"ro-RO","names","Infinity","Infinit","7","7","canon-adapted"
"ro-RO","names","Monitor","Monitor","7","7","canon-adapted"
"ro-RO","names","AF Area","Zonă AF","7","8","canon-exact"
"ro-RO","names","Enabled","Activat","7","7","canon-adapted"
"ro-RO","names","Position","Poziție","7","8","dictionary-candidate"
"ro-RO","names","Save","Salvare","7","7","canon-exact"
"ro-RO","directions","RIGHT","Dreapta","7","7","dictionary-candidate"
"ro-RO","directions","FORWARD","Înainte","7","8","review-required"
"ro-RO","dynamic","Minutes","{0} min","7","7","standard-identifier"
"ro-RO","sensorBlanks","5","Tip 1,0","7","7","review-required"
"ru-RU","names","Filters","Фильтры","7","14","review-required"
"ru-RU","names","Normal","Обычный","7","14","dictionary-candidate"
"ru-RU","names","Square","Квадрат","7","14","dictionary-candidate"
"ru-RU","names","Monitor","Монитор","7","14","canon-adapted"
"ru-RU","names","Brightness","Яркость","7","14","canon-exact"
"ru-RU","names","Red","Красный","7","14","adobe-exact"
"ru-RU","names","Green","Зелёный","7","14","canon-adapted"
"ru-RU","names","Color R","Красный","7","14","adobe-exact"
"ru-RU","names","Color G","Зелёный","7","14","canon-adapted"
"ru-RU","dynamic","Minutes","{0} мин","7","10","review-required"
"ru-RU","sensorBlanks","5","Тип 1,0","7","10","review-required"
"sv-SE","names","Drone","Drönare","7","8","dictionary-candidate"
"sv-SE","names","Display","Visning","7","7","canon-exact"
"sv-SE","names","LEFT","Vänster","7","8","dictionary-candidate"
"sv-SE","names","Square","Kvadrat","7","7","dictionary-candidate"
"sv-SE","names","3D Mode","3D-läge","7","8","dictionary-candidate"
"sv-SE","names","Softness","Mjukhet","7","7","dictionary-candidate"
"sv-SE","names","Saturation","Mättnad","7","8","adobe-exact"
"sv-SE","names","Shadows","Skuggor","7","7","adobe-exact"
"sv-SE","names","Size","Storlek","7","7","adobe-exact"
"sv-SE","names","Roundness","Rundhet","7","7","dictionary-candidate"
"sv-SE","names","Blur","Oskärpa","7","8","adobe-exact"
"sv-SE","names","Loop","Upprepa","7","7","review-required"
"sv-SE","directions","LEFT","Vänster","7","8","dictionary-candidate"
"sv-SE","dynamic","Minutes","{0} min","7","7","standard-identifier"
"sv-SE","sensorBlanks","5","Typ 1,0","7","7","review-required"
"sv-SE","tonemapBlanks","4","Neutral","7","7","review-required"
"th-TH","names","Advanced","ขั้นสูง","7","21","review-required"
"th-TH","names","Portrait","แนวตั้ง","7","21","dictionary-candidate"
"th-TH","names","Look Up","หันขึ้น","7","21","review-required"
"th-TH","names","3D Mode","โหมด 3D","7","15","review-required"
"th-TH","names","Spot","จุดเล็ก","7","21","canon-exact"
"th-TH","names","Standard","มาตรฐาน","7","21","canon-adapted"
"th-TH","names","Midtones","โทนกลาง","7","21","review-required"
"th-TH","names","Blue","น้ำเงิน","7","21","canon-exact"
"th-TH","names","Color B","น้ำเงิน","7","21","canon-exact"
"th-TH","names","Strength","ความแรง","7","21","dictionary-candidate"
"th-TH","names","Roundness","ความกลม","7","21","dictionary-candidate"
"th-TH","names","Position","ตำแหน่ง","7","21","dictionary-candidate"
"th-TH","names","Path","เส้นทาง","7","21","dictionary-candidate"
"th-TH","names","Linear","เส้นตรง","7","21","dictionary-candidate"
"th-TH","directions","BACK","ถอยหลัง","7","21","review-required"
"tr-TR","names","Settings","Ayarlar","7","7","canon-exact"
"tr-TR","names","Reset","Sıfırla","7","9","canon-exact"
"tr-TR","names","Exposure","Pozlama","7","7","canon-adapted"
"tr-TR","names","Hexagon","Altıgen","7","8","dictionary-candidate"
"tr-TR","names","3D Mode","3D modu","7","7","review-required"
"tr-TR","names","Grid","Kılavuz","7","8","canon-exact"
"tr-TR","names","Monitor","Monitör","7","8","canon-adapted"
"tr-TR","names","Drive Speed","AF Hızı","7","9","canon-adapted"
"tr-TR","names","Red","Kırmızı","7","10","canon-adapted"
"tr-TR","names","Color R","Kırmızı","7","10","canon-adapted"
"tr-TR","names","Dither","Titreme","7","7","review-required"
"tr-TR","names","Radius","Yarıçap","7","9","adobe-exact"
"tr-TR","names","Spread","Yayılma","7","8","review-required"
"tr-TR","names","Teleport","Işınlan","7","9","review-required"
"tr-TR","names","Delay","Gecikme","7","7","review-required"
"tr-TR","dynamic","Next","Sonraki","7","7","dictionary-candidate"
"uk-UA","names","Reset","Скинути","7","14","canon-exact"
"uk-UA","names","Filters","Фільтри","7","14","review-required"
"uk-UA","names","LEFT","Ліворуч","7","14","review-required"
"uk-UA","names","Square","Квадрат","7","14","dictionary-candidate"
"uk-UA","names","Extra...","Інше...","7","11","review-required"
"uk-UA","names","Monitor","Монітор","7","14","canon-adapted"
"uk-UA","names","AF Area","Зона АФ","7","13","canon-exact"
"uk-UA","names","Spot","Точкова","7","14","canon-adapted"
"uk-UA","names","Green","Зелений","7","14","canon-adapted"
"uk-UA","names","Color G","Зелений","7","14","canon-adapted"
"uk-UA","names","Linear","Лінійна","7","14","review-required"
"uk-UA","directions","LEFT","Ліворуч","7","14","review-required"
"uk-UA","sensorBlanks","5","Тип 1,0","7","10","review-required"
"bg-BG","names","Filters","Филтри","6","12","dictionary-candidate"
"bg-BG","names","UP","Нагоре","6","12","review-required"
"bg-BG","names","DOWN","Надолу","6","12","review-required"
"bg-BG","names","LEFT","Наляво","6","12","review-required"
"bg-BG","names","Spot","Точков","6","12","canon-adapted"
"bg-BG","names","Softness","Мекота","6","12","review-required"
"bg-BG","names","Vibrance","Живост","6","12","dictionary-candidate"
"bg-BG","names","Brightness","Яркост","6","12","canon-exact"
"bg-BG","names","Green","Зелено","6","12","canon-adapted"
"bg-BG","names","Color G","Зелено","6","12","canon-adapted"
"bg-BG","names","Size","Размер","6","12","dictionary-candidate"
"bg-BG","names","Center","Център","6","12","dictionary-candidate"
"bg-BG","names","Width","Ширина","6","12","review-required"
"bg-BG","names","Radius","Радиус","6","12","review-required"
"bg-BG","names","Favorites","Любими","6","12","review-required"
"bg-BG","directions","TOP","Нагоре","6","12","review-required"
"bg-BG","directions","UP","Нагоре","6","12","review-required"
"bg-BG","directions","BOTTOM","Надолу","6","12","review-required"
"bg-BG","directions","DOWN","Надолу","6","12","review-required"
"bg-BG","directions","LEFT","Наляво","6","12","review-required"
"bg-BG","directions","FORWARD","Напред","6","12","dictionary-candidate"
"bg-BG","dynamic","Next","Напред","6","12","dictionary-candidate"
"cs-CZ","names","Filters","Filtry","6","6","review-required"
"cs-CZ","names","RIGHT","Vpravo","6","6","dictionary-candidate"
"cs-CZ","names","UP","Nahoru","6","6","dictionary-candidate"
"cs-CZ","names","Grid","Mřížka","6","9","canon-exact"
"cs-CZ","names","Spot","Bodové","6","7","canon-adapted"
"cs-CZ","names","Saturation","Sytost","6","6","canon-adapted"
"cs-CZ","names","Vibrance","Živost","6","7","review-required"
"cs-CZ","names","Highlights","Světla","6","7","adobe-exact"
"cs-CZ","names","Green","Zelená","6","7","canon-adapted"
"cs-CZ","names","Color G","Zelená","6","7","canon-adapted"
"cs-CZ","names","Position","Poloha","6","6","dictionary-candidate"
"cs-CZ","names","Save","Uložit","6","7","canon-exact"
"cs-CZ","names","Load","Načíst","6","8","canon-exact"
"cs-CZ","directions","TOP","Nahoru","6","6","dictionary-candidate"
"cs-CZ","directions","UP","Nahoru","6","6","dictionary-candidate"
"cs-CZ","directions","RIGHT","Vpravo","6","6","dictionary-candidate"
"cs-CZ","directions","BACK","Dozadu","6","6","review-required"
"da-DK","names","Filters","Filtre","6","6","review-required"
"da-DK","names","Aperture","Blænde","6","7","canon-exact"
"da-DK","names","Normal","Normal","6","6","dictionary-candidate"
"da-DK","names","Highlights","Højlys","6","7","review-required"
"da-DK","names","Density","Tæthed","6","7","review-required"
"da-DK","names","Strength","Styrke","6","6","adobe-exact"
"da-DK","names","Width","Bredde","6","6","review-required"
"da-DK","names","Angle","Vinkel","6","6","review-required"
"da-DK","names","Radius","Radius","6","6","adobe-exact"
"da-DK","names","Play","Afspil","6","6","canon-exact"
"da-DK","names","Loop","Gentag","6","6","review-required"
"da-DK","names","Linear","Lineær","6","7","review-required"
"da-DK","names","Load","Indlæs","6","7","canon-exact"
"de-DE","names","Drone","Drohne","6","6","dictionary-candidate"
"de-DE","names","Filters","Filter","6","6","dictionary-candidate"
"de-DE","names","Aperture","Blende","6","6","canon-exact"
"de-DE","names","Normal","Normal","6","6","dictionary-candidate"
"de-DE","names","RIGHT","Rechts","6","6","dictionary-candidate"
"de-DE","names","Grid","Gitter","6","6","canon-exact"
"de-DE","names","Shadows","Tiefen","6","6","adobe-exact"
"de-DE","names","Density","Dichte","6","6","review-required"
"de-DE","names","Strength","Stärke","6","7","adobe-exact"
"de-DE","names","Width","Breite","6","6","review-required"
"de-DE","names","Angle","Winkel","6","6","adobe-exact"
"de-DE","names","Radius","Radius","6","6","adobe-exact"
"de-DE","names","Linear","Linear","6","6","review-required"
"de-DE","directions","RIGHT","Rechts","6","6","dictionary-candidate"
"de-DE","dynamic","Next","Weiter","6","6","review-required"
"el-GR","names","Exposure","Έκθεση","6","12","canon-adapted"
"el-GR","names","Filters","Φίλτρα","6","12","review-required"
"el-GR","names","Infinity","Άπειρο","6","12","canon-adapted"
"el-GR","names","Grid","Πλέγμα","6","12","canon-exact"
"el-GR","names","Standard","Τυπικό","6","12","canon-adapted"
"el-GR","names","Enabled","Ενεργό","6","12","canon-adapted"
"el-GR","names","Intensity","Ένταση","6","12","dictionary-candidate"
"el-GR","names","Center","Κέντρο","6","12","dictionary-candidate"
"el-GR","names","Blur","Θόλωση","6","12","review-required"
"el-GR","names","Width","Πλάτος","6","12","review-required"
"el-GR","names","Radius","Ακτίνα","6","12","review-required"
"el-GR","directions","FORWARD","Εμπρός","6","12","review-required"
"es-419","names","Normal","Normal","6","6","review-required"
"es-419","names","UP","Arriba","6","6","review-required"
"es-419","names","Brightness","Brillo","6","6","adobe-exact"
"es-419","names","Size","Tamaño","6","7","adobe-exact"
"es-419","names","Strength","Fuerza","6","6","review-required"
"es-419","names","Center","Centro","6","6","adobe-exact"
"es-419","names","Angle","Ángulo","6","7","review-required"
"es-419","names","Linear","Lineal","6","6","review-required"
"es-419","names","Load","Cargar","6","6","canon-exact"
"es-419","directions","TOP","Arriba","6","6","review-required"
"es-419","directions","UP","Arriba","6","6","review-required"
"es-419","tonemapBlanks","4","Neutro","6","6","review-required"
"es-ES","names","Normal","Normal","6","6","review-required"
"es-ES","names","UP","Arriba","6","6","review-required"
"es-ES","names","Brightness","Brillo","6","6","adobe-exact"
"es-ES","names","Size","Tamaño","6","7","adobe-exact"
"es-ES","names","Strength","Fuerza","6","6","review-required"
"es-ES","names","Center","Centro","6","6","adobe-exact"
"es-ES","names","Angle","Ángulo","6","7","review-required"
"es-ES","names","Linear","Lineal","6","6","review-required"
"es-ES","names","Load","Cargar","6","6","canon-exact"
"es-ES","directions","TOP","Arriba","6","6","review-required"
"es-ES","directions","UP","Arriba","6","6","review-required"
"es-ES","tonemapBlanks","4","Neutro","6","6","review-required"
"fi-FI","names","Drone","Drooni","6","6","dictionary-candidate"
"fi-FI","names","Reset","Nollaa","6","6","canon-exact"
"fi-FI","names","Display","Näyttö","6","8","canon-adapted"
"fi-FI","names","Monitor","Näyttö","6","8","canon-adapted"
"fi-FI","names","Shadows","Varjot","6","6","review-required"
"fi-FI","names","Green","Vihreä","6","7","canon-adapted"
"fi-FI","names","Density","Tiheys","6","6","dictionary-candidate"
"fi-FI","names","Color G","Vihreä","6","7","canon-adapted"
"fi-FI","names","Speed","Nopeus","6","6","dictionary-candidate"
"fi-FI","names","Width","Leveys","6","6","review-required"
"fi-FI","names","Play","Toista","6","6","canon-exact"
"fi-FI","names","Path","Reitti","6","6","dictionary-candidate"
"fi-FI","directions","BACK","Taakse","6","6","review-required"
"fr-FR","names","Advanced","Avancé","6","7","dictionary-candidate"
"fr-FR","names","Normal","Normal","6","6","dictionary-candidate"
"fr-FR","names","RIGHT","Droite","6","6","dictionary-candidate"
"fr-FR","names","LEFT","Gauche","6","6","dictionary-candidate"
"fr-FR","names","Infinity","Infini","6","6","canon-adapted"
"fr-FR","names","Enabled","Activé","6","7","canon-adapted"
"fr-FR","names","Shadows","Ombres","6","6","dictionary-candidate"
"fr-FR","names","Size","Taille","6","6","adobe-exact"
"fr-FR","names","Center","Centre","6","6","adobe-exact"
"fr-FR","names","Loop","Boucle","6","6","review-required"
"fr-FR","names","Path","Trajet","6","6","dictionary-candidate"
"fr-FR","directions","RIGHT","Droite","6","6","dictionary-candidate"
"fr-FR","directions","LEFT","Gauche","6","6","dictionary-candidate"
"fr-FR","tonemapBlanks","4","Neutre","6","6","dictionary-candidate"
"hu-HU","names","Focus","Fókusz","6","7","canon-exact"
"hu-HU","names","Filters","Szűrők","6","8","review-required"
"hu-HU","names","Aperture","Rekesz","6","6","canon-exact"
"hu-HU","names","Normal","Normál","6","7","review-required"
"hu-HU","names","RIGHT","Jobbra","6","6","review-required"
"hu-HU","names","3D Mode","3D mód","6","7","review-required"
"hu-HU","names","Standard","Normál","6","7","canon-exact"
"hu-HU","names","Save","Mentés","6","7","canon-exact"
"hu-HU","directions","RIGHT","Jobbra","6","6","review-required"
"it-IT","names","Enable","Attiva","6","6","canon-adapted"
"it-IT","names","Filters","Filtri","6","6","dictionary-candidate"
"it-IT","names","RIGHT","Destra","6","6","dictionary-candidate"
"it-IT","names","Color","Colore","6","6","canon-exact"
"it-IT","names","Center","Centro","6","6","adobe-exact"
"it-IT","names","Angle","Angolo","6","6","review-required"
"it-IT","names","Radius","Raggio","6","6","adobe-exact"
"it-IT","names","Duration","Durata","6","6","review-required"
"it-IT","names","Loop","Ripeti","6","6","review-required"
"it-IT","names","Load","Carica","6","6","canon-exact"
"it-IT","directions","RIGHT","Destra","6","6","dictionary-candidate"
"it-IT","directions","FORWARD","Avanti","6","6","review-required"
"it-IT","tonemapBlanks","4","Neutro","6","6","review-required"
"nb-NO","names","Filters","Filtre","6","6","review-required"
"nb-NO","names","Normal","Normal","6","6","dictionary-candidate"
"nb-NO","names","Monitor","Skjerm","6","6","dictionary-candidate"
"nb-NO","names","Softness","Mykhet","6","6","dictionary-candidate"
"nb-NO","names","Highlights","Høylys","6","7","adobe-exact"
"nb-NO","names","Strength","Styrke","6","6","adobe-exact"
"nb-NO","names","Width","Bredde","6","6","review-required"
"nb-NO","names","Angle","Vinkel","6","6","review-required"
"nb-NO","names","Radius","Radius","6","6","adobe-exact"
"nb-NO","names","Loop","Gjenta","6","6","dictionary-candidate"
"nb-NO","names","Linear","Lineær","6","7","review-required"
"nl-NL","names","RIGHT","Rechts","6","6","dictionary-candidate"
"nl-NL","names","UP","Omhoog","6","6","dictionary-candidate"
"nl-NL","names","DOWN","Omlaag","6","6","dictionary-candidate"
"nl-NL","names","Grid","Raster","6","6","canon-exact"
"nl-NL","names","Tracking","Volgen","6","6","canon-exact"
"nl-NL","names","Center","Midden","6","6","dictionary-candidate"
"nl-NL","names","Radius","Straal","6","6","adobe-exact"
"nl-NL","directions","TOP","Omhoog","6","6","dictionary-candidate"
"nl-NL","directions","UP","Omhoog","6","6","dictionary-candidate"
"nl-NL","directions","RIGHT","Rechts","6","6","dictionary-candidate"
"nl-NL","directions","BOTTOM","Omlaag","6","6","dictionary-candidate"
"nl-NL","directions","DOWN","Omlaag","6","6","dictionary-candidate"
"nn-NO","names","Filters","Filter","6","6","review-required"
"nn-NO","names","Display","Vising","6","6","review-required"
"nn-NO","names","Normal","Normal","6","6","review-required"
"nn-NO","names","Monitor","Skjerm","6","6","review-required"
"nn-NO","names","Highlights","Høglys","6","7","review-required"
"nn-NO","names","Strength","Styrke","6","6","review-required"
"nn-NO","names","Width","Breidd","6","6","review-required"
"nn-NO","names","Angle","Vinkel","6","6","review-required"
"nn-NO","names","Radius","Radius","6","6","review-required"
"nn-NO","names","Loop","Gjenta","6","6","review-required"
"nn-NO","names","Linear","Lineær","6","7","review-required"
"pl-PL","names","Filters","Filtry","6","6","review-required"
"pl-PL","names","Grid","Siatka","6","6","canon-exact"
"pl-PL","names","Zone","Strefa","6","6","canon-adapted"
"pl-PL","names","Shadows","Cienie","6","6","adobe-exact"
"pl-PL","names","Center","Środek","6","7","adobe-exact"
"pl-PL","names","Save","Zapisz","6","6","canon-exact"
"pt-PT","names","Enable","Ativar","6","6","canon-exact"
"pt-PT","names","Normal","Normal","6","6","dictionary-candidate"
"pt-PT","names","Grid","Grelha","6","6","canon-exact"
"pt-PT","names","Brightness","Brilho","6","6","canon-exact"
"pt-PT","names","Center","Centro","6","6","adobe-region-review"
"pt-PT","names","Angle","Ângulo","6","7","review-required"
"pt-PT","names","Delay","Atraso","6","6","review-required"
"pt-PT","names","Linear","Linear","6","6","review-required"
"pt-PT","directions","FORWARD","Frente","6","6","review-required"
"pt-PT","tonemapBlanks","4","Neutro","6","6","review-required"
"ro-RO","names","Settings","Setări","6","7","canon-exact"
"ro-RO","names","Filters","Filtre","6","6","review-required"
"ro-RO","names","Normal","Normal","6","6","dictionary-candidate"
"ro-RO","names","LEFT","Stânga","6","7","dictionary-candidate"
"ro-RO","names","Square","Pătrat","6","7","dictionary-candidate"
"ro-RO","names","3D Mode","Mod 3D","6","6","review-required"
"ro-RO","names","Softness","Finețe","6","7","dictionary-candidate"
"ro-RO","names","Speed","Viteză","6","7","dictionary-candidate"
"ro-RO","names","Strength","Putere","6","6","dictionary-candidate"
"ro-RO","names","Center","Centru","6","6","adobe-exact"
"ro-RO","names","Width","Lățime","6","8","review-required"
"ro-RO","names","Play","Redare","6","6","canon-exact"
"ro-RO","names","Stop","Oprire","6","6","canon-adapted"
"ro-RO","names","Duration","Durată","6","7","review-required"
"ro-RO","names","Path","Traseu","6","6","dictionary-candidate"
"ro-RO","names","Linear","Liniar","6","6","review-required"
"ro-RO","directions","LEFT","Stânga","6","7","dictionary-candidate"
"ro-RO","directions","BACK","Înapoi","6","7","review-required"
"ro-RO","tonemapBlanks","4","Neutru","6","6","review-required"
"ru-RU","names","RIGHT","Вправо","6","12","dictionary-candidate"
"ru-RU","names","Size","Размер","6","12","adobe-exact"
"ru-RU","names","Width","Ширина","6","12","review-required"
"ru-RU","names","Radius","Радиус","6","12","adobe-exact"
"ru-RU","names","Loop","Повтор","6","12","review-required"
"ru-RU","directions","RIGHT","Вправо","6","12","dictionary-candidate"
"ru-RU","directions","FORWARD","Вперёд","6","12","review-required"
"sv-SE","names","Filters","Filter","6","6","dictionary-candidate"
"sv-SE","names","Normal","Normal","6","6","dictionary-candidate"
"sv-SE","names","Grid","Rutnät","6","7","canon-exact"
"sv-SE","names","Vibrance","Lyster","6","6","adobe-exact"
"sv-SE","names","Density","Täthet","6","7","dictionary-candidate"
"sv-SE","names","Strength","Styrka","6","6","adobe-exact"
"sv-SE","names","Dither","Gitter","6","6","review-required"
"sv-SE","names","Angle","Vinkel","6","6","review-required"
"sv-SE","names","Stop","Stoppa","6","6","canon-adapted"
"sv-SE","names","Linear","Linjär","6","7","review-required"
"sv-SE","names","Load","Läs in","6","7","canon-adapted"
"sv-SE","directions","FORWARD","Framåt","6","7","review-required"
"th-TH","names","Reset","รีเซ็ต","6","18","canon-exact"
"th-TH","names","Exposure","ค่าแสง","6","18","canon-exact"
"th-TH","names","Tracking","ติดตาม","6","18","canon-exact"
"th-TH","names","Vignette","ขอบมืด","6","18","review-required"
"th-TH","names","Dolly","ดอลลี่","6","18","review-required"
"th-TH","names","Loop","เล่นวน","6","18","review-required"
"th-TH","names","Save","บันทึก","6","18","canon-exact"
"tr-TR","names","Normal","Normal","6","6","dictionary-candidate"
"tr-TR","names","UP","Yukarı","6","7","dictionary-candidate"
"tr-TR","names","Infinity","Sonsuz","6","6","canon-exact"
"tr-TR","names","Center","Merkez","6","6","adobe-exact"
"tr-TR","names","Vignette","Vinyet","6","6","review-required"
"tr-TR","names","Stop","Durdur","6","6","canon-adapted"
"tr-TR","names","Save","Kaydet","6","6","canon-exact"
"tr-TR","directions","TOP","Yukarı","6","7","dictionary-candidate"
"tr-TR","directions","UP","Yukarı","6","7","dictionary-candidate"
"tr-TR","dynamic","Seconds","{0} sn","6","6","review-required"
"tr-TR","dynamic","Minutes","{0} dk","6","6","review-required"
"uk-UA","names","Size","Розмір","6","12","adobe-exact"
"uk-UA","names","Aspect Ratio","Формат","6","12","canon-exact"
"uk-UA","names","Width","Ширина","6","12","review-required"
"uk-UA","names","Radius","Радіус","6","12","adobe-exact"
"uk-UA","names","Favorites","Обране","6","12","review-required"
"uk-UA","directions","FORWARD","Уперед","6","12","review-required"
"uk-UA","dynamic","Minutes","{0} хв","6","8","review-required"
"bg-BG","names","Focus","Фокус","5","10","canon-exact"
"bg-BG","names","Macro","Макро","5","10","review-required"
"bg-BG","names","Shadows","Сенки","5","10","dictionary-candidate"
"bg-BG","names","Blue","Синьо","5","10","canon-adapted"
"bg-BG","names","Color B","Синьо","5","10","canon-adapted"
"bg-BG","directions","BACK","Назад","5","10","dictionary-candidate"
"bg-BG","dynamic","Seconds","{0} s","5","5","standard-identifier"
"bg-BG","sensorBlanks","1","APS-H","5","5","standard-identifier"
"cs-CZ","names","Aperture","Clona","5","5","canon-adapted"
"cs-CZ","names","LEFT","Vlevo","5","5","dictionary-candidate"
"cs-CZ","names","Color","Barva","5","5","canon-exact"
"cs-CZ","names","Macro","Makro","5","5","dictionary-candidate"
"cs-CZ","names","Shadows","Stíny","5","6","review-required"
"cs-CZ","names","Blue","Modrá","5","6","canon-adapted"
"cs-CZ","names","Color B","Modrá","5","6","canon-adapted"
"cs-CZ","names","Center","Střed","5","6","adobe-exact"
"cs-CZ","names","Width","Šířka","5","8","review-required"
"cs-CZ","names","Path","Dráha","5","6","review-required"
"cs-CZ","directions","LEFT","Vlevo","5","5","dictionary-candidate"
"cs-CZ","dynamic","Next","Další","5","7","dictionary-candidate"
"cs-CZ","dynamic","Seconds","{0} s","5","5","standard-identifier"
"cs-CZ","sensorBlanks","1","APS-H","5","5","standard-identifier"
"da-DK","names","Drone","Drone","5","5","dictionary-candidate"
"da-DK","names","Focus","Fokus","5","5","canon-exact"
"da-DK","names","RIGHT","Højre","5","6","dictionary-candidate"
"da-DK","names","Color","Farve","5","5","canon-exact"
"da-DK","names","Macro","Makro","5","5","review-required"
"da-DK","names","Monitor","Skærm","5","6","canon-exact"
"da-DK","names","Center","Midte","5","5","review-required"
"da-DK","directions","RIGHT","Højre","5","6","dictionary-candidate"
"da-DK","dynamic","Next","Næste","5","6","dictionary-candidate"
"da-DK","dynamic","Seconds","{0} s","5","5","standard-identifier"
"da-DK","sensorBlanks","1","APS-H","5","5","standard-identifier"
"de-DE","names","Focus","Fokus","5","5","canon-exact"
"de-DE","names","DOWN","Unten","5","5","dictionary-candidate"
"de-DE","names","LEFT","Links","5","5","dictionary-candidate"
"de-DE","names","Color","Farbe","5","5","canon-exact"
"de-DE","names","Macro","Makro","5","5","dictionary-candidate"
"de-DE","names","Size","Größe","5","7","adobe-exact"
"de-DE","names","Center","Mitte","5","5","adobe-exact"
"de-DE","names","Duration","Dauer","5","5","review-required"
"de-DE","names","Load","Laden","5","5","canon-exact"
"de-DE","directions","BOTTOM","Unten","5","5","dictionary-candidate"
"de-DE","directions","DOWN","Unten","5","5","dictionary-candidate"
"de-DE","directions","LEFT","Links","5","5","dictionary-candidate"
"de-DE","dynamic","Seconds","{0} s","5","5","standard-identifier"
"de-DE","sensorBlanks","1","APS-H","5","5","standard-identifier"
"el-GR","names","Drone","Drone","5","5","dictionary-candidate"
"el-GR","names","RIGHT","Δεξιά","5","10","dictionary-candidate"
"el-GR","names","Color","Χρώμα","5","10","canon-exact"
"el-GR","names","Macro","Μάκρο","5","10","review-required"
"el-GR","names","Monitor","Οθόνη","5","10","canon-adapted"
"el-GR","names","Shadows","Σκιές","5","10","review-required"
"el-GR","names","Strength","Ισχύς","5","10","dictionary-candidate"
"el-GR","names","Angle","Γωνία","5","10","review-required"
"el-GR","directions","RIGHT","Δεξιά","5","10","dictionary-candidate"
"el-GR","dynamic","Seconds","{0} s","5","5","standard-identifier"
"el-GR","sensorBlanks","1","APS-H","5","5","standard-identifier"
"es-419","names","DOWN","Abajo","5","5","review-required"
"es-419","names","Color","Color","5","5","canon-exact"
"es-419","names","Macro","Macro","5","5","review-required"
"es-419","names","Green","Verde","5","5","canon-adapted"
"es-419","names","Color G","Verde","5","5","canon-adapted"
"es-419","names","Radius","Radio","5","5","adobe-exact"
"es-419","names","Loop","Bucle","5","5","review-required"
"es-419","directions","BOTTOM","Abajo","5","5","review-required"
"es-419","directions","DOWN","Abajo","5","5","review-required"
"es-419","directions","BACK","Atrás","5","6","review-required"
"es-419","dynamic","Seconds","{0} s","5","5","standard-identifier"
"es-419","sensorBlanks","1","APS-H","5","5","standard-identifier"
"es-ES","names","DOWN","Abajo","5","5","review-required"
"es-ES","names","Color","Color","5","5","canon-exact"
"es-ES","names","Macro","Macro","5","5","review-required"
"es-ES","names","Green","Verde","5","5","canon-adapted"
"es-ES","names","Color G","Verde","5","5","canon-adapted"
"es-ES","names","Radius","Radio","5","5","adobe-exact"
"es-ES","names","Loop","Bucle","5","5","review-required"
"es-ES","directions","BOTTOM","Abajo","5","5","review-required"
"es-ES","directions","DOWN","Abajo","5","5","review-required"
"es-ES","directions","BACK","Atrás","5","6","review-required"
"es-ES","dynamic","Seconds","{0} s","5","5","standard-identifier"
"es-ES","sensorBlanks","1","APS-H","5","5","standard-identifier"
"fi-FI","names","Aperture","Aukko","5","5","canon-exact"
"fi-FI","names","RIGHT","Oikea","5","5","dictionary-candidate"
"fi-FI","names","LEFT","Vasen","5","5","dictionary-candidate"
"fi-FI","names","Square","Neliö","5","6","dictionary-candidate"
"fi-FI","names","Macro","Makro","5","5","dictionary-candidate"
"fi-FI","names","Spot","Piste","5","5","canon-exact"
"fi-FI","names","Angle","Kulma","5","5","adobe-exact"
"fi-FI","names","Duration","Kesto","5","5","review-required"
"fi-FI","names","Delay","Viive","5","5","review-required"
"fi-FI","names","Load","Lataa","5","5","canon-exact"
"fi-FI","directions","RIGHT","Oikea","5","5","dictionary-candidate"
"fi-FI","directions","LEFT","Vasen","5","5","dictionary-candidate"
"fi-FI","directions","FORWARD","Eteen","5","5","review-required"
"fi-FI","dynamic","Seconds","{0} s","5","5","standard-identifier"
"fi-FI","sensorBlanks","1","APS-H","5","5","standard-identifier"
"fr-FR","names","Drone","Drone","5","5","dictionary-candidate"
"fr-FR","names","Square","Carré","5","6","dictionary-candidate"
"fr-FR","names","Macro","Macro","5","5","dictionary-candidate"
"fr-FR","names","Tracking","Suivi","5","5","canon-exact"
"fr-FR","names","Red","Rouge","5","5","adobe-exact"
"fr-FR","names","Color R","Rouge","5","5","adobe-exact"
"fr-FR","names","Angle","Angle","5","5","dictionary-candidate"
"fr-FR","names","Radius","Rayon","5","5","adobe-exact"
"fr-FR","names","Duration","Durée","5","6","review-required"
"fr-FR","names","Delay","Délai","5","6","review-required"
"fr-FR","directions","FORWARD","Avant","5","5","dictionary-candidate"
"fr-FR","dynamic","Seconds","{0} s","5","5","standard-identifier"
"fr-FR","sensorBlanks","1","APS-H","5","5","standard-identifier"
"hu-HU","names","LEFT","Balra","5","5","review-required"
"hu-HU","names","Macro","Makró","5","6","review-required"
"hu-HU","names","Red","Vörös","5","7","adobe-exact"
"hu-HU","names","Color R","Vörös","5","7","adobe-exact"
"hu-HU","names","Size","Méret","5","6","adobe-exact"
"hu-HU","names","Center","Közép","5","7","adobe-exact"
"hu-HU","names","Radius","Sugár","5","6","adobe-exact"
"hu-HU","directions","LEFT","Balra","5","5","review-required"
"hu-HU","directions","FORWARD","Előre","5","6","review-required"
"hu-HU","directions","BACK","Hátra","5","6","review-required"
"hu-HU","dynamic","Seconds","{0} s","5","5","standard-identifier"
"hu-HU","sensorBlanks","1","APS-H","5","5","standard-identifier"
"it-IT","names","Drone","Drone","5","5","dictionary-candidate"
"it-IT","names","Macro","Macro","5","5","review-required"
"it-IT","names","Shadows","Ombre","5","5","adobe-exact"
"it-IT","names","Red","Rosso","5","5","adobe-exact"
"it-IT","names","Green","Verde","5","5","adobe-exact"
"it-IT","names","Color R","Rosso","5","5","adobe-exact"
"it-IT","names","Color G","Verde","5","5","adobe-exact"
"it-IT","names","Save","Salva","5","5","canon-exact"
"it-IT","dynamic","Seconds","{0} s","5","5","standard-identifier"
"it-IT","sensorBlanks","1","APS-H","5","5","standard-identifier"
"nb-NO","names","Drone","Drone","5","5","review-required"
"nb-NO","names","Focus","Fokus","5","5","canon-adapted"
"nb-NO","names","RIGHT","Høyre","5","6","dictionary-candidate"
"nb-NO","names","Color","Farge","5","5","dictionary-candidate"
"nb-NO","names","Macro","Makro","5","5","canon-adapted"
"nb-NO","names","Spot","Punkt","5","5","dictionary-candidate"
"nb-NO","names","Green","Grønn","5","6","dictionary-candidate"
"nb-NO","names","Color G","Grønn","5","6","dictionary-candidate"
"nb-NO","names","Stop","Stopp","5","5","review-required"
"nb-NO","names","Save","Lagre","5","5","review-required"
"nb-NO","directions","RIGHT","Høyre","5","6","dictionary-candidate"
"nb-NO","dynamic","Next","Neste","5","5","dictionary-candidate"
"nb-NO","dynamic","Seconds","{0} s","5","5","standard-identifier"
"nb-NO","sensorBlanks","1","APS-H","5","5","standard-identifier"
"nl-NL","names","Drone","Drone","5","5","dictionary-candidate"
"nl-NL","names","LEFT","Links","5","5","dictionary-candidate"
"nl-NL","names","Color","Kleur","5","5","canon-exact"
"nl-NL","names","Macro","Macro","5","5","dictionary-candidate"
"nl-NL","names","Green","Groen","5","5","canon-adapted"
"nl-NL","names","Blue","Blauw","5","5","canon-adapted"
"nl-NL","names","Color G","Groen","5","5","canon-adapted"
"nl-NL","names","Color B","Blauw","5","5","canon-adapted"
"nl-NL","names","Load","Laden","5","5","canon-exact"
"nl-NL","directions","LEFT","Links","5","5","dictionary-candidate"
"nl-NL","dynamic","Seconds","{0} s","5","5","standard-identifier"
"nl-NL","sensorBlanks","1","APS-H","5","5","standard-identifier"
"nn-NO","names","Drone","Drone","5","5","review-required"
"nn-NO","names","Focus","Fokus","5","5","education-composition"
"nn-NO","names","RIGHT","Høgre","5","6","review-required"
"nn-NO","names","Color","Farge","5","5","review-required"
"nn-NO","names","Macro","Makro","5","5","review-required"
"nn-NO","names","Spot","Punkt","5","5","review-required"
"nn-NO","names","Stop","Stopp","5","5","review-required"
"nn-NO","names","Save","Lagre","5","5","review-required"
"nn-NO","directions","RIGHT","Høgre","5","6","review-required"
"nn-NO","dynamic","Next","Neste","5","5","review-required"
"nn-NO","dynamic","Seconds","{0} s","5","5","standard-identifier"
"nn-NO","sensorBlanks","1","APS-H","5","5","standard-identifier"
"pl-PL","names","Enable","Włącz","5","7","canon-adapted"
"pl-PL","names","RIGHT","Prawo","5","5","review-required"
"pl-PL","names","Color","Kolor","5","5","canon-exact"
"pl-PL","names","Macro","Makro","5","5","review-required"
"pl-PL","names","Loop","Pętla","5","6","review-required"
"pl-PL","directions","RIGHT","Prawo","5","5","review-required"
"pl-PL","dynamic","Next","Dalej","5","5","review-required"
"pl-PL","dynamic","Seconds","{0} s","5","5","standard-identifier"
"pl-PL","sensorBlanks","1","APS-H","5","5","standard-identifier"
"pt-PT","names","Drone","Drone","5","5","dictionary-candidate"
"pt-PT","names","Reset","Repor","5","5","canon-adapted"
"pt-PT","names","DOWN","Baixo","5","5","dictionary-candidate"
"pt-PT","names","Macro","Macro","5","5","dictionary-candidate"
"pt-PT","names","Green","Verde","5","5","canon-exact"
"pt-PT","names","Color G","Verde","5","5","canon-exact"
"pt-PT","names","Strength","Força","5","6","dictionary-candidate"
"pt-PT","names","Stop","Parar","5","5","canon-adapted"
"pt-PT","directions","BOTTOM","Baixo","5","5","dictionary-candidate"
"pt-PT","directions","DOWN","Baixo","5","5","dictionary-candidate"
"pt-PT","dynamic","Seconds","{0} s","5","5","standard-identifier"
"pt-PT","sensorBlanks","1","APS-H","5","5","standard-identifier"
"ro-RO","names","Drone","Dronă","5","6","review-required"
"ro-RO","names","Macro","Macro","5","5","dictionary-candidate"
"ro-RO","names","Grid","Grilă","5","6","canon-exact"
"ro-RO","names","Shadows","Umbre","5","5","review-required"
"ro-RO","names","Green","Verde","5","5","canon-exact"
"ro-RO","names","Color G","Verde","5","5","canon-exact"
"ro-RO","names","Angle","Unghi","5","5","dictionary-candidate"
"ro-RO","dynamic","Seconds","{0} s","5","5","standard-identifier"
"ro-RO","sensorBlanks","1","APS-H","5","5","standard-identifier"
"ru-RU","names","Reset","Сброс","5","10","canon-exact"
"ru-RU","names","UP","Вверх","5","10","dictionary-candidate"
"ru-RU","names","LEFT","Влево","5","10","dictionary-candidate"
"ru-RU","names","Macro","Макро","5","10","review-required"
"ru-RU","names","Grid","Сетка","5","10","canon-exact"
"ru-RU","names","Blue","Синий","5","10","adobe-exact"
"ru-RU","names","Color B","Синий","5","10","adobe-exact"
"ru-RU","names","Center","Центр","5","10","adobe-exact"
"ru-RU","directions","TOP","Вверх","5","10","dictionary-candidate"
"ru-RU","directions","UP","Вверх","5","10","dictionary-candidate"
"ru-RU","directions","LEFT","Влево","5","10","dictionary-candidate"
"ru-RU","directions","BACK","Назад","5","10","review-required"
"ru-RU","dynamic","Next","Далее","5","10","review-required"
"ru-RU","dynamic","Seconds","{0} с","5","6","review-required"
"ru-RU","sensorBlanks","1","APS-H","5","5","standard-identifier"
"sv-SE","names","Focus","Fokus","5","5","canon-exact"
"sv-SE","names","RIGHT","Höger","5","6","dictionary-candidate"
"sv-SE","names","Macro","Makro","5","5","dictionary-candidate"
"sv-SE","names","Width","Bredd","5","5","review-required"
"sv-SE","names","Radius","Radie","5","5","adobe-exact"
"sv-SE","names","Save","Spara","5","5","canon-exact"
"sv-SE","directions","RIGHT","Höger","5","6","dictionary-candidate"
"sv-SE","directions","BACK","Bakåt","5","6","review-required"
"sv-SE","dynamic","Next","Nästa","5","6","dictionary-candidate"
"sv-SE","dynamic","Seconds","{0} s","5","5","standard-identifier"
"sv-SE","sensorBlanks","1","APS-H","5","5","standard-identifier"
"th-TH","names","Focus","โฟกัส","5","15","canon-exact"
"th-TH","names","Look Down","หันลง","5","15","review-required"
"th-TH","names","Macro","มาโคร","5","15","review-required"
"th-TH","names","Grid","ตาราง","5","15","canon-exact"
"th-TH","names","Monitor","จอภาพ","5","15","canon-adapted"
"th-TH","names","Green","เขียว","5","15","canon-exact"
"th-TH","names","Color G","เขียว","5","15","canon-exact"
"th-TH","names","Radius","รัศมี","5","15","dictionary-candidate"
"th-TH","dynamic","Next","ถัดไป","5","15","review-required"
"th-TH","sensorBlanks","1","APS-H","5","5","standard-identifier"
"tr-TR","names","DOWN","Aşağı","5","8","dictionary-candidate"
"tr-TR","names","Macro","Makro","5","5","dictionary-candidate"
"tr-TR","names","Tracking","Takip","5","5","canon-exact"
"tr-TR","names","Spot","Nokta","5","5","canon-exact"
"tr-TR","names","Zone","Bölge","5","6","canon-exact"
"tr-TR","names","Enabled","Etkin","5","5","canon-adapted"
"tr-TR","names","Green","Yeşil","5","6","canon-exact"
"tr-TR","names","Color G","Yeşil","5","6","canon-exact"
"tr-TR","names","Size","Boyut","5","5","adobe-exact"
"tr-TR","names","Position","Konum","5","5","dictionary-candidate"
"tr-TR","names","Play","Oynat","5","5","canon-exact"
"tr-TR","names","Loop","Döngü","5","7","review-required"
"tr-TR","names","Load","Yükle","5","6","canon-exact"
"tr-TR","directions","BOTTOM","Aşağı","5","8","dictionary-candidate"
"tr-TR","directions","DOWN","Aşağı","5","8","dictionary-candidate"
"tr-TR","directions","FORWARD","İleri","5","6","dictionary-candidate"
"tr-TR","sensorBlanks","1","APS-H","5","5","standard-identifier"
"uk-UA","names","UP","Угору","5","10","review-required"
"uk-UA","names","Color","Колір","5","10","canon-exact"
"uk-UA","names","Macro","Макро","5","10","review-required"
"uk-UA","names","Grid","Сітка","5","10","canon-exact"
"uk-UA","names","Blue","Синій","5","10","canon-adapted"
"uk-UA","names","Color B","Синій","5","10","canon-adapted"
"uk-UA","names","Center","Центр","5","10","adobe-exact"
"uk-UA","directions","TOP","Угору","5","10","review-required"
"uk-UA","directions","UP","Угору","5","10","review-required"
"uk-UA","directions","BACK","Назад","5","10","review-required"
"uk-UA","dynamic","Seconds","{0} с","5","6","review-required"
"uk-UA","sensorBlanks","1","APS-H","5","5","standard-identifier"
"bg-BG","names","Drone","Дрон","4","8","review-required"
"bg-BG","names","Color","Цвят","4","8","canon-exact"
"bg-BG","names","Zone","Зона","4","8","canon-exact"
"bg-BG","names","Strength","Сила","4","8","review-required"
"bg-BG","names","Angle","Ъгъл","4","8","dictionary-candidate"
"cs-CZ","names","Zoom","Zoom","4","4","dictionary-candidate"
"cs-CZ","names","Drone","Dron","4","4","dictionary-candidate"
"cs-CZ","names","DOWN","Dolů","4","5","dictionary-candidate"
"cs-CZ","names","Zone","Zóna","4","5","canon-adapted"
"cs-CZ","names","Strength","Síla","4","5","adobe-exact"
"cs-CZ","names","Angle","Úhel","4","5","review-required"
"cs-CZ","directions","BOTTOM","Dolů","4","5","dictionary-candidate"
"cs-CZ","directions","DOWN","Dolů","4","5","dictionary-candidate"
"da-DK","names","Zoom","Zoom","4","4","dictionary-candidate"
"da-DK","names","Spot","Spot","4","4","canon-exact"
"da-DK","names","Zone","Zone","4","4","canon-exact"
"da-DK","names","Green","Grøn","4","5","canon-exact"
"da-DK","names","Color G","Grøn","4","5","canon-exact"
"da-DK","names","Stop","Stop","4","4","canon-adapted"
"da-DK","names","Path","Bane","4","4","dictionary-candidate"
"da-DK","directions","FORWARD","Frem","4","4","dictionary-candidate"
"de-DE","names","Zoom","Zoom","4","4","dictionary-candidate"
"de-DE","names","UP","Oben","4","4","dictionary-candidate"
"de-DE","names","Spot","Spot","4","4","canon-exact"
"de-DE","names","Zone","Zone","4","4","canon-exact"
"de-DE","names","Green","Grün","4","5","canon-exact"
"de-DE","names","Blue","Blau","4","4","canon-exact"
"de-DE","names","Color G","Grün","4","5","canon-exact"
"de-DE","names","Color B","Blau","4","4","canon-exact"
"de-DE","names","Path","Pfad","4","4","dictionary-candidate"
"de-DE","directions","TOP","Oben","4","4","dictionary-candidate"
"de-DE","directions","UP","Oben","4","4","dictionary-candidate"
"el-GR","names","Zoom","Ζουμ","4","8","review-required"
"el-GR","names","UP","Πάνω","4","8","dictionary-candidate"
"el-GR","names","DOWN","Κάτω","4","8","dictionary-candidate"
"el-GR","names","Zone","Ζώνη","4","8","canon-adapted"
"el-GR","names","Blue","Μπλε","4","8","canon-adapted"
"el-GR","names","Color B","Μπλε","4","8","canon-adapted"
"el-GR","names","Position","Θέση","4","8","dictionary-candidate"
"el-GR","directions","TOP","Πάνω","4","8","dictionary-candidate"
"el-GR","directions","UP","Πάνω","4","8","dictionary-candidate"
"el-GR","directions","BOTTOM","Κάτω","4","8","dictionary-candidate"
"el-GR","directions","DOWN","Κάτω","4","8","dictionary-candidate"
"el-GR","directions","BACK","Πίσω","4","8","dictionary-candidate"
"es-419","names","Zoom","Zoom","4","4","review-required"
"es-419","names","Drone","Dron","4","4","review-required"
"es-419","names","Zone","Zona","4","4","canon-exact"
"es-419","names","Red","Rojo","4","4","adobe-exact"
"es-419","names","Blue","Azul","4","4","adobe-exact"
"es-419","names","Color R","Rojo","4","4","adobe-exact"
"es-419","names","Color B","Azul","4","4","adobe-exact"
"es-ES","names","Zoom","Zoom","4","4","review-required"
"es-ES","names","Drone","Dron","4","4","review-required"
"es-ES","names","Zone","Zona","4","4","canon-exact"
"es-ES","names","Red","Rojo","4","4","adobe-exact"
"es-ES","names","Blue","Azul","4","4","adobe-exact"
"es-ES","names","Color R","Rojo","4","4","adobe-exact"
"es-ES","names","Color B","Azul","4","4","adobe-exact"
"fi-FI","names","UP","Ylös","4","5","dictionary-candidate"
"fi-FI","names","DOWN","Alas","4","4","dictionary-candidate"
"fi-FI","names","Color","Väri","4","5","canon-exact"
"fi-FI","names","Size","Koko","4","4","dictionary-candidate"
"fi-FI","names","Radius","Säde","4","5","adobe-exact"
"fi-FI","directions","TOP","Ylös","4","5","dictionary-candidate"
"fi-FI","directions","UP","Ylös","4","5","dictionary-candidate"
"fi-FI","directions","BOTTOM","Alas","4","4","dictionary-candidate"
"fi-FI","directions","DOWN","Alas","4","4","dictionary-candidate"
"fr-FR","names","Zoom","Zoom","4","4","dictionary-candidate"
"fr-FR","names","UP","Haut","4","4","dictionary-candidate"
"fr-FR","names","Spot","Spot","4","4","canon-exact"
"fr-FR","names","Zone","Zone","4","4","canon-exact"
"fr-FR","names","Green","Vert","4","4","adobe-exact"
"fr-FR","names","Blue","Bleu","4","4","adobe-exact"
"fr-FR","names","Color G","Vert","4","4","adobe-exact"
"fr-FR","names","Color B","Bleu","4","4","adobe-exact"
"fr-FR","names","Blur","Flou","4","4","adobe-exact"
"fr-FR","names","Play","Lire","4","4","canon-exact"
"fr-FR","directions","TOP","Haut","4","4","dictionary-candidate"
"fr-FR","directions","UP","Haut","4","4","dictionary-candidate"
"hu-HU","names","Zoom","Zoom","4","4","dictionary-candidate"
"hu-HU","names","Drone","Drón","4","5","dictionary-candidate"
"hu-HU","names","Color","Szín","4","5","canon-exact"
"hu-HU","names","Grid","Rács","4","5","canon-exact"
"hu-HU","names","Spot","Pont","4","4","canon-adapted"
"hu-HU","names","Zone","Zóna","4","5","canon-adapted"
"hu-HU","names","Green","Zöld","4","5","canon-exact"
"hu-HU","names","Color G","Zöld","4","5","canon-exact"
"hu-HU","names","Angle","Szög","4","5","adobe-exact"
"it-IT","names","Zoom","Zoom","4","4","dictionary-candidate"
"it-IT","names","Spot","Spot","4","4","canon-exact"
"it-IT","names","Zone","Zona","4","4","canon-exact"
"it-IT","names","Highlights","Luci","4","4","adobe-exact"
"nb-NO","names","Zoom","Zoom","4","4","canon-adapted"
"nb-NO","names","Zone","Sone","4","4","review-required"
"nb-NO","names","Vibrance","Glød","4","5","adobe-exact"
"nb-NO","names","Path","Bane","4","4","dictionary-candidate"
"nl-NL","names","Zoom","Zoom","4","4","dictionary-candidate"
"nl-NL","names","Spot","Spot","4","4","canon-exact"
"nl-NL","names","Zone","Zone","4","4","canon-exact"
"nl-NL","names","Red","Rood","4","4","adobe-exact"
"nl-NL","names","Color R","Rood","4","4","adobe-exact"
"nl-NL","names","Angle","Hoek","4","4","adobe-exact"
"nl-NL","names","Duration","Duur","4","4","review-required"
"nn-NO","names","Zoom","Zoom","4","4","review-required"
"nn-NO","names","Zone","Sone","4","4","review-required"
"nn-NO","names","Vibrance","Glød","4","5","review-required"
"nn-NO","names","Red","Raud","4","4","dictionary-candidate"
"nn-NO","names","Green","Grøn","4","5","review-required"
"nn-NO","names","Color R","Raud","4","4","dictionary-candidate"
"nn-NO","names","Color G","Grøn","4","5","review-required"
"nn-NO","names","Speed","Fart","4","4","review-required"
"nn-NO","names","Path","Bane","4","4","review-required"
"pl-PL","names","Zoom","Zoom","4","4","review-required"
"pl-PL","names","Drone","Dron","4","4","review-required"
"pl-PL","names","UP","Góra","4","5","review-required"
"pl-PL","names","LEFT","Lewo","4","4","review-required"
"pl-PL","names","Strength","Siła","4","5","adobe-exact"
"pl-PL","directions","TOP","Góra","4","5","review-required"
"pl-PL","directions","UP","Góra","4","5","review-required"
"pl-PL","directions","LEFT","Lewo","4","4","review-required"
"pt-PT","names","Zoom","Zoom","4","4","dictionary-candidate"
"pt-PT","names","UP","Cima","4","4","dictionary-candidate"
"pt-PT","names","Zone","Zona","4","4","canon-exact"
"pt-PT","names","Blue","Azul","4","4","canon-exact"
"pt-PT","names","Color B","Azul","4","4","canon-exact"
"pt-PT","names","Radius","Raio","4","4","adobe-region-review"
"pt-PT","directions","TOP","Cima","4","4","dictionary-candidate"
"pt-PT","directions","UP","Cima","4","4","dictionary-candidate"
"pt-PT","directions","BACK","Trás","4","5","review-required"
"ro-RO","names","Zoom","Zoom","4","4","review-required"
"ro-RO","names","Zone","Zonă","4","5","canon-exact"
"ro-RO","names","Red","Roșu","4","5","canon-adapted"
"ro-RO","names","Color R","Roșu","4","5","canon-adapted"
"ro-RO","names","Radius","Rază","4","5","review-required"
"ru-RU","names","Drone","Дрон","4","8","dictionary-candidate"
"ru-RU","names","DOWN","Вниз","4","8","dictionary-candidate"
"ru-RU","names","Color","Цвет","4","8","canon-exact"
"ru-RU","names","Zone","Зона","4","8","canon-adapted"
"ru-RU","names","Shadows","Тени","4","8","adobe-exact"
"ru-RU","names","Strength","Сила","4","8","dictionary-candidate"
"ru-RU","names","Angle","Угол","4","8","adobe-exact"
"ru-RU","directions","BOTTOM","Вниз","4","8","dictionary-candidate"
"ru-RU","directions","DOWN","Вниз","4","8","dictionary-candidate"
"sv-SE","names","Zoom","Zoom","4","4","dictionary-candidate"
"sv-SE","names","Color","Färg","4","5","canon-exact"
"sv-SE","names","Spot","Spot","4","4","canon-exact"
"sv-SE","names","Green","Grön","4","5","canon-exact"
"sv-SE","names","Color G","Grön","4","5","canon-exact"
"sv-SE","names","Path","Bana","4","4","dictionary-candidate"
"th-TH","names","Drone","โดรน","4","12","dictionary-candidate"
"th-TH","names","Normal","ปกติ","4","12","dictionary-candidate"
"th-TH","names","UP","ขึ้น","4","12","dictionary-candidate"
"th-TH","names","LEFT","ซ้าย","4","12","dictionary-candidate"
"th-TH","names","Size","ขนาด","4","12","dictionary-candidate"
"th-TH","names","Blur","เบลอ","4","12","review-required"
"th-TH","names","Play","เล่น","4","12","canon-exact"
"th-TH","names","Stop","หยุด","4","12","canon-exact"
"th-TH","names","Load","โหลด","4","12","canon-exact"
"th-TH","directions","TOP","ขึ้น","4","12","dictionary-candidate"
"th-TH","directions","UP","ขึ้น","4","12","dictionary-candidate"
"th-TH","directions","LEFT","ซ้าย","4","12","dictionary-candidate"
"tr-TR","names","Drone","Dron","4","4","dictionary-candidate"
"tr-TR","names","Focus","Odak","4","4","canon-exact"
"tr-TR","names","Color","Renk","4","4","canon-exact"
"tr-TR","names","Square","Kare","4","4","dictionary-candidate"
"tr-TR","names","Blue","Mavi","4","4","canon-exact"
"tr-TR","names","Color B","Mavi","4","4","canon-exact"
"tr-TR","names","Duration","Süre","4","5","review-required"
"tr-TR","directions","BACK","Geri","4","4","dictionary-candidate"
"tr-TR","tonemapBlanks","4","Nötr","4","5","review-required"
"uk-UA","names","Drone","Дрон","4","8","review-required"
"uk-UA","names","DOWN","Униз","4","8","review-required"
"uk-UA","names","Zone","Зона","4","8","canon-exact"
"uk-UA","names","Shadows","Тіні","4","8","review-required"
"uk-UA","names","Strength","Сила","4","8","dictionary-candidate"
"uk-UA","directions","BOTTOM","Униз","4","8","review-required"
"uk-UA","directions","DOWN","Униз","4","8","review-required"
"uk-UA","dynamic","Next","Далі","4","8","review-required"
"bg-BG","tonemapBlanks","3","HLG","3","3","standard-identifier"
"cs-CZ","names","Brightness","Jas","3","3","canon-exact"
"cs-CZ","tonemapBlanks","3","HLG","3","3","standard-identifier"
"da-DK","names","DOWN","Ned","3","3","dictionary-candidate"
"da-DK","names","Red","Rød","3","4","canon-adapted"
"da-DK","names","Blue","Blå","3","4","canon-exact"
"da-DK","names","Color R","Rød","3","4","canon-adapted"
"da-DK","names","Color B","Blå","3","4","canon-exact"
"da-DK","names","Save","Gem","3","3","canon-exact"
"da-DK","directions","BOTTOM","Ned","3","3","dictionary-candidate"
"da-DK","directions","DOWN","Ned","3","3","dictionary-candidate"
"da-DK","tonemapBlanks","3","HLG","3","3","standard-identifier"
"de-DE","names","Red","Rot","3","3","adobe-exact"
"de-DE","names","Color R","Rot","3","3","adobe-exact"
"de-DE","tonemapBlanks","3","HLG","3","3","standard-identifier"
"el-GR","tonemapBlanks","3","HLG","3","3","standard-identifier"
"es-419","tonemapBlanks","3","HLG","3","3","standard-identifier"
"es-ES","tonemapBlanks","3","HLG","3","3","standard-identifier"
"fi-FI","tonemapBlanks","3","HLG","3","3","standard-identifier"
"fr-FR","names","DOWN","Bas","3","3","dictionary-candidate"
"fr-FR","directions","BOTTOM","Bas","3","3","dictionary-candidate"
"fr-FR","directions","DOWN","Bas","3","3","dictionary-candidate"
"fr-FR","tonemapBlanks","3","HLG","3","3","standard-identifier"
"hu-HU","names","UP","Fel","3","3","dictionary-candidate"
"hu-HU","names","Blue","Kék","3","4","canon-exact"
"hu-HU","names","Color B","Kék","3","4","canon-exact"
"hu-HU","directions","TOP","Fel","3","3","dictionary-candidate"
"hu-HU","directions","UP","Fel","3","3","dictionary-candidate"
"hu-HU","tonemapBlanks","3","HLG","3","3","standard-identifier"
"it-IT","names","DOWN","Giù","3","4","dictionary-candidate"
"it-IT","names","Blue","Blu","3","3","adobe-exact"
"it-IT","names","Color B","Blu","3","3","adobe-exact"
"it-IT","directions","BOTTOM","Giù","3","4","dictionary-candidate"
"it-IT","directions","DOWN","Giù","3","4","dictionary-candidate"
"it-IT","tonemapBlanks","3","HLG","3","3","standard-identifier"
"nb-NO","names","UP","Opp","3","3","dictionary-candidate"
"nb-NO","names","DOWN","Ned","3","3","dictionary-candidate"
"nb-NO","names","Red","Rød","3","4","adobe-exact"
"nb-NO","names","Blue","Blå","3","4","dictionary-candidate"
"nb-NO","names","Color R","Rød","3","4","adobe-exact"
"nb-NO","names","Color B","Blå","3","4","dictionary-candidate"
"nb-NO","directions","TOP","Opp","3","3","dictionary-candidate"
"nb-NO","directions","UP","Opp","3","3","dictionary-candidate"
"nb-NO","directions","BOTTOM","Ned","3","3","dictionary-candidate"
"nb-NO","directions","DOWN","Ned","3","3","dictionary-candidate"
"nb-NO","tonemapBlanks","3","HLG","3","3","standard-identifier"
"nl-NL","names","Path","Pad","3","3","review-required"
"nl-NL","tonemapBlanks","3","HLG","3","3","standard-identifier"
"nn-NO","names","UP","Opp","3","3","review-required"
"nn-NO","names","DOWN","Ned","3","3","review-required"
"nn-NO","names","Blue","Blå","3","4","review-required"
"nn-NO","names","Color B","Blå","3","4","review-required"
"nn-NO","directions","TOP","Opp","3","3","review-required"
"nn-NO","directions","UP","Opp","3","3","review-required"
"nn-NO","directions","BOTTOM","Ned","3","3","review-required"
"nn-NO","directions","DOWN","Ned","3","3","review-required"
"nn-NO","tonemapBlanks","3","HLG","3","3","standard-identifier"
"pl-PL","names","DOWN","Dół","3","5","review-required"
"pl-PL","names","Angle","Kąt","3","4","review-required"
"pl-PL","directions","BOTTOM","Dół","3","5","review-required"
"pl-PL","directions","DOWN","Dół","3","5","review-required"
"pl-PL","tonemapBlanks","3","HLG","3","3","standard-identifier"
"pt-PT","names","Color","Cor","3","3","canon-exact"
"pt-PT","tonemapBlanks","3","HLG","3","3","standard-identifier"
"ro-RO","names","UP","Sus","3","3","dictionary-candidate"
"ro-RO","names","DOWN","Jos","3","3","dictionary-candidate"
"ro-RO","directions","TOP","Sus","3","3","dictionary-candidate"
"ro-RO","directions","UP","Sus","3","3","dictionary-candidate"
"ro-RO","directions","BOTTOM","Jos","3","3","dictionary-candidate"
"ro-RO","directions","DOWN","Jos","3","3","dictionary-candidate"
"ro-RO","tonemapBlanks","3","HLG","3","3","standard-identifier"
"ru-RU","names","Zoom","Зум","3","6","dictionary-candidate"
"ru-RU","tonemapBlanks","3","HLG","3","3","standard-identifier"
"sv-SE","names","UP","Upp","3","3","dictionary-candidate"
"sv-SE","names","DOWN","Ned","3","3","dictionary-candidate"
"sv-SE","names","Zone","Zon","3","3","canon-exact"
"sv-SE","names","Red","Röd","3","4","canon-adapted"
"sv-SE","names","Blue","Blå","3","4","canon-exact"
"sv-SE","names","Color R","Röd","3","4","canon-adapted"
"sv-SE","names","Color B","Blå","3","4","canon-exact"
"sv-SE","directions","TOP","Upp","3","3","dictionary-candidate"
"sv-SE","directions","UP","Upp","3","3","dictionary-candidate"
"sv-SE","directions","BOTTOM","Ned","3","3","dictionary-candidate"
"sv-SE","directions","DOWN","Ned","3","3","dictionary-candidate"
"sv-SE","tonemapBlanks","3","HLG","3","3","standard-identifier"
"th-TH","names","Zoom","ซูม","3","9","review-required"
"th-TH","names","RIGHT","ขวา","3","9","dictionary-candidate"
"th-TH","names","Zone","โซน","3","9","canon-exact"
"th-TH","names","Shadows","เงา","3","9","dictionary-candidate"
"th-TH","names","Red","แดง","3","9","canon-adapted"
"th-TH","names","Color R","แดง","3","9","canon-adapted"
"th-TH","names","Angle","มุม","3","9","dictionary-candidate"
"th-TH","directions","RIGHT","ขวา","3","9","dictionary-candidate"
"th-TH","tonemapBlanks","3","HLG","3","3","standard-identifier"
"tr-TR","names","Zoom","Zum","3","3","dictionary-candidate"
"tr-TR","names","RIGHT","Sağ","3","4","dictionary-candidate"
"tr-TR","names","LEFT","Sol","3","3","dictionary-candidate"
"tr-TR","names","Speed","Hız","3","4","adobe-exact"
"tr-TR","names","Strength","Güç","3","5","dictionary-candidate"
"tr-TR","names","Angle","Açı","3","5","adobe-exact"
"tr-TR","names","Path","Yol","3","3","review-required"
"tr-TR","directions","RIGHT","Sağ","3","4","dictionary-candidate"
"tr-TR","directions","LEFT","Sol","3","3","dictionary-candidate"
"tr-TR","tonemapBlanks","3","HLG","3","3","standard-identifier"
"uk-UA","names","Angle","Кут","3","6","adobe-exact"
"uk-UA","tonemapBlanks","3","HLG","3","3","standard-identifier"
"da-DK","names","UP","Op","2","2","review-required"
"da-DK","directions","TOP","Op","2","2","review-required"
"da-DK","directions","UP","Op","2","2","review-required"
"hu-HU","names","DOWN","Le","2","2","review-required"
"hu-HU","directions","BOTTOM","Le","2","2","review-required"
"hu-HU","directions","DOWN","Le","2","2","review-required"
"it-IT","names","UP","Su","2","2","review-required"
"it-IT","directions","TOP","Su","2","2","review-required"
"it-IT","directions","UP","Su","2","2","review-required"
"th-TH","names","DOWN","ลง","2","6","review-required"
"th-TH","names","Color","สี","2","6","canon-exact"
"th-TH","directions","BOTTOM","ลง","2","6","review-required"
"th-TH","directions","DOWN","ลง","2","6","review-required"
