locale,group,key,value,basis,source,section,sourceTerm,note
"ja-JP","names","Enable","有効","review-required","","","","英語キーと既存訳の意味・表記を点検。対象言語の適切な外部出典は未確認。既存訳を維持し、公式訳とは扱わない。"
"ja-JP","names","Advanced","詳細設定","review-required","","","","英語キーと既存訳の意味・表記を点検。対象言語の適切な外部出典は未確認。既存訳を維持し、公式訳とは扱わない。"
"ja-JP","names","Zoom","ズーム","review-required","","","","英語キーと既存訳の意味・表記を点検。対象言語の適切な外部出典は未確認。既存訳を維持し、公式訳とは扱わない。"
"ja-JP","names","Drone","ドローン","review-required","","","","英語キーと既存訳の意味・表記を点検。対象言語の適切な外部出典は未確認。既存訳を維持し、公式訳とは扱わない。"
"ja-JP","names","Settings","設定","review-required","","","","英語キーと既存訳の意味・表記を点検。対象言語の適切な外部出典は未確認。既存訳を維持し、公式訳とは扱わない。"
"ja-JP","names","Focus","フォーカス","canon-exact","https://cam.start.canon/ja/C017/manual/html/UG-04_AF-Drive_0070.html","UG-04_AF-Drive_0070.html / Focus","フォーカス","対象言語の該当撮影機能本文を照合。canon-exactは同じ用語表記の一致、canon-adaptedは機能の意味に基づく作成表現。VRCLens自体の公式訳ではない。"
"ja-JP","names","Reset","初期化","review-required","","","","英語キーと既存訳の意味・表記を点検。対象言語の適切な外部出典は未確認。既存訳を維持し、公式訳とは扱わない。"
"ja-JP","names","Exposure","露出","canon-exact","https://cam.start.canon/ja/C017/manual/html/UG-03_Shooting-1_0500.html","UG-03_Shooting-1_0500.html / Exposure","露出","対象言語の該当撮影機能本文を照合。canon-exactは同じ用語表記の一致、canon-adaptedは機能の意味に基づく作成表現。VRCLens自体の公式訳ではない。"
"ja-JP","names","Filters","フィルター","review-required","","","","英語キーと既存訳の意味・表記を点検。対象言語の適切な外部出典は未確認。既存訳を維持し、公式訳とは扱わない。"
"ja-JP","names","Stabilize","手ブレ補正","canon-exact","https://cam.start.canon/ja/C017/manual/html/UG-03_Shooting-1_0330.html","UG-03_Shooting-1_0330.html / Stabilize","手ブレ補正","対象言語の該当撮影機能本文を照合。canon-exactは同じ用語表記の一致、canon-adaptedは機能の意味に基づく作成表現。VRCLens自体の公式訳ではない。"
"ja-JP","names","Aperture","絞り","canon-exact","https://cam.start.canon/ja/C017/manual/html/UG-02_ShootingMode_0070.html","UG-02_ShootingMode_0070.html / Aperture","絞り","対象言語の該当撮影機能本文を照合。canon-exactは同じ用語表記の一致、canon-adaptedは機能の意味に基づく作成表現。VRCLens自体の公式訳ではない。"
"ja-JP","names","Portrait","縦位置","review-required","","","","英語キーと既存訳の意味・表記を点検。対象言語の適切な外部出典は未確認。既存訳を維持し、公式訳とは扱わない。"
"ja-JP","names","Display","表示","canon-exact","https://cam.start.canon/ja/C017/manual/html/UG-03_Shooting-1_0430.html","UG-03_Shooting-1_0430.html / Display","表示","対象言語の該当撮影機能本文を照合。canon-exactは同じ用語表記の一致、canon-adaptedは機能の意味に基づく作成表現。VRCLens自体の公式訳ではない。"
"ja-JP","names","Normal","標準","canon-adapted","https://cam.start.canon/ja/C017/manual/html/UG-03_Shooting-1_0110.html","UG-03_Shooting-1_0110.html / Normal","","対象言語の該当撮影機能本文を照合。canon-exactは同じ用語表記の一致、canon-adaptedは機能の意味に基づく作成表現。VRCLens自体の公式訳ではない。"
"ja-JP","names","Depth Cool","深度・クール","review-required","","","","英語キーと既存訳の意味・表記を点検。対象言語の適切な外部出典は未確認。既存訳を維持し、公式訳とは扱わない。"
"ja-JP","names","Depth Cute","深度・キュート","review-required","","","","英語キーと既存訳の意味・表記を点検。対象言語の適切な外部出典は未確認。既存訳を維持し、公式訳とは扱わない。"
"ja-JP","names","Spotlight","スポットライト","review-required","","","","英語キーと既存訳の意味・表記を点検。対象言語の適切な外部出典は未確認。既存訳を維持し、公式訳とは扱わない。"
"ja-JP","names","Green Back","グリーンバック","review-required","","","","英語キーと既存訳の意味・表記を点検。対象言語の適切な外部出典は未確認。既存訳を維持し、公式訳とは扱わない。"
"ja-JP","names","Blue Back","ブルーバック","review-required","","","","英語キーと既存訳の意味・表記を点検。対象言語の適切な外部出典は未確認。既存訳を維持し、公式訳とは扱わない。"
"ja-JP","names","RIGHT","右","review-required","","","","英語キーと既存訳の意味・表記を点検。対象言語の適切な外部出典は未確認。既存訳を維持し、公式訳とは扱わない。"
"ja-JP","names","UP","上","review-required","","","","英語キーと既存訳の意味・表記を点検。対象言語の適切な外部出典は未確認。既存訳を維持し、公式訳とは扱わない。"
"ja-JP","names","DOWN","下","review-required","","","","英語キーと既存訳の意味・表記を点検。対象言語の適切な外部出典は未確認。既存訳を維持し、公式訳とは扱わない。"
"ja-JP","names","LEFT","左","review-required","","","","英語キーと既存訳の意味・表記を点検。対象言語の適切な外部出典は未確認。既存訳を維持し、公式訳とは扱わない。"
"ja-JP","names","Show/Hide","表示切替","review-required","","","","英語キーと既存訳の意味・表記を点検。対象言語の適切な外部出典は未確認。既存訳を維持し、公式訳とは扱わない。"
"ja-JP","names","Color","色","review-required","","","","英語キーと既存訳の意味・表記を点検。対象言語の適切な外部出典は未確認。既存訳を維持し、公式訳とは扱わない。"
"ja-JP","names","Hexagon","六角形","review-required","","","","英語キーと既存訳の意味・表記を点検。対象言語の適切な外部出典は未確認。既存訳を維持し、公式訳とは扱わない。"
"ja-JP","names","Octagon","八角形","review-required","","","","英語キーと既存訳の意味・表記を点検。対象言語の適切な外部出典は未確認。既存訳を維持し、公式訳とは扱わない。"
"ja-JP","names","Square","四角形","review-required","","","","英語キーと既存訳の意味・表記を点検。対象言語の適切な外部出典は未確認。既存訳を維持し、公式訳とは扱わない。"
"ja-JP","names","Look At Face","顔へ向ける","review-required","","","","英語キーと既存訳の意味・表記を点検。対象言語の適切な外部出典は未確認。既存訳を維持し、公式訳とは扱わない。"
"ja-JP","names","Look Up","上へ向ける","review-required","","","","英語キーと既存訳の意味・表記を点検。対象言語の適切な外部出典は未確認。既存訳を維持し、公式訳とは扱わない。"
"ja-JP","names","Look Down","下へ向ける","review-required","","","","英語キーと既存訳の意味・表記を点検。対象言語の適切な外部出典は未確認。既存訳を維持し、公式訳とは扱わない。"
"ja-JP","names","Look At Feet","足元へ向ける","review-required","","","","英語キーと既存訳の意味・表記を点検。対象言語の適切な外部出典は未確認。既存訳を維持し、公式訳とは扱わない。"
"ja-JP","names","Track Self","自分を追尾","review-required","","","","英語キーと既存訳の意味・表記を点検。対象言語の適切な外部出典は未確認。既存訳を維持し、公式訳とは扱わない。"
"ja-JP","names","Track Self...","自分を追尾...","review-required","","","","英語キーと既存訳の意味・表記を点検。対象言語の適切な外部出典は未確認。既存訳を維持し、公式訳とは扱わない。"
"ja-JP","names","Infinity","無限遠","review-required","","","","英語キーと既存訳の意味・表記を点検。対象言語の適切な外部出典は未確認。既存訳を維持し、公式訳とは扱わない。"
"ja-JP","names","Auto Focus","AF","canon-exact","https://cam.start.canon/ja/C017/manual/html/UG-04_AF-Drive_0040.html","UG-04_AF-Drive_0040.html / Auto Focus","AF","対象言語の該当撮影機能本文を照合。canon-exactは同じ用語表記の一致、canon-adaptedは機能の意味に基づく作成表現。VRCLens自体の公式訳ではない。"
"ja-JP","names","Manual Focus","MF","canon-exact","https://cam.start.canon/ja/C017/manual/html/UG-04_AF-Drive_0070.html","UG-04_AF-Drive_0070.html / Manual Focus","MF","対象言語の該当撮影機能本文を照合。canon-exactは同じ用語表記の一致、canon-adaptedは機能の意味に基づく作成表現。VRCLens自体の公式訳ではない。"
"ja-JP","names","Macro","マクロ","review-required","","","","英語キーと既存訳の意味・表記を点検。対象言語の適切な外部出典は未確認。既存訳を維持し、公式訳とは扱わない。"
"ja-JP","names","Picture Style","ピクチャースタイル","canon-exact","https://cam.start.canon/ja/C017/manual/html/UG-03_Shooting-1_0110.html","UG-03_Shooting-1_0110.html / Picture Style","ピクチャースタイル","対象言語の該当撮影機能本文を照合。canon-exactは同じ用語表記の一致、canon-adaptedは機能の意味に基づく作成表現。VRCLens自体の公式訳ではない。"
"ja-JP","names","Quick Selfie","自撮り","review-required","","","","英語キーと既存訳の意味・表記を点検。対象言語の適切な外部出典は未確認。既存訳を維持し、公式訳とは扱わない。"
"ja-JP","names","Extra...","その他...","review-required","","","","英語キーと既存訳の意味・表記を点検。対象言語の適切な外部出典は未確認。既存訳を維持し、公式訳とは扱わない。"
"ja-JP","names","Movie Mode","動画モード","review-required","","","","英語キーと既存訳の意味・表記を点検。対象言語の適切な外部出典は未確認。既存訳を維持し、公式訳とは扱わない。"
"ja-JP","names","Avatar-Drop","アバター固定","review-required","","","","英語キーと既存訳の意味・表記を点検。対象言語の適切な外部出典は未確認。既存訳を維持し、公式訳とは扱わない。"
"ja-JP","names","3D Mode","3Dモード","review-required","","","","英語キーと既存訳の意味・表記を点検。対象言語の適切な外部出典は未確認。既存訳を維持し、公式訳とは扱わない。"
"ja-JP","names","Mount Swap","マウント切替","review-required","","","","英語キーと既存訳の意味・表記を点検。対象言語の適切な外部出典は未確認。既存訳を維持し、公式訳とは扱わない。"
"ja-JP","names","Hide Lens","レンズ非表示","review-required","","","","英語キーと既存訳の意味・表記を点検。対象言語の適切な外部出典は未確認。既存訳を維持し、公式訳とは扱わない。"
"ja-JP","names","Increase","絞る","canon-adapted","https://cam.start.canon/ja/C017/manual/html/UG-02_ShootingMode_0070.html","UG-02_ShootingMode_0070.html / Increase","","対象言語の該当撮影機能本文を照合。canon-exactは同じ用語表記の一致、canon-adaptedは機能の意味に基づく作成表現。VRCLens自体の公式訳ではない。"
"ja-JP","names","Decrease","開く","canon-exact","https://cam.start.canon/ja/C017/manual/html/UG-02_ShootingMode_0070.html","UG-02_ShootingMode_0070.html / Decrease","開く","対象言語の該当撮影機能本文を照合。canon-exactは同じ用語表記の一致、canon-adaptedは機能の意味に基づく作成表現。VRCLens自体の公式訳ではない。"
"ja-JP","names","Sensor Type","センサーサイズ","review-required","","","","英語キーと既存訳の意味・表記を点検。対象言語の適切な外部出典は未確認。既存訳を維持し、公式訳とは扱わない。"
"ja-JP","names","DoF Mode","被写界深度","canon-exact","https://cam.start.canon/ja/C017/manual/html/UG-02_ShootingMode_0070.html","UG-02_ShootingMode_0070.html / DoF Mode","被写界深度","対象言語の該当撮影機能本文を照合。canon-exactは同じ用語表記の一致、canon-adaptedは機能の意味に基づく作成表現。VRCLens自体の公式訳ではない。"
"ja-JP","names","Av Dial","絞り数値","canon-exact","https://cam.start.canon/ja/C017/manual/html/UG-02_ShootingMode_0070.html","UG-02_ShootingMode_0070.html / Av Dial","絞り数値","対象言語の該当撮影機能本文を照合。canon-exactは同じ用語表記の一致、canon-adaptedは機能の意味に基づく作成表現。VRCLens自体の公式訳ではない。"
"ja-JP","names","Bokeh Shape","ボケ形状","review-required","","","","英語キーと既存訳の意味・表記を点検。対象言語の適切な外部出典は未確認。既存訳を維持し、公式訳とは扱わない。"
"ja-JP","names","V. Horizon","水準器","canon-exact","https://cam.start.canon/ja/C017/manual/html/UG-03_Shooting-1_0430.html","UG-03_Shooting-1_0430.html / V. Horizon","水準器","対象言語の該当撮影機能本文を照合。canon-exactは同じ用語表記の一致、canon-adaptedは機能の意味に基づく作成表現。VRCLens自体の公式訳ではない。"
"ja-JP","names","Grid","グリッド","canon-exact","https://cam.start.canon/ja/C017/manual/html/UG-03_Shooting-1_0430.html","UG-03_Shooting-1_0430.html / Grid","グリッド","対象言語の該当撮影機能本文を照合。canon-exactは同じ用語表記の一致、canon-adaptedは機能の意味に基づく作成表現。VRCLens自体の公式訳ではない。"
"ja-JP","names","Monitor","モニター","canon-exact","https://cam.start.canon/ja/C017/manual/html/UG-03_Shooting-1_0430.html","UG-03_Shooting-1_0430.html / Monitor","モニター","対象言語の該当撮影機能本文を照合。canon-exactは同じ用語表記の一致、canon-adaptedは機能の意味に基づく作成表現。VRCLens自体の公式訳ではない。"
"ja-JP","names","Move HUD","表示位置","review-required","","","","英語キーと既存訳の意味・表記を点検。対象言語の適切な外部出典は未確認。既存訳を維持し、公式訳とは扱わない。"
"ja-JP","names","Focus Peaking","MFピーキング","canon-exact","https://cam.start.canon/ja/C017/manual/html/UG-04_AF-Drive_0070.html","UG-04_AF-Drive_0070.html / Focus Peaking","MFピーキング","対象言語の該当撮影機能本文を照合。canon-exactは同じ用語表記の一致、canon-adaptedは機能の意味に基づく作成表現。VRCLens自体の公式訳ではない。"
"ja-JP","names","Hand-Rotate","手動回転","review-required","","","","英語キーと既存訳の意味・表記を点検。対象言語の適切な外部出典は未確認。既存訳を維持し、公式訳とは扱わない。"
"ja-JP","names","Change Angle","向き変更","review-required","","","","英語キーと既存訳の意味・表記を点検。対象言語の適切な外部出典は未確認。既存訳を維持し、公式訳とは扱わない。"
"ja-JP","names","Tracking","追尾","canon-exact","https://cam.start.canon/ja/C017/manual/html/UG-04_AF-Drive_0060.html","UG-04_AF-Drive_0060.html / Tracking","追尾","対象言語の該当撮影機能本文を照合。canon-exactは同じ用語表記の一致、canon-adaptedは機能の意味に基づく作成表現。VRCLens自体の公式訳ではない。"
"ja-JP","names","Move Camera","カメラ移動","review-required","","","","英語キーと既存訳の意味・表記を点検。対象言語の適切な外部出典は未確認。既存訳を維持し、公式訳とは扱わない。"
"ja-JP","names","Drone Speed","ドローン速度","review-required","","","","英語キーと既存訳の意味・表記を点検。対象言語の適切な外部出典は未確認。既存訳を維持し、公式訳とは扱わない。"
"ja-JP","names","Move Pivot","ピボット移動","review-required","","","","英語キーと既存訳の意味・表記を点検。対象言語の適切な外部出典は未確認。既存訳を維持し、公式訳とは扱わない。"
"ja-JP","names","Track Pivot","ピボット追尾","review-required","","","","英語キーと既存訳の意味・表記を点検。対象言語の適切な外部出典は未確認。既存訳を維持し、公式訳とは扱わない。"
"ja-JP","names","Smoothing","追尾スムージング","review-required","","","","英語キーと既存訳の意味・表記を点検。対象言語の適切な外部出典は未確認。既存訳を維持し、公式訳とは扱わない。"
"ja-JP","names","Drop Pivot","ピボット設置","review-required","","","","英語キーと既存訳の意味・表記を点検。対象言語の適切な外部出典は未確認。既存訳を維持し、公式訳とは扱わない。"
"ja-JP","names","Vertical Lock","上下固定","review-required","","","","英語キーと既存訳の意味・表記を点検。対象言語の適切な外部出典は未確認。既存訳を維持し、公式訳とは扱わない。"
"ja-JP","names","EV Dial","露出補正","canon-exact","https://cam.start.canon/ja/C017/manual/html/UG-03_Shooting-1_0500.html","UG-03_Shooting-1_0500.html / EV Dial","露出補正","対象言語の該当撮影機能本文を照合。canon-exactは同じ用語表記の一致、canon-adaptedは機能の意味に基づく作成表現。VRCLens自体の公式訳ではない。"
"ja-JP","names","Auto Exposure","自動露出","canon-adapted","https://cam.start.canon/ja/C017/manual/html/UG-02_ShootingMode_0070.html","UG-02_ShootingMode_0070.html / Auto Exposure","","対象言語の該当撮影機能本文を照合。canon-exactは同じ用語表記の一致、canon-adaptedは機能の意味に基づく作成表現。VRCLens自体の公式訳ではない。"
"ja-JP","names","White Bal.","ホワイトバランス","canon-exact","https://cam.start.canon/ja/C017/manual/html/UG-03_Shooting-1_0190.html","UG-03_Shooting-1_0190.html / White Bal.","ホワイトバランス","対象言語の該当撮影機能本文を照合。canon-exactは同じ用語表記の一致、canon-adaptedは機能の意味に基づく作成表現。VRCLens自体の公式訳ではない。"
"ja-JP","names","Avatar AF","アバターAF","review-required","","","","英語キーと既存訳の意味・表記を点検。対象言語の適切な外部出典は未確認。既存訳を維持し、公式訳とは扱わない。"
"ja-JP","names","Move Focus","ピント位置","canon-exact","https://cam.start.canon/ja/C017/manual/html/UG-04_AF-Drive_0070.html","UG-04_AF-Drive_0070.html / Move Focus","ピント位置","対象言語の該当撮影機能本文を照合。canon-exactは同じ用語表記の一致、canon-adaptedは機能の意味に基づく作成表現。VRCLens自体の公式訳ではない。"
"ja-JP","names","Pro Autofocus","高性能AF","review-required","","","","英語キーと既存訳の意味・表記を点検。対象言語の適切な外部出典は未確認。既存訳を維持し、公式訳とは扱わない。"
"ja-JP","names","Operation","動作モード","canon-adapted","https://cam.start.canon/ja/C017/manual/html/UG-04_AF-Drive_0040.html","UG-04_AF-Drive_0040.html / Operation","","対象言語の該当撮影機能本文を照合。canon-exactは同じ用語表記の一致、canon-adaptedは機能の意味に基づく作成表現。VRCLens自体の公式訳ではない。"
"ja-JP","names","AF Area","AFエリア","canon-exact","https://cam.start.canon/ja/C017/manual/html/UG-04_AF-Drive_0060.html","UG-04_AF-Drive_0060.html / AF Area","AFエリア","対象言語の該当撮影機能本文を照合。canon-exactは同じ用語表記の一致、canon-adaptedは機能の意味に基づく作成表現。VRCLens自体の公式訳ではない。"
"ja-JP","names","Response","被写体追従特性","canon-exact","https://cam.start.canon/ja/C017/manual/html/UG-04_AF-Drive_0090.html","UG-04_AF-Drive_0090.html / Response","被写体追従特性","対象言語の該当撮影機能本文を照合。canon-exactは同じ用語表記の一致、canon-adaptedは機能の意味に基づく作成表現。VRCLens自体の公式訳ではない。 修正: 被写体切替 → 被写体追従特性。"
"ja-JP","names","Drive Speed","フォーカス速度","canon-adapted","https://cam.start.canon/ja/C017/manual/html/UG-04_AF-Drive_0100.html","UG-04_AF-Drive_0100.html / Drive Speed","","対象言語の該当撮影機能本文を照合。canon-exactは同じ用語表記の一致、canon-adaptedは機能の意味に基づく作成表現。VRCLens自体の公式訳ではない。"
"ja-JP","names","AF-ON","AF作動","review-required","","","","英語キーと既存訳の意味・表記を点検。対象言語の適切な外部出典は未確認。既存訳を維持し、公式訳とは扱わない。"
"ja-JP","names","AF Lock","AFロック","review-required","","","","英語キーと既存訳の意味・表記を点検。対象言語の適切な外部出典は未確認。既存訳を維持し、公式訳とは扱わない。"
"ja-JP","names","Focus Guide","フォーカスガイド","canon-exact","https://cam.start.canon/ja/C017/manual/html/UG-04_AF-Drive_0070.html","UG-04_AF-Drive_0070.html / Focus Guide","フォーカスガイド","対象言語の該当撮影機能本文を照合。canon-exactは同じ用語表記の一致、canon-adaptedは機能の意味に基づく作成表現。VRCLens自体の公式訳ではない。"
"ja-JP","names","One-Shot AF","ワンショットAF","canon-exact","https://cam.start.canon/ja/C017/manual/html/UG-04_AF-Drive_0040.html","UG-04_AF-Drive_0040.html / One-Shot AF","ワンショットAF","対象言語の該当撮影機能本文を照合。canon-exactは同じ用語表記の一致、canon-adaptedは機能の意味に基づく作成表現。VRCLens自体の公式訳ではない。"
"ja-JP","names","Servo AF","サーボAF","canon-exact","https://cam.start.canon/ja/C017/manual/html/UG-04_AF-Drive_0040.html","UG-04_AF-Drive_0040.html / Servo AF","サーボAF","対象言語の該当撮影機能本文を照合。canon-exactは同じ用語表記の一致、canon-adaptedは機能の意味に基づく作成表現。VRCLens自体の公式訳ではない。"
"ja-JP","names","Spot","スポット","canon-exact","https://cam.start.canon/ja/C017/manual/html/UG-04_AF-Drive_0060.html","UG-04_AF-Drive_0060.html / Spot","スポット","対象言語の該当撮影機能本文を照合。canon-exactは同じ用語表記の一致、canon-adaptedは機能の意味に基づく作成表現。VRCLens自体の公式訳ではない。"
"ja-JP","names","Zone","ゾーン","canon-exact","https://cam.start.canon/ja/C017/manual/html/UG-04_AF-Drive_0060.html","UG-04_AF-Drive_0060.html / Zone","ゾーン","対象言語の該当撮影機能本文を照合。canon-exactは同じ用語表記の一致、canon-adaptedは機能の意味に基づく作成表現。VRCLens自体の公式訳ではない。"
"ja-JP","names","Avatar Priority","アバター優先","review-required","","","","英語キーと既存訳の意味・表記を点検。対象言語の適切な外部出典は未確認。既存訳を維持し、公式訳とは扱わない。"
"ja-JP","names","Locked-on","粘る","canon-exact","https://cam.start.canon/ja/C017/manual/html/UG-04_AF-Drive_0090.html","UG-04_AF-Drive_0090.html / Locked-on","粘る","対象言語の該当撮影機能本文を照合。canon-exactは同じ用語表記の一致、canon-adaptedは機能の意味に基づく作成表現。VRCLens自体の公式訳ではない。"
"ja-JP","names","Standard","標準","canon-adapted","https://cam.start.canon/ja/C017/manual/html/UG-03_Shooting-1_0110.html","UG-03_Shooting-1_0110.html / Standard","","対象言語の該当撮影機能本文を照合。canon-exactは同じ用語表記の一致、canon-adaptedは機能の意味に基づく作成表現。VRCLens自体の公式訳ではない。"
"ja-JP","names","Responsive","俊敏","canon-exact","https://cam.start.canon/ja/C017/manual/html/UG-04_AF-Drive_0090.html","UG-04_AF-Drive_0090.html / Responsive","俊敏","対象言語の該当撮影機能本文を照合。canon-exactは同じ用語表記の一致、canon-adaptedは機能の意味に基づく作成表現。VRCLens自体の公式訳ではない。 修正: 敏感 → 俊敏。"
"ja-JP","names","Custom","追加機能","review-required","","","","英語キーと既存訳の意味・表記を点検。対象言語の適切な外部出典は未確認。既存訳を維持し、公式訳とは扱わない。"
"ja-JP","names","Far Clip Plane","遠クリップ距離","author-adapted","https://github.com/gummidot/VRCLens-Addons/blob/main/README_JP.md","Far Clip Plane / 機能説明・設定表","","作者の日本語機能説明に基づくUI用作成表現。作者が同じメニュー訳を採用しているという意味ではない。"
"ja-JP","names","Smooth DoF Edges","被写界深度境界補正","author-adapted","https://github.com/gummidot/VRCLens-Addons/blob/main/README_JP.md","Smooth DoF Edges / 機能説明・設定表","","作者の日本語機能説明に基づくUI用作成表現。作者が同じメニュー訳を採用しているという意味ではない。"
"ja-JP","names","Softness","柔らかさ","author-adapted","https://github.com/gummidot/VRCLens-Addons/blob/main/README_JP.md","Softness / 機能説明・設定表","","作者の日本語機能説明に基づくUI用作成表現。作者が同じメニュー訳を採用しているという意味ではない。"
"ja-JP","names","Smooth Rotate","回転スムージング","author-adapted","https://github.com/gummidot/VRCLens-Addons/blob/main/README_JP.md","Smooth Rotate / 機能説明・設定表","","作者の日本語機能説明に基づくUI用作成表現。作者が同じメニュー訳を採用しているという意味ではない。"
"ja-JP","names","Anamorphic Bokeh","アナモルフィックボケ","author-adapted","https://github.com/gummidot/VRCLens-Addons/blob/main/README_JP.md","Anamorphic Bokeh / 機能説明・設定表","","作者の日本語機能説明に基づくUI用作成表現。作者が同じメニュー訳を採用しているという意味ではない。"
"ja-JP","names","Chromatic Aberration","色収差","canon-exact","https://cam.start.canon/ja/C017/manual/html/UG-03_Shooting-1_0220.html","UG-03_Shooting-1_0220.html / Chromatic Aberration","色収差","対象言語の該当撮影機能本文を照合。canon-exactは同じ用語表記の一致、canon-adaptedは機能の意味に基づく作成表現。VRCLens自体の公式訳ではない。"
"ja-JP","names","Enabled","有効","author-adapted","https://github.com/gummidot/VRCLens-Addons/blob/main/README_JP.md","Enabled / 機能説明・設定表","","作者の日本語機能説明に基づくUI用作成表現。作者が同じメニュー訳を採用しているという意味ではない。"
"ja-JP","names","Transverse CA","倍率色収差","author-adapted","https://github.com/gummidot/VRCLens-Addons/blob/main/README_JP.md","Transverse CA / 機能説明・設定表","","作者の日本語機能説明に基づくUI用作成表現。作者が同じメニュー訳を採用しているという意味ではない。"
"ja-JP","names","Axial CA","軸上色収差","author-adapted","https://github.com/gummidot/VRCLens-Addons/blob/main/README_JP.md","Axial CA / 機能説明・設定表","","作者の日本語機能説明に基づくUI用作成表現。作者が同じメニュー訳を採用しているという意味ではない。"
"ja-JP","names","Axial Focus-Aware","ピント連動","author-adapted","https://github.com/gummidot/VRCLens-Addons/blob/main/README_JP.md","Axial Focus-Aware / 機能説明・設定表","","作者の日本語機能説明に基づくUI用作成表現。作者が同じメニュー訳を採用しているという意味ではない。"
"ja-JP","names","Magenta-Green","マゼンタ／グリーン","author-adapted","https://github.com/gummidot/VRCLens-Addons/blob/main/README_JP.md","Magenta-Green / 機能説明・設定表","","作者の日本語機能説明に基づくUI用作成表現。作者が同じメニュー訳を採用しているという意味ではない。"
"ja-JP","names","Color Grading","カラーグレーディング","author-adapted","https://github.com/gummidot/VRCLens-Addons/blob/main/README_JP.md","Color Grading / 機能説明・設定表","","作者の日本語機能説明に基づくUI用作成表現。作者が同じメニュー訳を採用しているという意味ではない。"
"ja-JP","names","Saturation","彩度","adobe-exact","https://helpx.adobe.com/jp/photoshop/using/filter-effects-reference.html","Saturation","彩度","対象地域のAdobe画像編集資料の同じ色調・効果用語を照合。Canon表記とは区別する。"
"ja-JP","names","Vibrance","自然な彩度","adobe-exact","https://helpx.adobe.com/jp/photoshop/using/filter-effects-reference.html","Vibrance","自然な彩度","対象地域のAdobe画像編集資料の同じ色調・効果用語を照合。Canon表記とは区別する。"
"ja-JP","names","Contrast","コントラスト","adobe-exact","https://helpx.adobe.com/jp/photoshop/using/filter-effects-reference.html","Contrast","コントラスト","対象地域のAdobe画像編集資料の同じ色調・効果用語を照合。Canon表記とは区別する。"
"ja-JP","names","Shadows","シャドウ","adobe-exact","https://helpx.adobe.com/jp/photoshop/using/filter-effects-reference.html","Shadows","シャドウ","対象地域のAdobe画像編集資料の同じ色調・効果用語を照合。Canon表記とは区別する。"
"ja-JP","names","Midtones","中間調","adobe-exact","https://helpx.adobe.com/jp/photoshop/using/filter-effects-reference.html","Midtones","中間調","対象地域のAdobe画像編集資料の同じ色調・効果用語を照合。Canon表記とは区別する。"
"ja-JP","names","Highlights","ハイライト","adobe-exact","https://helpx.adobe.com/jp/photoshop/using/filter-effects-reference.html","Highlights","ハイライト","対象地域のAdobe画像編集資料の同じ色調・効果用語を照合。Canon表記とは区別する。"
"ja-JP","names","Brightness","明るさ","adobe-exact","https://helpx.adobe.com/jp/photoshop/using/filter-effects-reference.html","Brightness","明るさ","対象地域のAdobe画像編集資料の同じ色調・効果用語を照合。Canon表記とは区別する。"
"ja-JP","names","Temperature","色温度","canon-exact","https://cam.start.canon/ja/C017/manual/html/UG-03_Shooting-1_0190.html","UG-03_Shooting-1_0190.html / Temperature","色温度","対象言語の該当撮影機能本文を照合。canon-exactは同じ用語表記の一致、canon-adaptedは機能の意味に基づく作成表現。VRCLens自体の公式訳ではない。"
"ja-JP","names","Red","赤","review-required","","","","英語キーと既存訳の意味・表記を点検。対象言語の適切な外部出典は未確認。既存訳を維持し、公式訳とは扱わない。"
"ja-JP","names","Green","緑","author-adapted","https://github.com/gummidot/VRCLens-Addons/blob/main/README_JP.md","Green / 機能説明・設定表","","作者の日本語機能説明に基づくUI用作成表現。作者が同じメニュー訳を採用しているという意味ではない。"
"ja-JP","names","Blue","青","author-adapted","https://github.com/gummidot/VRCLens-Addons/blob/main/README_JP.md","Blue / 機能説明・設定表","","作者の日本語機能説明に基づくUI用作成表現。作者が同じメニュー訳を採用しているという意味ではない。"
"ja-JP","names","Depth Fog","大気フォグ","author-adapted","https://github.com/gummidot/VRCLens-Addons/blob/main/README_JP.md","Depth Fog / 機能説明・設定表","","作者の日本語機能説明に基づくUI用作成表現。作者が同じメニュー訳を採用しているという意味ではない。"
"ja-JP","names","Density","濃さ","author-adapted","https://github.com/gummidot/VRCLens-Addons/blob/main/README_JP.md","Density / 機能説明・設定表","","作者の日本語機能説明に基づくUI用作成表現。作者が同じメニュー訳を採用しているという意味ではない。"
"ja-JP","names","Start Distance","開始距離","author-adapted","https://github.com/gummidot/VRCLens-Addons/blob/main/README_JP.md","Start Distance / 機能説明・設定表","","作者の日本語機能説明に基づくUI用作成表現。作者が同じメニュー訳を採用しているという意味ではない。"
"ja-JP","names","Color R","赤","author-adapted","https://github.com/gummidot/VRCLens-Addons/blob/main/README_JP.md","Color R / 機能説明・設定表","","作者の日本語機能説明に基づくUI用作成表現。作者が同じメニュー訳を採用しているという意味ではない。"
"ja-JP","names","Color G","緑","author-adapted","https://github.com/gummidot/VRCLens-Addons/blob/main/README_JP.md","Color G / 機能説明・設定表","","作者の日本語機能説明に基づくUI用作成表現。作者が同じメニュー訳を採用しているという意味ではない。"
"ja-JP","names","Color B","青","review-required","","","","英語キーと既存訳の意味・表記を点検。対象言語の適切な外部出典は未確認。既存訳を維持し、公式訳とは扱わない。"
"ja-JP","names","Film Grain","フィルムグレイン","author-adapted","https://github.com/gummidot/VRCLens-Addons/blob/main/README_JP.md","Film Grain / 機能説明・設定表","","作者の日本語機能説明に基づくUI用作成表現。作者が同じメニュー訳を採用しているという意味ではない。"
"ja-JP","names","Intensity","強さ","author-adapted","https://github.com/gummidot/VRCLens-Addons/blob/main/README_JP.md","Intensity / 機能説明・設定表","","作者の日本語機能説明に基づくUI用作成表現。作者が同じメニュー訳を採用しているという意味ではない。"
"ja-JP","names","Size","サイズ","author-adapted","https://github.com/gummidot/VRCLens-Addons/blob/main/README_JP.md","Size / 機能説明・設定表","","作者の日本語機能説明に基づくUI用作成表現。作者が同じメニュー訳を採用しているという意味ではない。"
"ja-JP","names","Speed","速度","author-adapted","https://github.com/gummidot/VRCLens-Addons/blob/main/README_JP.md","Speed / 機能説明・設定表","","作者の日本語機能説明に基づくUI用作成表現。作者が同じメニュー訳を採用しているという意味ではない。"
"ja-JP","names","Fisheye Lens","魚眼レンズ","author-adapted","https://github.com/gummidot/VRCLens-Addons/blob/main/README_JP.md","Fisheye Lens / 機能説明・設定表","","作者の日本語機能説明に基づくUI用作成表現。作者が同じメニュー訳を採用しているという意味ではない。"
"ja-JP","names","Strength","強さ","author-adapted","https://github.com/gummidot/VRCLens-Addons/blob/main/README_JP.md","Strength / 機能説明・設定表","","作者の日本語機能説明に基づくUI用作成表現。作者が同じメニュー訳を採用しているという意味ではない。"
"ja-JP","names","Roundness","真円度","author-adapted","https://github.com/gummidot/VRCLens-Addons/blob/main/README_JP.md","Roundness / 機能説明・設定表","","作者の日本語機能説明に基づくUI用作成表現。作者が同じメニュー訳を採用しているという意味ではない。"
"ja-JP","names","Lens Size","レンズサイズ","author-adapted","https://github.com/gummidot/VRCLens-Addons/blob/main/README_JP.md","Lens Size / 機能説明・設定表","","作者の日本語機能説明に基づくUI用作成表現。作者が同じメニュー訳を採用しているという意味ではない。"
"ja-JP","names","Edge Softness","周辺ぼかし","author-adapted","https://github.com/gummidot/VRCLens-Addons/blob/main/README_JP.md","Edge Softness / 機能説明・設定表","","作者の日本語機能説明に基づくUI用作成表現。作者が同じメニュー訳を採用しているという意味ではない。"
"ja-JP","names","Reverse Fisheye","反転魚眼","author-adapted","https://github.com/gummidot/VRCLens-Addons/blob/main/README_JP.md","Reverse Fisheye / 機能説明・設定表","","作者の日本語機能説明に基づくUI用作成表現。作者が同じメニュー訳を採用しているという意味ではない。"
"ja-JP","names","Center","中心","author-adapted","https://github.com/gummidot/VRCLens-Addons/blob/main/README_JP.md","Center / 機能説明・設定表","","作者の日本語機能説明に基づくUI用作成表現。作者が同じメニュー訳を採用しているという意味ではない。"
"ja-JP","names","X","横位置","author-adapted","https://github.com/gummidot/VRCLens-Addons/blob/main/README_JP.md","X / 機能説明・設定表","","作者の日本語機能説明に基づくUI用作成表現。作者が同じメニュー訳を採用しているという意味ではない。"
"ja-JP","names","Y","縦位置","author-adapted","https://github.com/gummidot/VRCLens-Addons/blob/main/README_JP.md","Y / 機能説明・設定表","","作者の日本語機能説明に基づくUI用作成表現。作者が同じメニュー訳を採用しているという意味ではない。"
"ja-JP","names","Letterbox","レターボックス","author-adapted","https://github.com/gummidot/VRCLens-Addons/blob/main/README_JP.md","Letterbox / 機能説明・設定表","","作者の日本語機能説明に基づくUI用作成表現。作者が同じメニュー訳を採用しているという意味ではない。"
"ja-JP","names","2.39:1 Cinemascope","2.39:1 シネマスコープ","author-adapted","https://github.com/gummidot/VRCLens-Addons/blob/main/README_JP.md","Letterbox / 機能説明・設定表","","作者の日本語機能説明に基づくUI用作成表現。作者が同じメニュー訳を採用しているという意味ではない。"
"ja-JP","names","2.35:1 Anamorphic","2.35:1 アナモルフィック","author-adapted","https://github.com/gummidot/VRCLens-Addons/blob/main/README_JP.md","Letterbox / 機能説明・設定表","","作者の日本語機能説明に基づくUI用作成表現。作者が同じメニュー訳を採用しているという意味ではない。 修正: 2.35:1 アナモフィック → 2.35:1 アナモルフィック。"
"ja-JP","names","2.00:1 Univisium","2.00:1 ユニビジウム","author-adapted","https://github.com/gummidot/VRCLens-Addons/blob/main/README_JP.md","Letterbox / 機能説明・設定表","","作者の日本語機能説明に基づくUI用作成表現。作者が同じメニュー訳を採用しているという意味ではない。"
"ja-JP","names","1.85:1 Theatrical","1.85:1 シアトリカル","author-adapted","https://github.com/gummidot/VRCLens-Addons/blob/main/README_JP.md","Letterbox / 機能説明・設定表","","作者の日本語機能説明に基づくUI用作成表現。作者が同じメニュー訳を採用しているという意味ではない。"
"ja-JP","names","16:9 Widescreen","16:9 ワイド","author-adapted","https://github.com/gummidot/VRCLens-Addons/blob/main/README_JP.md","Letterbox / 機能説明・設定表","","作者の日本語機能説明に基づくUI用作成表現。作者が同じメニュー訳を採用しているという意味ではない。"
"ja-JP","names","3:2 DSLR","3:2 DSLR","author-adapted","https://github.com/gummidot/VRCLens-Addons/blob/main/README_JP.md","Letterbox / 機能説明・設定表","","作者の日本語機能説明に基づくUI用作成表現。作者が同じメニュー訳を採用しているという意味ではない。"
"ja-JP","names","4:3 Classic","4:3 クラシック","author-adapted","https://github.com/gummidot/VRCLens-Addons/blob/main/README_JP.md","Letterbox / 機能説明・設定表","","作者の日本語機能説明に基づくUI用作成表現。作者が同じメニュー訳を採用しているという意味ではない。"
"ja-JP","names","1:1 Square","1:1 スクエア","author-adapted","https://github.com/gummidot/VRCLens-Addons/blob/main/README_JP.md","Letterbox / 機能説明・設定表","","作者の日本語機能説明に基づくUI用作成表現。作者が同じメニュー訳を採用しているという意味ではない。"
"ja-JP","names","4:5 Portrait","4:5 縦位置","author-adapted","https://github.com/gummidot/VRCLens-Addons/blob/main/README_JP.md","Letterbox / 機能説明・設定表","","作者の日本語機能説明に基づくUI用作成表現。作者が同じメニュー訳を採用しているという意味ではない。 修正: 4:5 ポートレート → 4:5 縦位置。"
"ja-JP","names","9:16 Vertical","9:16 縦型","author-adapted","https://github.com/gummidot/VRCLens-Addons/blob/main/README_JP.md","Letterbox / 機能説明・設定表","","作者の日本語機能説明に基づくUI用作成表現。作者が同じメニュー訳を採用しているという意味ではない。"
"ja-JP","names","Pixelation","ピクセル化","author-adapted","https://github.com/gummidot/VRCLens-Addons/blob/main/README_JP.md","Pixelation / 機能説明・設定表","","作者の日本語機能説明に基づくUI用作成表現。作者が同じメニュー訳を採用しているという意味ではない。"
"ja-JP","names","Block Size","ブロックサイズ","author-adapted","https://github.com/gummidot/VRCLens-Addons/blob/main/README_JP.md","Block Size / 機能説明・設定表","","作者の日本語機能説明に基づくUI用作成表現。作者が同じメニュー訳を採用しているという意味ではない。"
"ja-JP","names","Dither","ディザ","author-adapted","https://github.com/gummidot/VRCLens-Addons/blob/main/README_JP.md","Dither / 機能説明・設定表","","作者の日本語機能説明に基づくUI用作成表現。作者が同じメニュー訳を採用しているという意味ではない。"
"ja-JP","names","Posterize","ポスタリゼーション","adobe-exact","https://helpx.adobe.com/jp/photoshop/using/filter-effects-reference.html","Posterize","ポスタリゼーション","対象地域のAdobe画像編集資料の同じ色調・効果用語を照合。Canon表記とは区別する。 修正: 階調化 → ポスタリゼーション。"
"ja-JP","names","Aspect Ratio","縦横比","author-adapted","https://github.com/gummidot/VRCLens-Addons/blob/main/README_JP.md","Aspect Ratio / 機能説明・設定表","","作者の日本語機能説明に基づくUI用作成表現。作者が同じメニュー訳を採用しているという意味ではない。"
"ja-JP","names","Tilt-Shift","チルトシフト","author-adapted","https://github.com/gummidot/VRCLens-Addons/blob/main/README_JP.md","Tilt-Shift / 機能説明・設定表","","作者の日本語機能説明に基づくUI用作成表現。作者が同じメニュー訳を採用しているという意味ではない。"
"ja-JP","names","Depth Mode","距離モード","author-adapted","https://github.com/gummidot/VRCLens-Addons/blob/main/README_JP.md","Depth Mode / 機能説明・設定表","","作者の日本語機能説明に基づくUI用作成表現。作者が同じメニュー訳を採用しているという意味ではない。"
"ja-JP","names","Blur","ぼかし","author-adapted","https://github.com/gummidot/VRCLens-Addons/blob/main/README_JP.md","Blur / 機能説明・設定表","","作者の日本語機能説明に基づくUI用作成表現。作者が同じメニュー訳を採用しているという意味ではない。"
"ja-JP","names","Position","位置","author-adapted","https://github.com/gummidot/VRCLens-Addons/blob/main/README_JP.md","Position / 機能説明・設定表","","作者の日本語機能説明に基づくUI用作成表現。作者が同じメニュー訳を採用しているという意味ではない。"
"ja-JP","names","Width","幅","author-adapted","https://github.com/gummidot/VRCLens-Addons/blob/main/README_JP.md","Width / 機能説明・設定表","","作者の日本語機能説明に基づくUI用作成表現。作者が同じメニュー訳を採用しているという意味ではない。"
"ja-JP","names","Angle","角度","author-adapted","https://github.com/gummidot/VRCLens-Addons/blob/main/README_JP.md","Angle / 機能説明・設定表","","作者の日本語機能説明に基づくUI用作成表現。作者が同じメニュー訳を採用しているという意味ではない。"
"ja-JP","names","Vignette","周辺減光","author-adapted","https://github.com/gummidot/VRCLens-Addons/blob/main/README_JP.md","Vignette / 機能説明・設定表","","作者の日本語機能説明に基づくUI用作成表現。作者が同じメニュー訳を採用しているという意味ではない。"
"ja-JP","names","Radius","半径","author-adapted","https://github.com/gummidot/VRCLens-Addons/blob/main/README_JP.md","Radius / 機能説明・設定表","","作者の日本語機能説明に基づくUI用作成表現。作者が同じメニュー訳を採用しているという意味ではない。"
"ja-JP","names","Zoom Blur","ズームブラー","author-adapted","https://github.com/gummidot/VRCLens-Addons/blob/main/README_JP.md","Zoom Blur / 機能説明・設定表","","作者の日本語機能説明に基づくUI用作成表現。作者が同じメニュー訳を採用しているという意味ではない。"
"ja-JP","names","Center X","中心・横","author-adapted","https://github.com/gummidot/VRCLens-Addons/blob/main/README_JP.md","Center X / 機能説明・設定表","","作者の日本語機能説明に基づくUI用作成表現。作者が同じメニュー訳を採用しているという意味ではない。"
"ja-JP","names","Center Y","中心・縦","author-adapted","https://github.com/gummidot/VRCLens-Addons/blob/main/README_JP.md","Center Y / 機能説明・設定表","","作者の日本語機能説明に基づくUI用作成表現。作者が同じメニュー訳を採用しているという意味ではない。"
"ja-JP","names","Focus Zone","ピント範囲","author-adapted","https://github.com/gummidot/VRCLens-Addons/blob/main/README_JP.md","Focus Zone / 機能説明・設定表","","作者の日本語機能説明に基づくUI用作成表現。作者が同じメニュー訳を採用しているという意味ではない。"
"ja-JP","names","Spread","広がり","author-adapted","https://github.com/gummidot/VRCLens-Addons/blob/main/README_JP.md","Spread / 機能説明・設定表","","作者の日本語機能説明に基づくUI用作成表現。作者が同じメニュー訳を採用しているという意味ではない。"
"ja-JP","names","Focus Distance","撮影距離","author-adapted","https://github.com/gummidot/VRCLens-Addons/blob/main/README_JP.md","Focus Distance / 機能説明・設定表","","作者の日本語機能説明に基づくUI用作成表現。作者が同じメニュー訳を採用しているという意味ではない。"
"ja-JP","names","Manual Focus Assist","MFアシスト","author-adapted","https://github.com/gummidot/VRCLens-Addons/blob/main/README_JP.md","Manual Focus Assist / 機能説明・設定表","","作者の日本語機能説明に基づくUI用作成表現。作者が同じメニュー訳を採用しているという意味ではない。"
"ja-JP","names","Zone Size","有効範囲","author-adapted","https://github.com/gummidot/VRCLens-Addons/blob/main/README_JP.md","Zone Size / 機能説明・設定表","","作者の日本語機能説明に基づくUI用作成表現。作者が同じメニュー訳を採用しているという意味ではない。"
"ja-JP","names","Zone Softness","範囲ぼかし","author-adapted","https://github.com/gummidot/VRCLens-Addons/blob/main/README_JP.md","Zone Softness / 機能説明・設定表","","作者の日本語機能説明に基づくUI用作成表現。作者が同じメニュー訳を採用しているという意味ではない。"
"ja-JP","names","Edge Feather","輪郭ぼかし","author-adapted","https://github.com/gummidot/VRCLens-Addons/blob/main/README_JP.md","Edge Feather / 機能説明・設定表","","作者の日本語機能説明に基づくUI用作成表現。作者が同じメニュー訳を採用しているという意味ではない。"
"ja-JP","names","Peaking","ピーキング","canon-exact","https://cam.start.canon/ja/C017/manual/html/UG-04_AF-Drive_0070.html","UG-04_AF-Drive_0070.html / Peaking","ピーキング","対象言語の該当撮影機能本文を照合。canon-exactは同じ用語表記の一致、canon-adaptedは機能の意味に基づく作成表現。VRCLens自体の公式訳ではない。"
"ja-JP","names","Max Blur Size","最大ぼかしサイズ","author-adapted","https://github.com/gummidot/VRCLens-Addons/blob/main/README_JP.md","Max Blur Size / 機能説明・設定表","","作者の日本語機能説明に基づくUI用作成表現。作者が同じメニュー訳を採用しているという意味ではない。"
"ja-JP","names","Player Visibility","プレイヤー表示","author-adapted","https://github.com/gummidot/VRCLens-Addons/blob/main/README_JP.md","Player Visibility / 機能説明・設定表","","作者の日本語機能説明に基づくUI用作成表現。作者が同じメニュー訳を採用しているという意味ではない。"
"ja-JP","names","Hide Remote Players","他人を非表示","author-adapted","https://github.com/gummidot/VRCLens-Addons/blob/main/README_JP.md","Hide Remote Players / 機能説明・設定表","","作者の日本語機能説明に基づくUI用作成表現。作者が同じメニュー訳を採用しているという意味ではない。"
"ja-JP","names","Hide Self","自分を非表示","author-adapted","https://github.com/gummidot/VRCLens-Addons/blob/main/README_JP.md","Hide Self / 機能説明・設定表","","作者の日本語機能説明に基づくUI用作成表現。作者が同じメニュー訳を採用しているという意味ではない。"
"ja-JP","names","Avatar Offset","アバターオフセット","author-adapted","https://github.com/gummidot/VRCLens-Addons/blob/main/README_JP.md","Avatar Offset / 機能説明・設定表","","作者の日本語機能説明に基づくUI用作成表現。作者が同じメニュー訳を採用しているという意味ではない。"
"ja-JP","names","Rotate With Avatar","アバター連動回転","author-adapted","https://github.com/gummidot/VRCLens-Addons/blob/main/README_JP.md","Rotate With Avatar / 機能説明・設定表","","作者の日本語機能説明に基づくUI用作成表現。作者が同じメニュー訳を採用しているという意味ではない。"
"ja-JP","names","Drop (Reset to Hand)","手元へ戻す","author-adapted","https://github.com/gummidot/VRCLens-Addons/blob/main/README_JP.md","Drop (Reset to Hand) / 機能説明・設定表","","作者の日本語機能説明に基づくUI用作成表現。作者が同じメニュー訳を採用しているという意味ではない。"
"ja-JP","names","Move Drone Vertical","ドローン上下移動","author-adapted","https://github.com/gummidot/VRCLens-Addons/blob/main/README_JP.md","Move Drone Vertical / 機能説明・設定表","","作者の日本語機能説明に基づくUI用作成表現。作者が同じメニュー訳を採用しているという意味ではない。"
"ja-JP","names","Camera Pins & Dolly","カメラピン＆ドリー","author-adapted","https://github.com/gummidot/VRCLens-Addons/blob/main/README_JP.md","Camera Pins & Dolly / 機能説明・設定表","","作者の日本語機能説明に基づくUI用作成表現。作者が同じメニュー訳を採用しているという意味ではない。"
"ja-JP","names","Teleport","ピン移動","author-adapted","https://github.com/gummidot/VRCLens-Addons/blob/main/README_JP.md","Teleport / 機能説明・設定表","","作者の日本語機能説明に基づくUI用作成表現。作者が同じメニュー訳を採用しているという意味ではない。"
"ja-JP","names","Dolly","ドリー","author-adapted","https://github.com/gummidot/VRCLens-Addons/blob/main/README_JP.md","Dolly / 機能説明・設定表","","作者の日本語機能説明に基づくUI用作成表現。作者が同じメニュー訳を採用しているという意味ではない。"
"ja-JP","names","Reset to Hand","手元へ戻す","author-adapted","https://github.com/gummidot/VRCLens-Addons/blob/main/README_JP.md","Reset to Hand / 機能説明・設定表","","作者の日本語機能説明に基づくUI用作成表現。作者が同じメニュー訳を採用しているという意味ではない。"
"ja-JP","names","Show Pins","ピン表示","author-adapted","https://github.com/gummidot/VRCLens-Addons/blob/main/README_JP.md","Show Pins / 機能説明・設定表","","作者の日本語機能説明に基づくUI用作成表現。作者が同じメニュー訳を採用しているという意味ではない。"
"ja-JP","names","Show Path","軌道表示","author-adapted","https://github.com/gummidot/VRCLens-Addons/blob/main/README_JP.md","Show Path / 機能説明・設定表","","作者の日本語機能説明に基づくUI用作成表現。作者が同じメニュー訳を採用しているという意味ではない。"
"ja-JP","names","Show Numbers","番号表示","author-adapted","https://github.com/gummidot/VRCLens-Addons/blob/main/README_JP.md","Show Numbers / 機能説明・設定表","","作者の日本語機能説明に基づくUI用作成表現。作者が同じメニュー訳を採用しているという意味ではない。"
"ja-JP","names","Play","再生","author-adapted","https://github.com/gummidot/VRCLens-Addons/blob/main/README_JP.md","Play / 機能説明・設定表","","作者の日本語機能説明に基づくUI用作成表現。作者が同じメニュー訳を採用しているという意味ではない。"
"ja-JP","names","Stop","停止","author-adapted","https://github.com/gummidot/VRCLens-Addons/blob/main/README_JP.md","Stop / 機能説明・設定表","","作者の日本語機能説明に基づくUI用作成表現。作者が同じメニュー訳を採用しているという意味ではない。"
"ja-JP","names","Playback","再生位置","author-adapted","https://github.com/gummidot/VRCLens-Addons/blob/main/README_JP.md","Playback / 機能説明・設定表","","作者の日本語機能説明に基づくUI用作成表現。作者が同じメニュー訳を採用しているという意味ではない。"
"ja-JP","names","Move","手動移動","author-adapted","https://github.com/gummidot/VRCLens-Addons/blob/main/README_JP.md","Move / 機能説明・設定表","","作者の日本語機能説明に基づくUI用作成表現。作者が同じメニュー訳を採用しているという意味ではない。"
"ja-JP","names","Go To Pin","ピンへ移動","author-adapted","https://github.com/gummidot/VRCLens-Addons/blob/main/README_JP.md","Go To Pin / 機能説明・設定表","","作者の日本語機能説明に基づくUI用作成表現。作者が同じメニュー訳を採用しているという意味ではない。"
"ja-JP","names","Duration","所要時間","author-adapted","https://github.com/gummidot/VRCLens-Addons/blob/main/README_JP.md","Duration / 機能説明・設定表","","作者の日本語機能説明に基づくUI用作成表現。作者が同じメニュー訳を採用しているという意味ではない。"
"ja-JP","names","Loop","ループ","author-adapted","https://github.com/gummidot/VRCLens-Addons/blob/main/README_JP.md","Loop / 機能説明・設定表","","作者の日本語機能説明に基づくUI用作成表現。作者が同じメニュー訳を採用しているという意味ではない。"
"ja-JP","names","Delay","開始待ち","author-adapted","https://github.com/gummidot/VRCLens-Addons/blob/main/README_JP.md","Delay / 機能説明・設定表","","作者の日本語機能説明に基づくUI用作成表現。作者が同じメニュー訳を採用しているという意味ではない。"
"ja-JP","names","Path","軌道","author-adapted","https://github.com/gummidot/VRCLens-Addons/blob/main/README_JP.md","Path / 機能説明・設定表","","作者の日本語機能説明に基づくUI用作成表現。作者が同じメニュー訳を採用しているという意味ではない。"
"ja-JP","names","Hand Rotate (Pins)","手動回転（ピン）","author-adapted","https://github.com/gummidot/VRCLens-Addons/blob/main/README_JP.md","Hand Rotate (Pins) / 機能説明・設定表","","作者の日本語機能説明に基づくUI用作成表現。作者が同じメニュー訳を採用しているという意味ではない。"
"ja-JP","names","Hand Offset","手位置連動","author-adapted","https://github.com/gummidot/VRCLens-Addons/blob/main/README_JP.md","Hand Offset / 機能説明・設定表","","作者の日本語機能説明に基づくUI用作成表現。作者が同じメニュー訳を採用しているという意味ではない。"
"ja-JP","names","Drop Next","次のピンを設置","author-adapted","https://github.com/gummidot/VRCLens-Addons/blob/main/README_JP.md","Drop Next / 機能説明・設定表","","作者の日本語機能説明に基づくUI用作成表現。作者が同じメニュー訳を採用しているという意味ではない。"
"ja-JP","names","Clear All (Hold)","全解除（長押し）","author-adapted","https://github.com/gummidot/VRCLens-Addons/blob/main/README_JP.md","Camera Pins & Dolly / 機能説明・設定表","","作者の日本語機能説明に基づくUI用作成表現。作者が同じメニュー訳を採用しているという意味ではない。"
"ja-JP","names","Full","全方向","author-adapted","https://github.com/gummidot/VRCLens-Addons/blob/main/README_JP.md","Full / 機能説明・設定表","","作者の日本語機能説明に基づくUI用作成表現。作者が同じメニュー訳を採用しているという意味ではない。"
"ja-JP","names","Vertical","上下のみ","author-adapted","https://github.com/gummidot/VRCLens-Addons/blob/main/README_JP.md","Vertical / 機能説明・設定表","","作者の日本語機能説明に基づくUI用作成表現。作者が同じメニュー訳を採用しているという意味ではない。"
"ja-JP","names","Teleport Next","次のピンへ","author-adapted","https://github.com/gummidot/VRCLens-Addons/blob/main/README_JP.md","Teleport Next / 機能説明・設定表","","作者の日本語機能説明に基づくUI用作成表現。作者が同じメニュー訳を採用しているという意味ではない。"
"ja-JP","names","Reverse","往復","author-adapted","https://github.com/gummidot/VRCLens-Addons/blob/main/README_JP.md","Reverse / 機能説明・設定表","","作者の日本語機能説明に基づくUI用作成表現。作者が同じメニュー訳を採用しているという意味ではない。"
"ja-JP","names","Linear","直線","author-adapted","https://github.com/gummidot/VRCLens-Addons/blob/main/README_JP.md","Linear / 機能説明・設定表","","作者の日本語機能説明に基づくUI用作成表現。作者が同じメニュー訳を採用しているという意味ではない。"
"ja-JP","names","Smooth","全点補間","author-adapted","https://github.com/gummidot/VRCLens-Addons/blob/main/README_JP.md","Smooth / 機能説明・設定表","","作者の日本語機能説明に基づくUI用作成表現。作者が同じメニュー訳を採用しているという意味ではない。"
"ja-JP","names","Fitted","近似曲線","author-adapted","https://github.com/gummidot/VRCLens-Addons/blob/main/README_JP.md","Fitted / 機能説明・設定表","","作者の日本語機能説明に基づくUI用作成表現。作者が同じメニュー訳を採用しているという意味ではない。"
"ja-JP","names","Preset Saver","プリセット保存","author-adapted","https://github.com/gummidot/VRCLens-Addons/blob/main/README_JP.md","Preset Saver / 機能説明・設定表","","作者の日本語機能説明に基づくUI用作成表現。作者が同じメニュー訳を採用しているという意味ではない。"
"ja-JP","names","Save","保存","author-adapted","https://github.com/gummidot/VRCLens-Addons/blob/main/README_JP.md","Save / 機能説明・設定表","","作者の日本語機能説明に基づくUI用作成表現。作者が同じメニュー訳を採用しているという意味ではない。"
"ja-JP","names","Load","読込","author-adapted","https://github.com/gummidot/VRCLens-Addons/blob/main/README_JP.md","Load / 機能説明・設定表","","作者の日本語機能説明に基づくUI用作成表現。作者が同じメニュー訳を採用しているという意味ではない。"
"ja-JP","names","Load Defaults","初期値読込","author-adapted","https://github.com/gummidot/VRCLens-Addons/blob/main/README_JP.md","Load Defaults / 機能説明・設定表","","作者の日本語機能説明に基づくUI用作成表現。作者が同じメニュー訳を採用しているという意味ではない。"
"ja-JP","names","Favorites","お気に入り","author-adapted","https://github.com/gummidot/VRCLens-Addons/blob/main/README_JP.md","Favorites / 機能説明・設定表","","作者の日本語機能説明に基づくUI用作成表現。作者が同じメニュー訳を採用しているという意味ではない。"
"ja-JP","directions","TOP","上","review-required","","","","英語キーと既存訳の意味・表記を点検。対象言語の適切な外部出典は未確認。既存訳を維持し、公式訳とは扱わない。"
"ja-JP","directions","UP","上","review-required","","","","英語キーと既存訳の意味・表記を点検。対象言語の適切な外部出典は未確認。既存訳を維持し、公式訳とは扱わない。"
"ja-JP","directions","RIGHT","右","review-required","","","","英語キーと既存訳の意味・表記を点検。対象言語の適切な外部出典は未確認。既存訳を維持し、公式訳とは扱わない。"
"ja-JP","directions","BOTTOM","下","review-required","","","","英語キーと既存訳の意味・表記を点検。対象言語の適切な外部出典は未確認。既存訳を維持し、公式訳とは扱わない。"
"ja-JP","directions","DOWN","下","review-required","","","","英語キーと既存訳の意味・表記を点検。対象言語の適切な外部出典は未確認。既存訳を維持し、公式訳とは扱わない。"
"ja-JP","directions","LEFT","左","review-required","","","","英語キーと既存訳の意味・表記を点検。対象言語の適切な外部出典は未確認。既存訳を維持し、公式訳とは扱わない。"
"ja-JP","directions","FORWARD","前","review-required","","","","英語キーと既存訳の意味・表記を点検。対象言語の適切な外部出典は未確認。既存訳を維持し、公式訳とは扱わない。"
"ja-JP","directions","BACK","後","review-required","","","","英語キーと既存訳の意味・表記を点検。対象言語の適切な外部出典は未確認。既存訳を維持し、公式訳とは扱わない。"
"ja-JP","dynamic","Next","次へ","review-required","","","","英語キーと既存訳の意味・表記を点検。対象言語の適切な外部出典は未確認。既存訳を維持し、公式訳とは扱わない。"
"ja-JP","dynamic","CameraPin","ピン{0}","author-adapted","https://github.com/gummidot/VRCLens-Addons/blob/main/README_JP.md","Camera Pins & Dolly / 機能説明・設定表","","作者の日本語機能説明に基づくUI用作成表現。作者が同じメニュー訳を採用しているという意味ではない。"
"ja-JP","dynamic","Seconds","{0}秒","author-adapted","https://github.com/gummidot/VRCLens-Addons/blob/main/README_JP.md","Duration / 機能説明・設定表","","作者の日本語機能説明に基づくUI用作成表現。作者が同じメニュー訳を採用しているという意味ではない。"
"ja-JP","dynamic","Minutes","{0}分","author-adapted","https://github.com/gummidot/VRCLens-Addons/blob/main/README_JP.md","Duration / 機能説明・設定表","","作者の日本語機能説明に基づくUI用作成表現。作者が同じメニュー訳を採用しているという意味ではない。"
"ja-JP","dynamic","WorldDrop","ワールド固定","review-required","","","","英語キーと既存訳の意味・表記を点検。対象言語の適切な外部出典は未確認。既存訳を維持し、公式訳とは扱わない。"
"ja-JP","dynamic","CameraPinDrop","ピン設置","author-adapted","https://github.com/gummidot/VRCLens-Addons/blob/main/README_JP.md","Camera Pins & Dolly / 機能説明・設定表","","作者の日本語機能説明に基づくUI用作成表現。作者が同じメニュー訳を採用しているという意味ではない。"
"ja-JP","dynamic","VignetteSoftness","境界ぼかし","author-adapted","https://github.com/gummidot/VRCLens-Addons/blob/main/README_JP.md","Vignette / 機能説明・設定表","","作者の日本語機能説明に基づくUI用作成表現。作者が同じメニュー訳を採用しているという意味ではない。"
"ja-JP","dynamic","FisheyeCenterX","横位置","author-adapted","https://github.com/gummidot/VRCLens-Addons/blob/main/README_JP.md","Fisheye Lens / 機能説明・設定表","","作者の日本語機能説明に基づくUI用作成表現。作者が同じメニュー訳を採用しているという意味ではない。"
"ja-JP","dynamic","FisheyeCenterY","縦位置","author-adapted","https://github.com/gummidot/VRCLens-Addons/blob/main/README_JP.md","Fisheye Lens / 機能説明・設定表","","作者の日本語機能説明に基づくUI用作成表現。作者が同じメニュー訳を採用しているという意味ではない。"
"ja-JP","dynamic","ZoomInSpeed4","望遠側 速度4","review-required","","","","英語キーと既存訳の意味・表記を点検。対象言語の適切な外部出典は未確認。既存訳を維持し、公式訳とは扱わない。"
"ja-JP","dynamic","ZoomOutSpeed4","広角側 速度4","review-required","","","","英語キーと既存訳の意味・表記を点検。対象言語の適切な外部出典は未確認。既存訳を維持し、公式訳とは扱わない。"
"ja-JP","featureBlanks","100","広角側 速度1","review-required","","","","英語キーと既存訳の意味・表記を点検。対象言語の適切な外部出典は未確認。既存訳を維持し、公式訳とは扱わない。"
"ja-JP","featureBlanks","101","広角側 速度2","review-required","","","","英語キーと既存訳の意味・表記を点検。対象言語の適切な外部出典は未確認。既存訳を維持し、公式訳とは扱わない。"
"ja-JP","featureBlanks","102","広角側 速度3","review-required","","","","英語キーと既存訳の意味・表記を点検。対象言語の適切な外部出典は未確認。既存訳を維持し、公式訳とは扱わない。"
"ja-JP","featureBlanks","104","望遠側 速度1","review-required","","","","英語キーと既存訳の意味・表記を点検。対象言語の適切な外部出典は未確認。既存訳を維持し、公式訳とは扱わない。"
"ja-JP","featureBlanks","105","望遠側 速度2","review-required","","","","英語キーと既存訳の意味・表記を点検。対象言語の適切な外部出典は未確認。既存訳を維持し、公式訳とは扱わない。"
"ja-JP","featureBlanks","106","望遠側 速度3","review-required","","","","英語キーと既存訳の意味・表記を点検。対象言語の適切な外部出典は未確認。既存訳を維持し、公式訳とは扱わない。"
"ja-JP","featureBlanks","108","露出補正 -1/3段","review-required","","","","英語キーと既存訳の意味・表記を点検。対象言語の適切な外部出典は未確認。既存訳を維持し、公式訳とは扱わない。"
"ja-JP","featureBlanks","110","露出補正 +1/3段","review-required","","","","英語キーと既存訳の意味・表記を点検。対象言語の適切な外部出典は未確認。既存訳を維持し、公式訳とは扱わない。"
"ja-JP","featureBlanks","113","WB補正：ブルー側","review-required","","","","英語キーと既存訳の意味・表記を点検。対象言語の適切な外部出典は未確認。既存訳を維持し、公式訳とは扱わない。"
"ja-JP","featureBlanks","114","WB補正：リセット","review-required","","","","英語キーと既存訳の意味・表記を点検。対象言語の適切な外部出典は未確認。既存訳を維持し、公式訳とは扱わない。"
"ja-JP","featureBlanks","115","WB補正：アンバー側","review-required","","","","英語キーと既存訳の意味・表記を点検。対象言語の適切な外部出典は未確認。既存訳を維持し、公式訳とは扱わない。"
"ja-JP","featureBlanks","117","近距離側 中","review-required","","","","英語キーと既存訳の意味・表記を点検。対象言語の適切な外部出典は未確認。既存訳を維持し、公式訳とは扱わない。"
"ja-JP","featureBlanks","118","近距離側 小","review-required","","","","英語キーと既存訳の意味・表記を点検。対象言語の適切な外部出典は未確認。既存訳を維持し、公式訳とは扱わない。"
"ja-JP","featureBlanks","120","遠距離側 小","review-required","","","","英語キーと既存訳の意味・表記を点検。対象言語の適切な外部出典は未確認。既存訳を維持し、公式訳とは扱わない。"
"ja-JP","featureBlanks","121","遠距離側 中","review-required","","","","英語キーと既存訳の意味・表記を点検。対象言語の適切な外部出典は未確認。既存訳を維持し、公式訳とは扱わない。"
"ja-JP","featureBlanks","129","少し上を見る","review-required","","","","英語キーと既存訳の意味・表記を点検。対象言語の適切な外部出典は未確認。既存訳を維持し、公式訳とは扱わない。"
"ja-JP","featureBlanks","130","少し下を見る","review-required","","","","英語キーと既存訳の意味・表記を点検。対象言語の適切な外部出典は未確認。既存訳を維持し、公式訳とは扱わない。"
"ja-JP","sensorBlanks","0","35mmフルサイズ","review-required","","","","英語キーと既存訳の意味・表記を点検。対象言語の適切な外部出典は未確認。既存訳を維持し、公式訳とは扱わない。"
"ja-JP","sensorBlanks","1","APS-H","review-required","","","","英語キーと既存訳の意味・表記を点検。対象言語の適切な外部出典は未確認。既存訳を維持し、公式訳とは扱わない。"
"ja-JP","sensorBlanks","2","APS-C（1.5倍）","review-required","","","","英語キーと既存訳の意味・表記を点検。対象言語の適切な外部出典は未確認。既存訳を維持し、公式訳とは扱わない。"
"ja-JP","sensorBlanks","3","APS-C（1.6倍）","review-required","","","","英語キーと既存訳の意味・表記を点検。対象言語の適切な外部出典は未確認。既存訳を維持し、公式訳とは扱わない。"
"ja-JP","sensorBlanks","4","マイクロフォーサーズ","review-required","","","","英語キーと既存訳の意味・表記を点検。対象言語の適切な外部出典は未確認。既存訳を維持し、公式訳とは扱わない。"
"ja-JP","sensorBlanks","5","1.0型","review-required","","","","英語キーと既存訳の意味・表記を点検。対象言語の適切な外部出典は未確認。既存訳を維持し、公式訳とは扱わない。"
"ja-JP","tonemapBlanks","0","切","review-required","","","","英語キーと既存訳の意味・表記を点検。対象言語の適切な外部出典は未確認。既存訳を維持し、公式訳とは扱わない。"
"ja-JP","tonemapBlanks","1","フィルミック1","review-required","","","","英語キーと既存訳の意味・表記を点検。対象言語の適切な外部出典は未確認。既存訳を維持し、公式訳とは扱わない。"
"ja-JP","tonemapBlanks","2","フィルミック2","review-required","","","","英語キーと既存訳の意味・表記を点検。対象言語の適切な外部出典は未確認。既存訳を維持し、公式訳とは扱わない。"
"ja-JP","tonemapBlanks","3","HLG","review-required","","","","英語キーと既存訳の意味・表記を点検。対象言語の適切な外部出典は未確認。既存訳を維持し、公式訳とは扱わない。"
"ja-JP","tonemapBlanks","4","ニュートラル","review-required","","","","英語キーと既存訳の意味・表記を点検。対象言語の適切な外部出典は未確認。既存訳を維持し、公式訳とは扱わない。"
"zh-Hans-CN","names","Enable","启用","review-required","","","","英語キーと既存訳の意味・表記を点検。対象言語の適切な外部出典は未確認。既存訳を維持し、公式訳とは扱わない。"
"zh-Hans-CN","names","Advanced","高级设置","review-required","","","","英語キーと既存訳の意味・表記を点検。対象言語の適切な外部出典は未確認。既存訳を維持し、公式訳とは扱わない。"
"zh-Hans-CN","names","Zoom","变焦","review-required","","","","英語キーと既存訳の意味・表記を点検。対象言語の適切な外部出典は未確認。既存訳を維持し、公式訳とは扱わない。"
"zh-Hans-CN","names","Drone","无人机","review-required","","","","英語キーと既存訳の意味・表記を点検。対象言語の適切な外部出典は未確認。既存訳を維持し、公式訳とは扱わない。"
"zh-Hans-CN","names","Settings","设置","review-required","","","","英語キーと既存訳の意味・表記を点検。対象言語の適切な外部出典は未確認。既存訳を維持し、公式訳とは扱わない。"
"zh-Hans-CN","names","Focus","对焦","canon-exact","https://cam.start.canon/zh/C017/manual/html/UG-04_AF-Drive_0070.html","UG-04_AF-Drive_0070.html / Focus","对焦","対象言語の該当撮影機能本文を照合。canon-exactは同じ用語表記の一致、canon-adaptedは機能の意味に基づく作成表現。VRCLens自体の公式訳ではない。"
"zh-Hans-CN","names","Reset","重置","review-required","","","","英語キーと既存訳の意味・表記を点検。対象言語の適切な外部出典は未確認。既存訳を維持し、公式訳とは扱わない。"
"zh-Hans-CN","names","Exposure","曝光","canon-exact","https://cam.start.canon/zh/C017/manual/html/UG-03_Shooting-1_0500.html","UG-03_Shooting-1_0500.html / Exposure","曝光","対象言語の該当撮影機能本文を照合。canon-exactは同じ用語表記の一致、canon-adaptedは機能の意味に基づく作成表現。VRCLens自体の公式訳ではない。"
"zh-Hans-CN","names","Filters","滤镜","review-required","","","","英語キーと既存訳の意味・表記を点検。対象言語の適切な外部出典は未確認。既存訳を維持し、公式訳とは扱わない。"
"zh-Hans-CN","names","Stabilize","影像稳定器","canon-exact","https://cam.start.canon/zh/C017/manual/html/UG-03_Shooting-1_0330.html","UG-03_Shooting-1_0330.html / Stabilize","影像稳定器","対象言語の該当撮影機能本文を照合。canon-exactは同じ用語表記の一致、canon-adaptedは機能の意味に基づく作成表現。VRCLens自体の公式訳ではない。"
"zh-Hans-CN","names","Aperture","光圈","canon-exact","https://cam.start.canon/zh/C017/manual/html/UG-02_ShootingMode_0070.html","UG-02_ShootingMode_0070.html / Aperture","光圈","対象言語の該当撮影機能本文を照合。canon-exactは同じ用語表記の一致、canon-adaptedは機能の意味に基づく作成表現。VRCLens自体の公式訳ではない。"
"zh-Hans-CN","names","Portrait","竖拍","review-required","","","","英語キーと既存訳の意味・表記を点検。対象言語の適切な外部出典は未確認。既存訳を維持し、公式訳とは扱わない。"
"zh-Hans-CN","names","Display","显示","canon-exact","https://cam.start.canon/zh/C017/manual/html/UG-03_Shooting-1_0430.html","UG-03_Shooting-1_0430.html / Display","显示","対象言語の該当撮影機能本文を照合。canon-exactは同じ用語表記の一致、canon-adaptedは機能の意味に基づく作成表現。VRCLens自体の公式訳ではない。"
"zh-Hans-CN","names","Normal","标准","canon-exact","https://cam.start.canon/zh/C017/manual/html/UG-03_Shooting-1_0110.html","UG-03_Shooting-1_0110.html / Normal","标准","対象言語の該当撮影機能本文を照合。canon-exactは同じ用語表記の一致、canon-adaptedは機能の意味に基づく作成表現。VRCLens自体の公式訳ではない。"
"zh-Hans-CN","names","Depth Cool","深度・冷色","review-required","","","","英語キーと既存訳の意味・表記を点検。対象言語の適切な外部出典は未確認。既存訳を維持し、公式訳とは扱わない。"
"zh-Hans-CN","names","Depth Cute","深度・可爱","review-required","","","","英語キーと既存訳の意味・表記を点検。対象言語の適切な外部出典は未確認。既存訳を維持し、公式訳とは扱わない。"
"zh-Hans-CN","names","Spotlight","聚光灯","review-required","","","","英語キーと既存訳の意味・表記を点検。対象言語の適切な外部出典は未確認。既存訳を維持し、公式訳とは扱わない。"
"zh-Hans-CN","names","Green Back","绿幕","review-required","","","","英語キーと既存訳の意味・表記を点検。対象言語の適切な外部出典は未確認。既存訳を維持し、公式訳とは扱わない。"
"zh-Hans-CN","names","Blue Back","蓝幕","review-required","","","","英語キーと既存訳の意味・表記を点検。対象言語の適切な外部出典は未確認。既存訳を維持し、公式訳とは扱わない。"
"zh-Hans-CN","names","RIGHT","右","review-required","","","","英語キーと既存訳の意味・表記を点検。対象言語の適切な外部出典は未確認。既存訳を維持し、公式訳とは扱わない。"
"zh-Hans-CN","names","UP","上","review-required","","","","英語キーと既存訳の意味・表記を点検。対象言語の適切な外部出典は未確認。既存訳を維持し、公式訳とは扱わない。"
"zh-Hans-CN","names","DOWN","下","review-required","","","","英語キーと既存訳の意味・表記を点検。対象言語の適切な外部出典は未確認。既存訳を維持し、公式訳とは扱わない。"
"zh-Hans-CN","names","LEFT","左","review-required","","","","英語キーと既存訳の意味・表記を点検。対象言語の適切な外部出典は未確認。既存訳を維持し、公式訳とは扱わない。"
"zh-Hans-CN","names","Show/Hide","显示/隐藏","review-required","","","","英語キーと既存訳の意味・表記を点検。対象言語の適切な外部出典は未確認。既存訳を維持し、公式訳とは扱わない。"
"zh-Hans-CN","names","Color","颜色","review-required","","","","英語キーと既存訳の意味・表記を点検。対象言語の適切な外部出典は未確認。既存訳を維持し、公式訳とは扱わない。"
"zh-Hans-CN","names","Hexagon","六边形","review-required","","","","英語キーと既存訳の意味・表記を点検。対象言語の適切な外部出典は未確認。既存訳を維持し、公式訳とは扱わない。"
"zh-Hans-CN","names","Octagon","八边形","review-required","","","","英語キーと既存訳の意味・表記を点検。対象言語の適切な外部出典は未確認。既存訳を維持し、公式訳とは扱わない。"
"zh-Hans-CN","names","Square","方形","review-required","","","","英語キーと既存訳の意味・表記を点検。対象言語の適切な外部出典は未確認。既存訳を維持し、公式訳とは扱わない。"
"zh-Hans-CN","names","Look At Face","朝向面部","review-required","","","","英語キーと既存訳の意味・表記を点検。対象言語の適切な外部出典は未確認。既存訳を維持し、公式訳とは扱わない。"
"zh-Hans-CN","names","Look Up","向上看","review-required","","","","英語キーと既存訳の意味・表記を点検。対象言語の適切な外部出典は未確認。既存訳を維持し、公式訳とは扱わない。"
"zh-Hans-CN","names","Look Down","向下看","review-required","","","","英語キーと既存訳の意味・表記を点検。対象言語の適切な外部出典は未確認。既存訳を維持し、公式訳とは扱わない。"
"zh-Hans-CN","names","Look At Feet","朝向脚部","review-required","","","","英語キーと既存訳の意味・表記を点検。対象言語の適切な外部出典は未確認。既存訳を維持し、公式訳とは扱わない。"
"zh-Hans-CN","names","Track Self","追踪自己","review-required","","","","英語キーと既存訳の意味・表記を点検。対象言語の適切な外部出典は未確認。既存訳を維持し、公式訳とは扱わない。"
"zh-Hans-CN","names","Track Self...","追踪自己...","review-required","","","","英語キーと既存訳の意味・表記を点検。対象言語の適切な外部出典は未確認。既存訳を維持し、公式訳とは扱わない。"
"zh-Hans-CN","names","Infinity","无限远","review-required","","","","英語キーと既存訳の意味・表記を点検。対象言語の適切な外部出典は未確認。既存訳を維持し、公式訳とは扱わない。"
"zh-Hans-CN","names","Auto Focus","AF","canon-exact","https://cam.start.canon/zh/C017/manual/html/UG-04_AF-Drive_0040.html","UG-04_AF-Drive_0040.html / Auto Focus","AF","対象言語の該当撮影機能本文を照合。canon-exactは同じ用語表記の一致、canon-adaptedは機能の意味に基づく作成表現。VRCLens自体の公式訳ではない。"
"zh-Hans-CN","names","Manual Focus","MF","canon-exact","https://cam.start.canon/zh/C017/manual/html/UG-04_AF-Drive_0070.html","UG-04_AF-Drive_0070.html / Manual Focus","MF","対象言語の該当撮影機能本文を照合。canon-exactは同じ用語表記の一致、canon-adaptedは機能の意味に基づく作成表現。VRCLens自体の公式訳ではない。"
"zh-Hans-CN","names","Macro","微距","review-required","","","","英語キーと既存訳の意味・表記を点検。対象言語の適切な外部出典は未確認。既存訳を維持し、公式訳とは扱わない。"
"zh-Hans-CN","names","Picture Style","照片风格","canon-exact","https://cam.start.canon/zh/C017/manual/html/UG-03_Shooting-1_0110.html","UG-03_Shooting-1_0110.html / Picture Style","照片风格","対象言語の該当撮影機能本文を照合。canon-exactは同じ用語表記の一致、canon-adaptedは機能の意味に基づく作成表現。VRCLens自体の公式訳ではない。"
"zh-Hans-CN","names","Quick Selfie","快速自拍","review-required","","","","英語キーと既存訳の意味・表記を点検。対象言語の適切な外部出典は未確認。既存訳を維持し、公式訳とは扱わない。"
"zh-Hans-CN","names","Extra...","更多...","review-required","","","","英語キーと既存訳の意味・表記を点検。対象言語の適切な外部出典は未確認。既存訳を維持し、公式訳とは扱わない。"
"zh-Hans-CN","names","Movie Mode","短片模式","review-required","","","","英語キーと既存訳の意味・表記を点検。対象言語の適切な外部出典は未確認。既存訳を維持し、公式訳とは扱わない。"
"zh-Hans-CN","names","Avatar-Drop","固定到Avatar","review-required","","","","英語キーと既存訳の意味・表記を点検。対象言語の適切な外部出典は未確認。既存訳を維持し、公式訳とは扱わない。"
"zh-Hans-CN","names","3D Mode","3D模式","review-required","","","","英語キーと既存訳の意味・表記を点検。対象言語の適切な外部出典は未確認。既存訳を維持し、公式訳とは扱わない。"
"zh-Hans-CN","names","Mount Swap","切换安装位置","review-required","","","","英語キーと既存訳の意味・表記を点検。対象言語の適切な外部出典は未確認。既存訳を維持し、公式訳とは扱わない。"
"zh-Hans-CN","names","Hide Lens","隐藏镜头","review-required","","","","英語キーと既存訳の意味・表記を点検。対象言語の適切な外部出典は未確認。既存訳を維持し、公式訳とは扱わない。"
"zh-Hans-CN","names","Increase","缩小光圈","canon-exact","https://cam.start.canon/zh/C017/manual/html/UG-02_ShootingMode_0070.html","UG-02_ShootingMode_0070.html / Increase","缩小光圈","対象言語の該当撮影機能本文を照合。canon-exactは同じ用語表記の一致、canon-adaptedは機能の意味に基づく作成表現。VRCLens自体の公式訳ではない。"
"zh-Hans-CN","names","Decrease","开大光圈","canon-adapted","https://cam.start.canon/zh/C017/manual/html/UG-02_ShootingMode_0070.html","UG-02_ShootingMode_0070.html / Decrease","","対象言語の該当撮影機能本文を照合。canon-exactは同じ用語表記の一致、canon-adaptedは機能の意味に基づく作成表現。VRCLens自体の公式訳ではない。"
"zh-Hans-CN","names","Sensor Type","感应器尺寸","review-required","","","","英語キーと既存訳の意味・表記を点検。対象言語の適切な外部出典は未確認。既存訳を維持し、公式訳とは扱わない。"
"zh-Hans-CN","names","DoF Mode","景深模式","canon-adapted","https://cam.start.canon/zh/C017/manual/html/UG-02_ShootingMode_0070.html","UG-02_ShootingMode_0070.html / DoF Mode","","対象言語の該当撮影機能本文を照合。canon-exactは同じ用語表記の一致、canon-adaptedは機能の意味に基づく作成表現。VRCLens自体の公式訳ではない。"
"zh-Hans-CN","names","Av Dial","光圈值","canon-exact","https://cam.start.canon/zh/C017/manual/html/UG-02_ShootingMode_0070.html","UG-02_ShootingMode_0070.html / Av Dial","光圈值","対象言語の該当撮影機能本文を照合。canon-exactは同じ用語表記の一致、canon-adaptedは機能の意味に基づく作成表現。VRCLens自体の公式訳ではない。"
"zh-Hans-CN","names","Bokeh Shape","散景形状","review-required","","","","英語キーと既存訳の意味・表記を点検。対象言語の適切な外部出典は未確認。既存訳を維持し、公式訳とは扱わない。"
"zh-Hans-CN","names","V. Horizon","电子水准仪","canon-exact","https://cam.start.canon/zh/C017/manual/html/UG-03_Shooting-1_0430.html","UG-03_Shooting-1_0430.html / V. Horizon","电子水准仪","対象言語の該当撮影機能本文を照合。canon-exactは同じ用語表記の一致、canon-adaptedは機能の意味に基づく作成表現。VRCLens自体の公式訳ではない。"
"zh-Hans-CN","names","Grid","网格线","canon-exact","https://cam.start.canon/zh/C017/manual/html/UG-03_Shooting-1_0430.html","UG-03_Shooting-1_0430.html / Grid","网格线","対象言語の該当撮影機能本文を照合。canon-exactは同じ用語表記の一致、canon-adaptedは機能の意味に基づく作成表現。VRCLens自体の公式訳ではない。"
"zh-Hans-CN","names","Monitor","监视器","canon-adapted","https://cam.start.canon/zh/C017/manual/html/UG-03_Shooting-1_0430.html","UG-03_Shooting-1_0430.html / Monitor","","対象言語の該当撮影機能本文を照合。canon-exactは同じ用語表記の一致、canon-adaptedは機能の意味に基づく作成表現。VRCLens自体の公式訳ではない。"
"zh-Hans-CN","names","Move HUD","移动显示","review-required","","","","英語キーと既存訳の意味・表記を点検。対象言語の適切な外部出典は未確認。既存訳を維持し、公式訳とは扱わない。"
"zh-Hans-CN","names","Focus Peaking","MF峰值","canon-adapted","https://cam.start.canon/zh/C017/manual/html/UG-04_AF-Drive_0070.html","UG-04_AF-Drive_0070.html / Focus Peaking","","対象言語の該当撮影機能本文を照合。canon-exactは同じ用語表記の一致、canon-adaptedは機能の意味に基づく作成表現。VRCLens自体の公式訳ではない。"
"zh-Hans-CN","names","Hand-Rotate","手动旋转","review-required","","","","英語キーと既存訳の意味・表記を点検。対象言語の適切な外部出典は未確認。既存訳を維持し、公式訳とは扱わない。"
"zh-Hans-CN","names","Change Angle","改变角度","review-required","","","","英語キーと既存訳の意味・表記を点検。対象言語の適切な外部出典は未確認。既存訳を維持し、公式訳とは扱わない。"
"zh-Hans-CN","names","Tracking","追踪","canon-exact","https://cam.start.canon/zh/C017/manual/html/UG-04_AF-Drive_0060.html","UG-04_AF-Drive_0060.html / Tracking","追踪","対象言語の該当撮影機能本文を照合。canon-exactは同じ用語表記の一致、canon-adaptedは機能の意味に基づく作成表現。VRCLens自体の公式訳ではない。"
"zh-Hans-CN","names","Move Camera","移动相机","review-required","","","","英語キーと既存訳の意味・表記を点検。対象言語の適切な外部出典は未確認。既存訳を維持し、公式訳とは扱わない。"
"zh-Hans-CN","names","Drone Speed","无人机速度","review-required","","","","英語キーと既存訳の意味・表記を点検。対象言語の適切な外部出典は未確認。既存訳を維持し、公式訳とは扱わない。"
"zh-Hans-CN","names","Move Pivot","移动枢轴点","review-required","","","","英語キーと既存訳の意味・表記を点検。対象言語の適切な外部出典は未確認。既存訳を維持し、公式訳とは扱わない。"
"zh-Hans-CN","names","Track Pivot","追踪枢轴点","review-required","","","","英語キーと既存訳の意味・表記を点検。対象言語の適切な外部出典は未確認。既存訳を維持し、公式訳とは扱わない。"
"zh-Hans-CN","names","Smoothing","平滑度","review-required","","","","英語キーと既存訳の意味・表記を点検。対象言語の適切な外部出典は未確認。既存訳を維持し、公式訳とは扱わない。"
"zh-Hans-CN","names","Drop Pivot","放置枢轴点","review-required","","","","英語キーと既存訳の意味・表記を点検。対象言語の適切な外部出典は未確認。既存訳を維持し、公式訳とは扱わない。"
"zh-Hans-CN","names","Vertical Lock","垂直锁定","review-required","","","","英語キーと既存訳の意味・表記を点検。対象言語の適切な外部出典は未確認。既存訳を維持し、公式訳とは扱わない。"
"zh-Hans-CN","names","EV Dial","曝光补偿","canon-exact","https://cam.start.canon/zh/C017/manual/html/UG-03_Shooting-1_0500.html","UG-03_Shooting-1_0500.html / EV Dial","曝光补偿","対象言語の該当撮影機能本文を照合。canon-exactは同じ用語表記の一致、canon-adaptedは機能の意味に基づく作成表現。VRCLens自体の公式訳ではない。"
"zh-Hans-CN","names","Auto Exposure","自动曝光","canon-exact","https://cam.start.canon/zh/C017/manual/html/UG-02_ShootingMode_0070.html","UG-02_ShootingMode_0070.html / Auto Exposure","自动曝光","対象言語の該当撮影機能本文を照合。canon-exactは同じ用語表記の一致、canon-adaptedは機能の意味に基づく作成表現。VRCLens自体の公式訳ではない。"
"zh-Hans-CN","names","White Bal.","白平衡","canon-exact","https://cam.start.canon/zh/C017/manual/html/UG-03_Shooting-1_0190.html","UG-03_Shooting-1_0190.html / White Bal.","白平衡","対象言語の該当撮影機能本文を照合。canon-exactは同じ用語表記の一致、canon-adaptedは機能の意味に基づく作成表現。VRCLens自体の公式訳ではない。"
"zh-Hans-CN","names","Avatar AF","Avatar AF","review-required","","","","英語キーと既存訳の意味・表記を点検。対象言語の適切な外部出典は未確認。既存訳を維持し、公式訳とは扱わない。"
"zh-Hans-CN","names","Move Focus","对焦位置","canon-exact","https://cam.start.canon/zh/C017/manual/html/UG-04_AF-Drive_0070.html","UG-04_AF-Drive_0070.html / Move Focus","对焦位置","対象言語の該当撮影機能本文を照合。canon-exactは同じ用語表記の一致、canon-adaptedは機能の意味に基づく作成表現。VRCLens自体の公式訳ではない。"
"zh-Hans-CN","names","Pro Autofocus","高级AF","review-required","","","","英語キーと既存訳の意味・表記を点検。対象言語の適切な外部出典は未確認。既存訳を維持し、公式訳とは扱わない。"
"zh-Hans-CN","names","Operation","操作模式","canon-adapted","https://cam.start.canon/zh/C017/manual/html/UG-04_AF-Drive_0040.html","UG-04_AF-Drive_0040.html / Operation","","対象言語の該当撮影機能本文を照合。canon-exactは同じ用語表記の一致、canon-adaptedは機能の意味に基づく作成表現。VRCLens自体の公式訳ではない。"
"zh-Hans-CN","names","AF Area","自动对焦区域","canon-exact","https://cam.start.canon/zh/C017/manual/html/UG-04_AF-Drive_0060.html","UG-04_AF-Drive_0060.html / AF Area","自动对焦区域","対象言語の該当撮影機能本文を照合。canon-exactは同じ用語表記の一致、canon-adaptedは機能の意味に基づく作成表現。VRCLens自体の公式訳ではない。"
"zh-Hans-CN","names","Response","追踪灵敏度","canon-exact","https://cam.start.canon/zh/C017/manual/html/UG-04_AF-Drive_0090.html","UG-04_AF-Drive_0090.html / Response","追踪灵敏度","対象言語の該当撮影機能本文を照合。canon-exactは同じ用語表記の一致、canon-adaptedは機能の意味に基づく作成表現。VRCLens自体の公式訳ではない。 修正: 被摄体切换 → 追踪灵敏度。"
"zh-Hans-CN","names","Drive Speed","对焦驱动速度","canon-adapted","https://cam.start.canon/zh/C017/manual/html/UG-04_AF-Drive_0100.html","UG-04_AF-Drive_0100.html / Drive Speed","","対象言語の該当撮影機能本文を照合。canon-exactは同じ用語表記の一致、canon-adaptedは機能の意味に基づく作成表現。VRCLens自体の公式訳ではない。"
"zh-Hans-CN","names","AF-ON","AF-ON","review-required","","","","英語キーと既存訳の意味・表記を点検。対象言語の適切な外部出典は未確認。既存訳を維持し、公式訳とは扱わない。"
"zh-Hans-CN","names","AF Lock","AF锁","review-required","","","","英語キーと既存訳の意味・表記を点検。対象言語の適切な外部出典は未確認。既存訳を維持し、公式訳とは扱わない。"
"zh-Hans-CN","names","Focus Guide","对焦向导","canon-exact","https://cam.start.canon/zh/C017/manual/html/UG-04_AF-Drive_0070.html","UG-04_AF-Drive_0070.html / Focus Guide","对焦向导","対象言語の該当撮影機能本文を照合。canon-exactは同じ用語表記の一致、canon-adaptedは機能の意味に基づく作成表現。VRCLens自体の公式訳ではない。"
"zh-Hans-CN","names","One-Shot AF","单次自动对焦","canon-exact","https://cam.start.canon/zh/C017/manual/html/UG-04_AF-Drive_0040.html","UG-04_AF-Drive_0040.html / One-Shot AF","单次自动对焦","対象言語の該当撮影機能本文を照合。canon-exactは同じ用語表記の一致、canon-adaptedは機能の意味に基づく作成表現。VRCLens自体の公式訳ではない。"
"zh-Hans-CN","names","Servo AF","伺服自动对焦","canon-exact","https://cam.start.canon/zh/C017/manual/html/UG-04_AF-Drive_0040.html","UG-04_AF-Drive_0040.html / Servo AF","伺服自动对焦","対象言語の該当撮影機能本文を照合。canon-exactは同じ用語表記の一致、canon-adaptedは機能の意味に基づく作成表現。VRCLens自体の公式訳ではない。"
"zh-Hans-CN","names","Spot","定点","canon-exact","https://cam.start.canon/zh/C017/manual/html/UG-04_AF-Drive_0060.html","UG-04_AF-Drive_0060.html / Spot","定点","対象言語の該当撮影機能本文を照合。canon-exactは同じ用語表記の一致、canon-adaptedは機能の意味に基づく作成表現。VRCLens自体の公式訳ではない。"
"zh-Hans-CN","names","Zone","区域","canon-exact","https://cam.start.canon/zh/C017/manual/html/UG-04_AF-Drive_0060.html","UG-04_AF-Drive_0060.html / Zone","区域","対象言語の該当撮影機能本文を照合。canon-exactは同じ用語表記の一致、canon-adaptedは機能の意味に基づく作成表現。VRCLens自体の公式訳ではない。"
"zh-Hans-CN","names","Avatar Priority","Avatar优先","review-required","","","","英語キーと既存訳の意味・表記を点検。対象言語の適切な外部出典は未確認。既存訳を維持し、公式訳とは扱わない。"
"zh-Hans-CN","names","Locked-on","锁定","canon-exact","https://cam.start.canon/zh/C017/manual/html/UG-04_AF-Drive_0090.html","UG-04_AF-Drive_0090.html / Locked-on","锁定","対象言語の該当撮影機能本文を照合。canon-exactは同じ用語表記の一致、canon-adaptedは機能の意味に基づく作成表現。VRCLens自体の公式訳ではない。"
"zh-Hans-CN","names","Standard","标准","canon-exact","https://cam.start.canon/zh/C017/manual/html/UG-03_Shooting-1_0110.html","UG-03_Shooting-1_0110.html / Standard","标准","対象言語の該当撮影機能本文を照合。canon-exactは同じ用語表記の一致、canon-adaptedは機能の意味に基づく作成表現。VRCLens自体の公式訳ではない。"
"zh-Hans-CN","names","Responsive","敏感","canon-exact","https://cam.start.canon/zh/C017/manual/html/UG-04_AF-Drive_0090.html","UG-04_AF-Drive_0090.html / Responsive","敏感","対象言語の該当撮影機能本文を照合。canon-exactは同じ用語表記の一致、canon-adaptedは機能の意味に基づく作成表現。VRCLens自体の公式訳ではない。 修正: 灵敏 → 敏感。"
"zh-Hans-CN","names","Custom","自定义功能","review-required","","","","英語キーと既存訳の意味・表記を点検。対象言語の適切な外部出典は未確認。既存訳を維持し、公式訳とは扱わない。"
"zh-Hans-CN","names","Far Clip Plane","远裁剪平面","function-reviewed","https://github.com/gummidot/VRCLens-Addons/blob/main/README_JP.md","Far Clip Plane / 機能説明・設定表","","作者の日本語機能説明と英語キーで機能の意味を照合。訳語自体の対象地域の用例は未確認のため未確定一覧に残す。"
"zh-Hans-CN","names","Smooth DoF Edges","平滑景深边缘","function-reviewed","https://github.com/gummidot/VRCLens-Addons/blob/main/README_JP.md","Smooth DoF Edges / 機能説明・設定表","","作者の日本語機能説明と英語キーで機能の意味を照合。訳語自体の対象地域の用例は未確認のため未確定一覧に残す。"
"zh-Hans-CN","names","Softness","柔化度","function-reviewed","https://github.com/gummidot/VRCLens-Addons/blob/main/README_JP.md","Softness / 機能説明・設定表","","作者の日本語機能説明と英語キーで機能の意味を照合。訳語自体の対象地域の用例は未確認のため未確定一覧に残す。"
"zh-Hans-CN","names","Smooth Rotate","平滑旋转","function-reviewed","https://github.com/gummidot/VRCLens-Addons/blob/main/README_JP.md","Smooth Rotate / 機能説明・設定表","","作者の日本語機能説明と英語キーで機能の意味を照合。訳語自体の対象地域の用例は未確認のため未確定一覧に残す。"
"zh-Hans-CN","names","Anamorphic Bokeh","变形宽银幕散景","function-reviewed","https://github.com/gummidot/VRCLens-Addons/blob/main/README_JP.md","Anamorphic Bokeh / 機能説明・設定表","","作者の日本語機能説明と英語キーで機能の意味を照合。訳語自体の対象地域の用例は未確認のため未確定一覧に残す。"
"zh-Hans-CN","names","Chromatic Aberration","色差","canon-exact","https://cam.start.canon/zh/C017/manual/html/UG-03_Shooting-1_0220.html","UG-03_Shooting-1_0220.html / Chromatic Aberration","色差","対象言語の該当撮影機能本文を照合。canon-exactは同じ用語表記の一致、canon-adaptedは機能の意味に基づく作成表現。VRCLens自体の公式訳ではない。"
"zh-Hans-CN","names","Enabled","启用","function-reviewed","https://github.com/gummidot/VRCLens-Addons/blob/main/README_JP.md","Enabled / 機能説明・設定表","","作者の日本語機能説明と英語キーで機能の意味を照合。訳語自体の対象地域の用例は未確認のため未確定一覧に残す。"
"zh-Hans-CN","names","Transverse CA","倍率色差","function-reviewed","https://github.com/gummidot/VRCLens-Addons/blob/main/README_JP.md","Transverse CA / 機能説明・設定表","","作者の日本語機能説明と英語キーで機能の意味を照合。訳語自体の対象地域の用例は未確認のため未確定一覧に残す。"
"zh-Hans-CN","names","Axial CA","轴向色差","function-reviewed","https://github.com/gummidot/VRCLens-Addons/blob/main/README_JP.md","Axial CA / 機能説明・設定表","","作者の日本語機能説明と英語キーで機能の意味を照合。訳語自体の対象地域の用例は未確認のため未確定一覧に残す。"
"zh-Hans-CN","names","Axial Focus-Aware","轴向对焦联动","function-reviewed","https://github.com/gummidot/VRCLens-Addons/blob/main/README_JP.md","Axial Focus-Aware / 機能説明・設定表","","作者の日本語機能説明と英語キーで機能の意味を照合。訳語自体の対象地域の用例は未確認のため未確定一覧に残す。"
"zh-Hans-CN","names","Magenta-Green","洋红/绿色","function-reviewed","https://github.com/gummidot/VRCLens-Addons/blob/main/README_JP.md","Magenta-Green / 機能説明・設定表","","作者の日本語機能説明と英語キーで機能の意味を照合。訳語自体の対象地域の用例は未確認のため未確定一覧に残す。"
"zh-Hans-CN","names","Color Grading","色彩分级","function-reviewed","https://github.com/gummidot/VRCLens-Addons/blob/main/README_JP.md","Color Grading / 機能説明・設定表","","作者の日本語機能説明と英語キーで機能の意味を照合。訳語自体の対象地域の用例は未確認のため未確定一覧に残す。"
"zh-Hans-CN","names","Saturation","饱和度","adobe-exact","https://helpx.adobe.com/cn/photoshop/using/color-adjustments.html","Saturation","饱和度","対象地域のAdobe画像編集資料の同じ色調・効果用語を照合。Canon表記とは区別する。"
"zh-Hans-CN","names","Vibrance","自然饱和度","adobe-exact","https://helpx.adobe.com/cn/photoshop/using/color-adjustments.html","Vibrance","自然饱和度","対象地域のAdobe画像編集資料の同じ色調・効果用語を照合。Canon表記とは区別する。"
"zh-Hans-CN","names","Contrast","对比度","adobe-exact","https://helpx.adobe.com/cn/photoshop/using/color-adjustments.html","Contrast","对比度","対象地域のAdobe画像編集資料の同じ色調・効果用語を照合。Canon表記とは区別する。"
"zh-Hans-CN","names","Shadows","阴影","adobe-exact","https://helpx.adobe.com/cn/photoshop/using/color-adjustments.html","Shadows","阴影","対象地域のAdobe画像編集資料の同じ色調・効果用語を照合。Canon表記とは区別する。"
"zh-Hans-CN","names","Midtones","中间调","adobe-exact","https://helpx.adobe.com/cn/photoshop/using/color-adjustments.html","Midtones","中间调","対象地域のAdobe画像編集資料の同じ色調・効果用語を照合。Canon表記とは区別する。"
"zh-Hans-CN","names","Highlights","高光","adobe-exact","https://helpx.adobe.com/cn/photoshop/using/color-adjustments.html","Highlights","高光","対象地域のAdobe画像編集資料の同じ色調・効果用語を照合。Canon表記とは区別する。"
"zh-Hans-CN","names","Brightness","亮度","adobe-exact","https://helpx.adobe.com/cn/photoshop/using/color-adjustments.html","Brightness","亮度","対象地域のAdobe画像編集資料の同じ色調・効果用語を照合。Canon表記とは区別する。"
"zh-Hans-CN","names","Temperature","色温","canon-exact","https://cam.start.canon/zh/C017/manual/html/UG-03_Shooting-1_0190.html","UG-03_Shooting-1_0190.html / Temperature","色温","対象言語の該当撮影機能本文を照合。canon-exactは同じ用語表記の一致、canon-adaptedは機能の意味に基づく作成表現。VRCLens自体の公式訳ではない。"
"zh-Hans-CN","names","Red","红","review-required","","","","英語キーと既存訳の意味・表記を点検。対象言語の適切な外部出典は未確認。既存訳を維持し、公式訳とは扱わない。"
"zh-Hans-CN","names","Green","绿","function-reviewed","https://github.com/gummidot/VRCLens-Addons/blob/main/README_JP.md","Green / 機能説明・設定表","","作者の日本語機能説明と英語キーで機能の意味を照合。訳語自体の対象地域の用例は未確認のため未確定一覧に残す。"
"zh-Hans-CN","names","Blue","蓝","function-reviewed","https://github.com/gummidot/VRCLens-Addons/blob/main/README_JP.md","Blue / 機能説明・設定表","","作者の日本語機能説明と英語キーで機能の意味を照合。訳語自体の対象地域の用例は未確認のため未確定一覧に残す。"
"zh-Hans-CN","names","Depth Fog","深度雾效","function-reviewed","https://github.com/gummidot/VRCLens-Addons/blob/main/README_JP.md","Depth Fog / 機能説明・設定表","","作者の日本語機能説明と英語キーで機能の意味を照合。訳語自体の対象地域の用例は未確認のため未確定一覧に残す。"
"zh-Hans-CN","names","Density","密度","function-reviewed","https://github.com/gummidot/VRCLens-Addons/blob/main/README_JP.md","Density / 機能説明・設定表","","作者の日本語機能説明と英語キーで機能の意味を照合。訳語自体の対象地域の用例は未確認のため未確定一覧に残す。"
"zh-Hans-CN","names","Start Distance","起始距离","function-reviewed","https://github.com/gummidot/VRCLens-Addons/blob/main/README_JP.md","Start Distance / 機能説明・設定表","","作者の日本語機能説明と英語キーで機能の意味を照合。訳語自体の対象地域の用例は未確認のため未確定一覧に残す。"
"zh-Hans-CN","names","Color R","红","function-reviewed","https://github.com/gummidot/VRCLens-Addons/blob/main/README_JP.md","Color R / 機能説明・設定表","","作者の日本語機能説明と英語キーで機能の意味を照合。訳語自体の対象地域の用例は未確認のため未確定一覧に残す。"
"zh-Hans-CN","names","Color G","绿","function-reviewed","https://github.com/gummidot/VRCLens-Addons/blob/main/README_JP.md","Color G / 機能説明・設定表","","作者の日本語機能説明と英語キーで機能の意味を照合。訳語自体の対象地域の用例は未確認のため未確定一覧に残す。"
"zh-Hans-CN","names","Color B","蓝","review-required","","","","英語キーと既存訳の意味・表記を点検。対象言語の適切な外部出典は未確認。既存訳を維持し、公式訳とは扱わない。"
"zh-Hans-CN","names","Film Grain","胶片颗粒","function-reviewed","https://github.com/gummidot/VRCLens-Addons/blob/main/README_JP.md","Film Grain / 機能説明・設定表","","作者の日本語機能説明と英語キーで機能の意味を照合。訳語自体の対象地域の用例は未確認のため未確定一覧に残す。"
"zh-Hans-CN","names","Intensity","强度","function-reviewed","https://github.com/gummidot/VRCLens-Addons/blob/main/README_JP.md","Intensity / 機能説明・設定表","","作者の日本語機能説明と英語キーで機能の意味を照合。訳語自体の対象地域の用例は未確認のため未確定一覧に残す。"
"zh-Hans-CN","names","Size","大小","function-reviewed","https://github.com/gummidot/VRCLens-Addons/blob/main/README_JP.md","Size / 機能説明・設定表","","作者の日本語機能説明と英語キーで機能の意味を照合。訳語自体の対象地域の用例は未確認のため未確定一覧に残す。"
"zh-Hans-CN","names","Speed","速度","function-reviewed","https://github.com/gummidot/VRCLens-Addons/blob/main/README_JP.md","Speed / 機能説明・設定表","","作者の日本語機能説明と英語キーで機能の意味を照合。訳語自体の対象地域の用例は未確認のため未確定一覧に残す。"
"zh-Hans-CN","names","Fisheye Lens","鱼眼镜头","function-reviewed","https://github.com/gummidot/VRCLens-Addons/blob/main/README_JP.md","Fisheye Lens / 機能説明・設定表","","作者の日本語機能説明と英語キーで機能の意味を照合。訳語自体の対象地域の用例は未確認のため未確定一覧に残す。"
"zh-Hans-CN","names","Strength","强度","function-reviewed","https://github.com/gummidot/VRCLens-Addons/blob/main/README_JP.md","Strength / 機能説明・設定表","","作者の日本語機能説明と英語キーで機能の意味を照合。訳語自体の対象地域の用例は未確認のため未確定一覧に残す。"
"zh-Hans-CN","names","Roundness","圆度","function-reviewed","https://github.com/gummidot/VRCLens-Addons/blob/main/README_JP.md","Roundness / 機能説明・設定表","","作者の日本語機能説明と英語キーで機能の意味を照合。訳語自体の対象地域の用例は未確認のため未確定一覧に残す。"
"zh-Hans-CN","names","Lens Size","镜头尺寸","function-reviewed","https://github.com/gummidot/VRCLens-Addons/blob/main/README_JP.md","Lens Size / 機能説明・設定表","","作者の日本語機能説明と英語キーで機能の意味を照合。訳語自体の対象地域の用例は未確認のため未確定一覧に残す。"
"zh-Hans-CN","names","Edge Softness","边缘柔化","function-reviewed","https://github.com/gummidot/VRCLens-Addons/blob/main/README_JP.md","Edge Softness / 機能説明・設定表","","作者の日本語機能説明と英語キーで機能の意味を照合。訳語自体の対象地域の用例は未確認のため未確定一覧に残す。"
"zh-Hans-CN","names","Reverse Fisheye","反向鱼眼","function-reviewed","https://github.com/gummidot/VRCLens-Addons/blob/main/README_JP.md","Reverse Fisheye / 機能説明・設定表","","作者の日本語機能説明と英語キーで機能の意味を照合。訳語自体の対象地域の用例は未確認のため未確定一覧に残す。"
"zh-Hans-CN","names","Center","中心","function-reviewed","https://github.com/gummidot/VRCLens-Addons/blob/main/README_JP.md","Center / 機能説明・設定表","","作者の日本語機能説明と英語キーで機能の意味を照合。訳語自体の対象地域の用例は未確認のため未確定一覧に残す。"
"zh-Hans-CN","names","X","水平位置","function-reviewed","https://github.com/gummidot/VRCLens-Addons/blob/main/README_JP.md","X / 機能説明・設定表","","作者の日本語機能説明と英語キーで機能の意味を照合。訳語自体の対象地域の用例は未確認のため未確定一覧に残す。"
"zh-Hans-CN","names","Y","垂直位置","function-reviewed","https://github.com/gummidot/VRCLens-Addons/blob/main/README_JP.md","Y / 機能説明・設定表","","作者の日本語機能説明と英語キーで機能の意味を照合。訳語自体の対象地域の用例は未確認のため未確定一覧に残す。"
"zh-Hans-CN","names","Letterbox","宽银幕遮幅","function-reviewed","https://github.com/gummidot/VRCLens-Addons/blob/main/README_JP.md","Letterbox / 機能説明・設定表","","作者の日本語機能説明と英語キーで機能の意味を照合。訳語自体の対象地域の用例は未確認のため未確定一覧に残す。"
"zh-Hans-CN","names","2.39:1 Cinemascope","2.39:1 电影宽银幕","function-reviewed","https://github.com/gummidot/VRCLens-Addons/blob/main/README_JP.md","Letterbox / 機能説明・設定表","","作者の日本語機能説明と英語キーで機能の意味を照合。訳語自体の対象地域の用例は未確認のため未確定一覧に残す。"
"zh-Hans-CN","names","2.35:1 Anamorphic","2.35:1 变形宽银幕","function-reviewed","https://github.com/gummidot/VRCLens-Addons/blob/main/README_JP.md","Letterbox / 機能説明・設定表","","作者の日本語機能説明と英語キーで機能の意味を照合。訳語自体の対象地域の用例は未確認のため未確定一覧に残す。"
"zh-Hans-CN","names","2.00:1 Univisium","2.00:1 Univisium","function-reviewed","https://github.com/gummidot/VRCLens-Addons/blob/main/README_JP.md","Letterbox / 機能説明・設定表","","作者の日本語機能説明と英語キーで機能の意味を照合。訳語自体の対象地域の用例は未確認のため未確定一覧に残す。"
"zh-Hans-CN","names","1.85:1 Theatrical","1.85:1 影院","function-reviewed","https://github.com/gummidot/VRCLens-Addons/blob/main/README_JP.md","Letterbox / 機能説明・設定表","","作者の日本語機能説明と英語キーで機能の意味を照合。訳語自体の対象地域の用例は未確認のため未確定一覧に残す。"
"zh-Hans-CN","names","16:9 Widescreen","16:9 宽屏","function-reviewed","https://github.com/gummidot/VRCLens-Addons/blob/main/README_JP.md","Letterbox / 機能説明・設定表","","作者の日本語機能説明と英語キーで機能の意味を照合。訳語自体の対象地域の用例は未確認のため未確定一覧に残す。"
"zh-Hans-CN","names","3:2 DSLR","3:2 DSLR","function-reviewed","https://github.com/gummidot/VRCLens-Addons/blob/main/README_JP.md","Letterbox / 機能説明・設定表","","作者の日本語機能説明と英語キーで機能の意味を照合。訳語自体の対象地域の用例は未確認のため未確定一覧に残す。"
"zh-Hans-CN","names","4:3 Classic","4:3 经典","function-reviewed","https://github.com/gummidot/VRCLens-Addons/blob/main/README_JP.md","Letterbox / 機能説明・設定表","","作者の日本語機能説明と英語キーで機能の意味を照合。訳語自体の対象地域の用例は未確認のため未確定一覧に残す。"
"zh-Hans-CN","names","1:1 Square","1:1 方形","function-reviewed","https://github.com/gummidot/VRCLens-Addons/blob/main/README_JP.md","Letterbox / 機能説明・設定表","","作者の日本語機能説明と英語キーで機能の意味を照合。訳語自体の対象地域の用例は未確認のため未確定一覧に残す。"
"zh-Hans-CN","names","4:5 Portrait","4:5 竖向","function-reviewed","https://github.com/gummidot/VRCLens-Addons/blob/main/README_JP.md","Letterbox / 機能説明・設定表","","作者の日本語機能説明と英語キーで機能の意味を照合。訳語自体の対象地域の用例は未確認のため未確定一覧に残す。"
"zh-Hans-CN","names","9:16 Vertical","9:16 竖向","function-reviewed","https://github.com/gummidot/VRCLens-Addons/blob/main/README_JP.md","Letterbox / 機能説明・設定表","","作者の日本語機能説明と英語キーで機能の意味を照合。訳語自体の対象地域の用例は未確認のため未確定一覧に残す。"
"zh-Hans-CN","names","Pixelation","像素化","function-reviewed","https://github.com/gummidot/VRCLens-Addons/blob/main/README_JP.md","Pixelation / 機能説明・設定表","","作者の日本語機能説明と英語キーで機能の意味を照合。訳語自体の対象地域の用例は未確認のため未確定一覧に残す。"
"zh-Hans-CN","names","Block Size","像素块大小","function-reviewed","https://github.com/gummidot/VRCLens-Addons/blob/main/README_JP.md","Block Size / 機能説明・設定表","","作者の日本語機能説明と英語キーで機能の意味を照合。訳語自体の対象地域の用例は未確認のため未確定一覧に残す。"
"zh-Hans-CN","names","Dither","抖色","function-reviewed","https://github.com/gummidot/VRCLens-Addons/blob/main/README_JP.md","Dither / 機能説明・設定表","","作者の日本語機能説明と英語キーで機能の意味を照合。訳語自体の対象地域の用例は未確認のため未確定一覧に残す。"
"zh-Hans-CN","names","Posterize","色调分离","adobe-exact","https://helpx.adobe.com/cn/photoshop/using/filter-effects-reference.html","Posterize","色调分离","対象地域のAdobe画像編集資料の同じ色調・効果用語を照合。Canon表記とは区別する。"
"zh-Hans-CN","names","Aspect Ratio","长宽比","function-reviewed","https://github.com/gummidot/VRCLens-Addons/blob/main/README_JP.md","Aspect Ratio / 機能説明・設定表","","作者の日本語機能説明と英語キーで機能の意味を照合。訳語自体の対象地域の用例は未確認のため未確定一覧に残す。"
"zh-Hans-CN","names","Tilt-Shift","移轴","function-reviewed","https://github.com/gummidot/VRCLens-Addons/blob/main/README_JP.md","Tilt-Shift / 機能説明・設定表","","作者の日本語機能説明と英語キーで機能の意味を照合。訳語自体の対象地域の用例は未確認のため未確定一覧に残す。"
"zh-Hans-CN","names","Depth Mode","深度模式","function-reviewed","https://github.com/gummidot/VRCLens-Addons/blob/main/README_JP.md","Depth Mode / 機能説明・設定表","","作者の日本語機能説明と英語キーで機能の意味を照合。訳語自体の対象地域の用例は未確認のため未確定一覧に残す。"
"zh-Hans-CN","names","Blur","模糊","function-reviewed","https://github.com/gummidot/VRCLens-Addons/blob/main/README_JP.md","Blur / 機能説明・設定表","","作者の日本語機能説明と英語キーで機能の意味を照合。訳語自体の対象地域の用例は未確認のため未確定一覧に残す。"
"zh-Hans-CN","names","Position","位置","function-reviewed","https://github.com/gummidot/VRCLens-Addons/blob/main/README_JP.md","Position / 機能説明・設定表","","作者の日本語機能説明と英語キーで機能の意味を照合。訳語自体の対象地域の用例は未確認のため未確定一覧に残す。"
"zh-Hans-CN","names","Width","宽度","function-reviewed","https://github.com/gummidot/VRCLens-Addons/blob/main/README_JP.md","Width / 機能説明・設定表","","作者の日本語機能説明と英語キーで機能の意味を照合。訳語自体の対象地域の用例は未確認のため未確定一覧に残す。"
"zh-Hans-CN","names","Angle","角度","function-reviewed","https://github.com/gummidot/VRCLens-Addons/blob/main/README_JP.md","Angle / 機能説明・設定表","","作者の日本語機能説明と英語キーで機能の意味を照合。訳語自体の対象地域の用例は未確認のため未確定一覧に残す。"
"zh-Hans-CN","names","Vignette","暗角","function-reviewed","https://github.com/gummidot/VRCLens-Addons/blob/main/README_JP.md","Vignette / 機能説明・設定表","","作者の日本語機能説明と英語キーで機能の意味を照合。訳語自体の対象地域の用例は未確認のため未確定一覧に残す。"
"zh-Hans-CN","names","Radius","半径","function-reviewed","https://github.com/gummidot/VRCLens-Addons/blob/main/README_JP.md","Radius / 機能説明・設定表","","作者の日本語機能説明と英語キーで機能の意味を照合。訳語自体の対象地域の用例は未確認のため未確定一覧に残す。"
"zh-Hans-CN","names","Zoom Blur","变焦模糊","function-reviewed","https://github.com/gummidot/VRCLens-Addons/blob/main/README_JP.md","Zoom Blur / 機能説明・設定表","","作者の日本語機能説明と英語キーで機能の意味を照合。訳語自体の対象地域の用例は未確認のため未確定一覧に残す。"
"zh-Hans-CN","names","Center X","中心・水平","function-reviewed","https://github.com/gummidot/VRCLens-Addons/blob/main/README_JP.md","Center X / 機能説明・設定表","","作者の日本語機能説明と英語キーで機能の意味を照合。訳語自体の対象地域の用例は未確認のため未確定一覧に残す。"
"zh-Hans-CN","names","Center Y","中心・垂直","function-reviewed","https://github.com/gummidot/VRCLens-Addons/blob/main/README_JP.md","Center Y / 機能説明・設定表","","作者の日本語機能説明と英語キーで機能の意味を照合。訳語自体の対象地域の用例は未確認のため未確定一覧に残す。"
"zh-Hans-CN","names","Focus Zone","对焦区域","function-reviewed","https://github.com/gummidot/VRCLens-Addons/blob/main/README_JP.md","Focus Zone / 機能説明・設定表","","作者の日本語機能説明と英語キーで機能の意味を照合。訳語自体の対象地域の用例は未確認のため未確定一覧に残す。"
"zh-Hans-CN","names","Spread","扩散范围","function-reviewed","https://github.com/gummidot/VRCLens-Addons/blob/main/README_JP.md","Spread / 機能説明・設定表","","作者の日本語機能説明と英語キーで機能の意味を照合。訳語自体の対象地域の用例は未確認のため未確定一覧に残す。"
"zh-Hans-CN","names","Focus Distance","对焦距离","function-reviewed","https://github.com/gummidot/VRCLens-Addons/blob/main/README_JP.md","Focus Distance / 機能説明・設定表","","作者の日本語機能説明と英語キーで機能の意味を照合。訳語自体の対象地域の用例は未確認のため未確定一覧に残す。"
"zh-Hans-CN","names","Manual Focus Assist","手动对焦辅助","function-reviewed","https://github.com/gummidot/VRCLens-Addons/blob/main/README_JP.md","Manual Focus Assist / 機能説明・設定表","","作者の日本語機能説明と英語キーで機能の意味を照合。訳語自体の対象地域の用例は未確認のため未確定一覧に残す。"
"zh-Hans-CN","names","Zone Size","区域大小","function-reviewed","https://github.com/gummidot/VRCLens-Addons/blob/main/README_JP.md","Zone Size / 機能説明・設定表","","作者の日本語機能説明と英語キーで機能の意味を照合。訳語自体の対象地域の用例は未確認のため未確定一覧に残す。"
"zh-Hans-CN","names","Zone Softness","区域柔化","function-reviewed","https://github.com/gummidot/VRCLens-Addons/blob/main/README_JP.md","Zone Softness / 機能説明・設定表","","作者の日本語機能説明と英語キーで機能の意味を照合。訳語自体の対象地域の用例は未確認のため未確定一覧に残す。"
"zh-Hans-CN","names","Edge Feather","边缘羽化","function-reviewed","https://github.com/gummidot/VRCLens-Addons/blob/main/README_JP.md","Edge Feather / 機能説明・設定表","","作者の日本語機能説明と英語キーで機能の意味を照合。訳語自体の対象地域の用例は未確認のため未確定一覧に残す。"
"zh-Hans-CN","names","Peaking","峰值","canon-exact","https://cam.start.canon/zh/C017/manual/html/UG-04_AF-Drive_0070.html","UG-04_AF-Drive_0070.html / Peaking","峰值","対象言語の該当撮影機能本文を照合。canon-exactは同じ用語表記の一致、canon-adaptedは機能の意味に基づく作成表現。VRCLens自体の公式訳ではない。"
"zh-Hans-CN","names","Max Blur Size","最大模糊大小","function-reviewed","https://github.com/gummidot/VRCLens-Addons/blob/main/README_JP.md","Max Blur Size / 機能説明・設定表","","作者の日本語機能説明と英語キーで機能の意味を照合。訳語自体の対象地域の用例は未確認のため未確定一覧に残す。"
"zh-Hans-CN","names","Player Visibility","玩家可见性","function-reviewed","https://github.com/gummidot/VRCLens-Addons/blob/main/README_JP.md","Player Visibility / 機能説明・設定表","","作者の日本語機能説明と英語キーで機能の意味を照合。訳語自体の対象地域の用例は未確認のため未確定一覧に残す。"
"zh-Hans-CN","names","Hide Remote Players","隐藏其他玩家","function-reviewed","https://github.com/gummidot/VRCLens-Addons/blob/main/README_JP.md","Hide Remote Players / 機能説明・設定表","","作者の日本語機能説明と英語キーで機能の意味を照合。訳語自体の対象地域の用例は未確認のため未確定一覧に残す。"
"zh-Hans-CN","names","Hide Self","隐藏自己","function-reviewed","https://github.com/gummidot/VRCLens-Addons/blob/main/README_JP.md","Hide Self / 機能説明・設定表","","作者の日本語機能説明と英語キーで機能の意味を照合。訳語自体の対象地域の用例は未確認のため未確定一覧に残す。"
"zh-Hans-CN","names","Avatar Offset","Avatar偏移","function-reviewed","https://github.com/gummidot/VRCLens-Addons/blob/main/README_JP.md","Avatar Offset / 機能説明・設定表","","作者の日本語機能説明と英語キーで機能の意味を照合。訳語自体の対象地域の用例は未確認のため未確定一覧に残す。"
"zh-Hans-CN","names","Rotate With Avatar","跟随Avatar旋转","function-reviewed","https://github.com/gummidot/VRCLens-Addons/blob/main/README_JP.md","Rotate With Avatar / 機能説明・設定表","","作者の日本語機能説明と英語キーで機能の意味を照合。訳語自体の対象地域の用例は未確認のため未確定一覧に残す。"
"zh-Hans-CN","names","Drop (Reset to Hand)","返回手中","function-reviewed","https://github.com/gummidot/VRCLens-Addons/blob/main/README_JP.md","Drop (Reset to Hand) / 機能説明・設定表","","作者の日本語機能説明と英語キーで機能の意味を照合。訳語自体の対象地域の用例は未確認のため未確定一覧に残す。"
"zh-Hans-CN","names","Move Drone Vertical","垂直移动无人机","function-reviewed","https://github.com/gummidot/VRCLens-Addons/blob/main/README_JP.md","Move Drone Vertical / 機能説明・設定表","","作者の日本語機能説明と英語キーで機能の意味を照合。訳語自体の対象地域の用例は未確認のため未確定一覧に残す。"
"zh-Hans-CN","names","Camera Pins & Dolly","相机机位与轨道移动","function-reviewed","https://github.com/gummidot/VRCLens-Addons/blob/main/README_JP.md","Camera Pins & Dolly / 機能説明・設定表","","作者の日本語機能説明と英語キーで機能の意味を照合。訳語自体の対象地域の用例は未確認のため未確定一覧に残す。"
"zh-Hans-CN","names","Teleport","传送","function-reviewed","https://github.com/gummidot/VRCLens-Addons/blob/main/README_JP.md","Teleport / 機能説明・設定表","","作者の日本語機能説明と英語キーで機能の意味を照合。訳語自体の対象地域の用例は未確認のため未確定一覧に残す。"
"zh-Hans-CN","names","Dolly","轨道移动","function-reviewed","https://github.com/gummidot/VRCLens-Addons/blob/main/README_JP.md","Dolly / 機能説明・設定表","","作者の日本語機能説明と英語キーで機能の意味を照合。訳語自体の対象地域の用例は未確認のため未確定一覧に残す。"
"zh-Hans-CN","names","Reset to Hand","返回手中","function-reviewed","https://github.com/gummidot/VRCLens-Addons/blob/main/README_JP.md","Reset to Hand / 機能説明・設定表","","作者の日本語機能説明と英語キーで機能の意味を照合。訳語自体の対象地域の用例は未確認のため未確定一覧に残す。"
"zh-Hans-CN","names","Show Pins","显示机位","function-reviewed","https://github.com/gummidot/VRCLens-Addons/blob/main/README_JP.md","Show Pins / 機能説明・設定表","","作者の日本語機能説明と英語キーで機能の意味を照合。訳語自体の対象地域の用例は未確認のため未確定一覧に残す。"
"zh-Hans-CN","names","Show Path","显示路径","function-reviewed","https://github.com/gummidot/VRCLens-Addons/blob/main/README_JP.md","Show Path / 機能説明・設定表","","作者の日本語機能説明と英語キーで機能の意味を照合。訳語自体の対象地域の用例は未確認のため未確定一覧に残す。"
"zh-Hans-CN","names","Show Numbers","显示编号","function-reviewed","https://github.com/gummidot/VRCLens-Addons/blob/main/README_JP.md","Show Numbers / 機能説明・設定表","","作者の日本語機能説明と英語キーで機能の意味を照合。訳語自体の対象地域の用例は未確認のため未確定一覧に残す。"
"zh-Hans-CN","names","Play","播放","function-reviewed","https://github.com/gummidot/VRCLens-Addons/blob/main/README_JP.md","Play / 機能説明・設定表","","作者の日本語機能説明と英語キーで機能の意味を照合。訳語自体の対象地域の用例は未確認のため未確定一覧に残す。"
"zh-Hans-CN","names","Stop","停止","function-reviewed","https://github.com/gummidot/VRCLens-Addons/blob/main/README_JP.md","Stop / 機能説明・設定表","","作者の日本語機能説明と英語キーで機能の意味を照合。訳語自体の対象地域の用例は未確認のため未確定一覧に残す。"
"zh-Hans-CN","names","Playback","播放位置","function-reviewed","https://github.com/gummidot/VRCLens-Addons/blob/main/README_JP.md","Playback / 機能説明・設定表","","作者の日本語機能説明と英語キーで機能の意味を照合。訳語自体の対象地域の用例は未確認のため未確定一覧に残す。"
"zh-Hans-CN","names","Move","移动","function-reviewed","https://github.com/gummidot/VRCLens-Addons/blob/main/README_JP.md","Move / 機能説明・設定表","","作者の日本語機能説明と英語キーで機能の意味を照合。訳語自体の対象地域の用例は未確認のため未確定一覧に残す。"
"zh-Hans-CN","names","Go To Pin","前往机位","function-reviewed","https://github.com/gummidot/VRCLens-Addons/blob/main/README_JP.md","Go To Pin / 機能説明・設定表","","作者の日本語機能説明と英語キーで機能の意味を照合。訳語自体の対象地域の用例は未確認のため未確定一覧に残す。"
"zh-Hans-CN","names","Duration","持续时间","function-reviewed","https://github.com/gummidot/VRCLens-Addons/blob/main/README_JP.md","Duration / 機能説明・設定表","","作者の日本語機能説明と英語キーで機能の意味を照合。訳語自体の対象地域の用例は未確認のため未確定一覧に残す。"
"zh-Hans-CN","names","Loop","循环","function-reviewed","https://github.com/gummidot/VRCLens-Addons/blob/main/README_JP.md","Loop / 機能説明・設定表","","作者の日本語機能説明と英語キーで機能の意味を照合。訳語自体の対象地域の用例は未確認のため未確定一覧に残す。"
"zh-Hans-CN","names","Delay","延迟","function-reviewed","https://github.com/gummidot/VRCLens-Addons/blob/main/README_JP.md","Delay / 機能説明・設定表","","作者の日本語機能説明と英語キーで機能の意味を照合。訳語自体の対象地域の用例は未確認のため未確定一覧に残す。"
"zh-Hans-CN","names","Path","路径","function-reviewed","https://github.com/gummidot/VRCLens-Addons/blob/main/README_JP.md","Path / 機能説明・設定表","","作者の日本語機能説明と英語キーで機能の意味を照合。訳語自体の対象地域の用例は未確認のため未確定一覧に残す。"
"zh-Hans-CN","names","Hand Rotate (Pins)","手动旋转（机位）","function-reviewed","https://github.com/gummidot/VRCLens-Addons/blob/main/README_JP.md","Hand Rotate (Pins) / 機能説明・設定表","","作者の日本語機能説明と英語キーで機能の意味を照合。訳語自体の対象地域の用例は未確認のため未確定一覧に残す。"
"zh-Hans-CN","names","Hand Offset","手部偏移","function-reviewed","https://github.com/gummidot/VRCLens-Addons/blob/main/README_JP.md","Hand Offset / 機能説明・設定表","","作者の日本語機能説明と英語キーで機能の意味を照合。訳語自体の対象地域の用例は未確認のため未確定一覧に残す。"
"zh-Hans-CN","names","Drop Next","放置下一机位","function-reviewed","https://github.com/gummidot/VRCLens-Addons/blob/main/README_JP.md","Drop Next / 機能説明・設定表","","作者の日本語機能説明と英語キーで機能の意味を照合。訳語自体の対象地域の用例は未確認のため未確定一覧に残す。"
"zh-Hans-CN","names","Clear All (Hold)","清除全部（长按）","function-reviewed","https://github.com/gummidot/VRCLens-Addons/blob/main/README_JP.md","Camera Pins & Dolly / 機能説明・設定表","","作者の日本語機能説明と英語キーで機能の意味を照合。訳語自体の対象地域の用例は未確認のため未確定一覧に残す。"
"zh-Hans-CN","names","Full","全方向","function-reviewed","https://github.com/gummidot/VRCLens-Addons/blob/main/README_JP.md","Full / 機能説明・設定表","","作者の日本語機能説明と英語キーで機能の意味を照合。訳語自体の対象地域の用例は未確認のため未確定一覧に残す。"
"zh-Hans-CN","names","Vertical","仅垂直","function-reviewed","https://github.com/gummidot/VRCLens-Addons/blob/main/README_JP.md","Vertical / 機能説明・設定表","","作者の日本語機能説明と英語キーで機能の意味を照合。訳語自体の対象地域の用例は未確認のため未確定一覧に残す。"
"zh-Hans-CN","names","Teleport Next","传送到下一机位","function-reviewed","https://github.com/gummidot/VRCLens-Addons/blob/main/README_JP.md","Teleport Next / 機能説明・設定表","","作者の日本語機能説明と英語キーで機能の意味を照合。訳語自体の対象地域の用例は未確認のため未確定一覧に残す。"
"zh-Hans-CN","names","Reverse","往返","function-reviewed","https://github.com/gummidot/VRCLens-Addons/blob/main/README_JP.md","Reverse / 機能説明・設定表","","作者の日本語機能説明と英語キーで機能の意味を照合。訳語自体の対象地域の用例は未確認のため未確定一覧に残す。"
"zh-Hans-CN","names","Linear","线性","function-reviewed","https://github.com/gummidot/VRCLens-Addons/blob/main/README_JP.md","Linear / 機能説明・設定表","","作者の日本語機能説明と英語キーで機能の意味を照合。訳語自体の対象地域の用例は未確認のため未確定一覧に残す。"
"zh-Hans-CN","names","Smooth","平滑","function-reviewed","https://github.com/gummidot/VRCLens-Addons/blob/main/README_JP.md","Smooth / 機能説明・設定表","","作者の日本語機能説明と英語キーで機能の意味を照合。訳語自体の対象地域の用例は未確認のため未確定一覧に残す。"
"zh-Hans-CN","names","Fitted","拟合曲线","function-reviewed","https://github.com/gummidot/VRCLens-Addons/blob/main/README_JP.md","Fitted / 機能説明・設定表","","作者の日本語機能説明と英語キーで機能の意味を照合。訳語自体の対象地域の用例は未確認のため未確定一覧に残す。"
"zh-Hans-CN","names","Preset Saver","预设保存","function-reviewed","https://github.com/gummidot/VRCLens-Addons/blob/main/README_JP.md","Preset Saver / 機能説明・設定表","","作者の日本語機能説明と英語キーで機能の意味を照合。訳語自体の対象地域の用例は未確認のため未確定一覧に残す。"
"zh-Hans-CN","names","Save","保存","function-reviewed","https://github.com/gummidot/VRCLens-Addons/blob/main/README_JP.md","Save / 機能説明・設定表","","作者の日本語機能説明と英語キーで機能の意味を照合。訳語自体の対象地域の用例は未確認のため未確定一覧に残す。"
"zh-Hans-CN","names","Load","加载","function-reviewed","https://github.com/gummidot/VRCLens-Addons/blob/main/README_JP.md","Load / 機能説明・設定表","","作者の日本語機能説明と英語キーで機能の意味を照合。訳語自体の対象地域の用例は未確認のため未確定一覧に残す。"
"zh-Hans-CN","names","Load Defaults","恢复默认设置","function-reviewed","https://github.com/gummidot/VRCLens-Addons/blob/main/README_JP.md","Load Defaults / 機能説明・設定表","","作者の日本語機能説明と英語キーで機能の意味を照合。訳語自体の対象地域の用例は未確認のため未確定一覧に残す。"
"zh-Hans-CN","names","Favorites","收藏","function-reviewed","https://github.com/gummidot/VRCLens-Addons/blob/main/README_JP.md","Favorites / 機能説明・設定表","","作者の日本語機能説明と英語キーで機能の意味を照合。訳語自体の対象地域の用例は未確認のため未確定一覧に残す。"
"zh-Hans-CN","directions","TOP","上","review-required","","","","英語キーと既存訳の意味・表記を点検。対象言語の適切な外部出典は未確認。既存訳を維持し、公式訳とは扱わない。"
"zh-Hans-CN","directions","UP","上","review-required","","","","英語キーと既存訳の意味・表記を点検。対象言語の適切な外部出典は未確認。既存訳を維持し、公式訳とは扱わない。"
"zh-Hans-CN","directions","RIGHT","右","review-required","","","","英語キーと既存訳の意味・表記を点検。対象言語の適切な外部出典は未確認。既存訳を維持し、公式訳とは扱わない。"
"zh-Hans-CN","directions","BOTTOM","下","review-required","","","","英語キーと既存訳の意味・表記を点検。対象言語の適切な外部出典は未確認。既存訳を維持し、公式訳とは扱わない。"
"zh-Hans-CN","directions","DOWN","下","review-required","","","","英語キーと既存訳の意味・表記を点検。対象言語の適切な外部出典は未確認。既存訳を維持し、公式訳とは扱わない。"
"zh-Hans-CN","directions","LEFT","左","review-required","","","","英語キーと既存訳の意味・表記を点検。対象言語の適切な外部出典は未確認。既存訳を維持し、公式訳とは扱わない。"
"zh-Hans-CN","directions","FORWARD","前","review-required","","","","英語キーと既存訳の意味・表記を点検。対象言語の適切な外部出典は未確認。既存訳を維持し、公式訳とは扱わない。"
"zh-Hans-CN","directions","BACK","后","review-required","","","","英語キーと既存訳の意味・表記を点検。対象言語の適切な外部出典は未確認。既存訳を維持し、公式訳とは扱わない。"
"zh-Hans-CN","dynamic","Next","下一页","review-required","","","","英語キーと既存訳の意味・表記を点検。対象言語の適切な外部出典は未確認。既存訳を維持し、公式訳とは扱わない。"
"zh-Hans-CN","dynamic","CameraPin","机位{0}","function-reviewed","https://github.com/gummidot/VRCLens-Addons/blob/main/README_JP.md","Camera Pins & Dolly / 機能説明・設定表","","作者の日本語機能説明と英語キーで機能の意味を照合。訳語自体の対象地域の用例は未確認のため未確定一覧に残す。"
"zh-Hans-CN","dynamic","Seconds","{0}秒","function-reviewed","https://github.com/gummidot/VRCLens-Addons/blob/main/README_JP.md","Duration / 機能説明・設定表","","作者の日本語機能説明と英語キーで機能の意味を照合。訳語自体の対象地域の用例は未確認のため未確定一覧に残す。"
"zh-Hans-CN","dynamic","Minutes","{0}分钟","function-reviewed","https://github.com/gummidot/VRCLens-Addons/blob/main/README_JP.md","Duration / 機能説明・設定表","","作者の日本語機能説明と英語キーで機能の意味を照合。訳語自体の対象地域の用例は未確認のため未確定一覧に残す。"
"zh-Hans-CN","dynamic","WorldDrop","固定在世界","review-required","","","","英語キーと既存訳の意味・表記を点検。対象言語の適切な外部出典は未確認。既存訳を維持し、公式訳とは扱わない。"
"zh-Hans-CN","dynamic","CameraPinDrop","放置机位","function-reviewed","https://github.com/gummidot/VRCLens-Addons/blob/main/README_JP.md","Camera Pins & Dolly / 機能説明・設定表","","作者の日本語機能説明と英語キーで機能の意味を照合。訳語自体の対象地域の用例は未確認のため未確定一覧に残す。"
"zh-Hans-CN","dynamic","VignetteSoftness","边缘柔化","function-reviewed","https://github.com/gummidot/VRCLens-Addons/blob/main/README_JP.md","Vignette / 機能説明・設定表","","作者の日本語機能説明と英語キーで機能の意味を照合。訳語自体の対象地域の用例は未確認のため未確定一覧に残す。"
"zh-Hans-CN","dynamic","FisheyeCenterX","水平位置","function-reviewed","https://github.com/gummidot/VRCLens-Addons/blob/main/README_JP.md","Fisheye Lens / 機能説明・設定表","","作者の日本語機能説明と英語キーで機能の意味を照合。訳語自体の対象地域の用例は未確認のため未確定一覧に残す。"
"zh-Hans-CN","dynamic","FisheyeCenterY","垂直位置","function-reviewed","https://github.com/gummidot/VRCLens-Addons/blob/main/README_JP.md","Fisheye Lens / 機能説明・設定表","","作者の日本語機能説明と英語キーで機能の意味を照合。訳語自体の対象地域の用例は未確認のため未確定一覧に残す。"
"zh-Hans-CN","dynamic","ZoomInSpeed4","远摄端 速度4","review-required","","","","英語キーと既存訳の意味・表記を点検。対象言語の適切な外部出典は未確認。既存訳を維持し、公式訳とは扱わない。"
"zh-Hans-CN","dynamic","ZoomOutSpeed4","广角端 速度4","review-required","","","","英語キーと既存訳の意味・表記を点検。対象言語の適切な外部出典は未確認。既存訳を維持し、公式訳とは扱わない。"
"zh-Hans-CN","featureBlanks","100","广角端 速度1","review-required","","","","英語キーと既存訳の意味・表記を点検。対象言語の適切な外部出典は未確認。既存訳を維持し、公式訳とは扱わない。"
"zh-Hans-CN","featureBlanks","101","广角端 速度2","review-required","","","","英語キーと既存訳の意味・表記を点検。対象言語の適切な外部出典は未確認。既存訳を維持し、公式訳とは扱わない。"
"zh-Hans-CN","featureBlanks","102","广角端 速度3","review-required","","","","英語キーと既存訳の意味・表記を点検。対象言語の適切な外部出典は未確認。既存訳を維持し、公式訳とは扱わない。"
"zh-Hans-CN","featureBlanks","104","远摄端 速度1","review-required","","","","英語キーと既存訳の意味・表記を点検。対象言語の適切な外部出典は未確認。既存訳を維持し、公式訳とは扱わない。"
"zh-Hans-CN","featureBlanks","105","远摄端 速度2","review-required","","","","英語キーと既存訳の意味・表記を点検。対象言語の適切な外部出典は未確認。既存訳を維持し、公式訳とは扱わない。"
"zh-Hans-CN","featureBlanks","106","远摄端 速度3","review-required","","","","英語キーと既存訳の意味・表記を点検。対象言語の適切な外部出典は未確認。既存訳を維持し、公式訳とは扱わない。"
"zh-Hans-CN","featureBlanks","108","曝光补偿 -1/3级","review-required","","","","英語キーと既存訳の意味・表記を点検。対象言語の適切な外部出典は未確認。既存訳を維持し、公式訳とは扱わない。"
"zh-Hans-CN","featureBlanks","110","曝光补偿 +1/3级","review-required","","","","英語キーと既存訳の意味・表記を点検。対象言語の適切な外部出典は未確認。既存訳を維持し、公式訳とは扱わない。"
"zh-Hans-CN","featureBlanks","113","WB校正：蓝色方向","review-required","","","","英語キーと既存訳の意味・表記を点検。対象言語の適切な外部出典は未確認。既存訳を維持し、公式訳とは扱わない。"
"zh-Hans-CN","featureBlanks","114","WB校正：重置","review-required","","","","英語キーと既存訳の意味・表記を点検。対象言語の適切な外部出典は未確認。既存訳を維持し、公式訳とは扱わない。"
"zh-Hans-CN","featureBlanks","115","WB校正：琥珀色方向","review-required","","","","英語キーと既存訳の意味・表記を点検。対象言語の適切な外部出典は未確認。既存訳を維持し、公式訳とは扱わない。"
"zh-Hans-CN","featureBlanks","117","近端 中","review-required","","","","英語キーと既存訳の意味・表記を点検。対象言語の適切な外部出典は未確認。既存訳を維持し、公式訳とは扱わない。"
"zh-Hans-CN","featureBlanks","118","近端 小","review-required","","","","英語キーと既存訳の意味・表記を点検。対象言語の適切な外部出典は未確認。既存訳を維持し、公式訳とは扱わない。"
"zh-Hans-CN","featureBlanks","120","远端 小","review-required","","","","英語キーと既存訳の意味・表記を点検。対象言語の適切な外部出典は未確認。既存訳を維持し、公式訳とは扱わない。"
"zh-Hans-CN","featureBlanks","121","远端 中","review-required","","","","英語キーと既存訳の意味・表記を点検。対象言語の適切な外部出典は未確認。既存訳を維持し、公式訳とは扱わない。"
"zh-Hans-CN","featureBlanks","129","稍微向上看","review-required","","","","英語キーと既存訳の意味・表記を点検。対象言語の適切な外部出典は未確認。既存訳を維持し、公式訳とは扱わない。"
"zh-Hans-CN","featureBlanks","130","稍微向下看","review-required","","","","英語キーと既存訳の意味・表記を点検。対象言語の適切な外部出典は未確認。既存訳を維持し、公式訳とは扱わない。"
"zh-Hans-CN","sensorBlanks","0","35mm全画幅","review-required","","","","英語キーと既存訳の意味・表記を点検。対象言語の適切な外部出典は未確認。既存訳を維持し、公式訳とは扱わない。"
"zh-Hans-CN","sensorBlanks","1","APS-H","review-required","","","","英語キーと既存訳の意味・表記を点検。対象言語の適切な外部出典は未確認。既存訳を維持し、公式訳とは扱わない。"
"zh-Hans-CN","sensorBlanks","2","APS-C（1.5倍）","review-required","","","","英語キーと既存訳の意味・表記を点検。対象言語の適切な外部出典は未確認。既存訳を維持し、公式訳とは扱わない。"
"zh-Hans-CN","sensorBlanks","3","APS-C（1.6倍）","review-required","","","","英語キーと既存訳の意味・表記を点検。対象言語の適切な外部出典は未確認。既存訳を維持し、公式訳とは扱わない。"
"zh-Hans-CN","sensorBlanks","4","微型4/3","review-required","","","","英語キーと既存訳の意味・表記を点検。対象言語の適切な外部出典は未確認。既存訳を維持し、公式訳とは扱わない。"
"zh-Hans-CN","sensorBlanks","5","1.0英寸","review-required","","","","英語キーと既存訳の意味・表記を点検。対象言語の適切な外部出典は未確認。既存訳を維持し、公式訳とは扱わない。"
"zh-Hans-CN","tonemapBlanks","0","关闭","review-required","","","","英語キーと既存訳の意味・表記を点検。対象言語の適切な外部出典は未確認。既存訳を維持し、公式訳とは扱わない。"
"zh-Hans-CN","tonemapBlanks","1","电影感1","review-required","","","","英語キーと既存訳の意味・表記を点検。対象言語の適切な外部出典は未確認。既存訳を維持し、公式訳とは扱わない。"
"zh-Hans-CN","tonemapBlanks","2","电影感2","review-required","","","","英語キーと既存訳の意味・表記を点検。対象言語の適切な外部出典は未確認。既存訳を維持し、公式訳とは扱わない。"
"zh-Hans-CN","tonemapBlanks","3","HLG","review-required","","","","英語キーと既存訳の意味・表記を点検。対象言語の適切な外部出典は未確認。既存訳を維持し、公式訳とは扱わない。"
"zh-Hans-CN","tonemapBlanks","4","中性","review-required","","","","英語キーと既存訳の意味・表記を点検。対象言語の適切な外部出典は未確認。既存訳を維持し、公式訳とは扱わない。"
"zh-Hant-TW","names","Enable","啟用","review-required","","","","英語キーと既存訳の意味・表記を点検。対象言語の適切な外部出典は未確認。既存訳を維持し、公式訳とは扱わない。"
"zh-Hant-TW","names","Advanced","進階設定","review-required","","","","英語キーと既存訳の意味・表記を点検。対象言語の適切な外部出典は未確認。既存訳を維持し、公式訳とは扱わない。"
"zh-Hant-TW","names","Zoom","變焦","review-required","","","","英語キーと既存訳の意味・表記を点検。対象言語の適切な外部出典は未確認。既存訳を維持し、公式訳とは扱わない。"
"zh-Hant-TW","names","Drone","無人機","review-required","","","","英語キーと既存訳の意味・表記を点検。対象言語の適切な外部出典は未確認。既存訳を維持し、公式訳とは扱わない。"
"zh-Hant-TW","names","Settings","設定","review-required","","","","英語キーと既存訳の意味・表記を点検。対象言語の適切な外部出典は未確認。既存訳を維持し、公式訳とは扱わない。"
"zh-Hant-TW","names","Focus","對焦","canon-exact","https://cam.start.canon/tc/C017/manual/html/UG-04_AF-Drive_0070.html","UG-04_AF-Drive_0070.html / Focus","對焦","対象言語の該当撮影機能本文を照合。canon-exactは同じ用語表記の一致、canon-adaptedは機能の意味に基づく作成表現。VRCLens自体の公式訳ではない。"
"zh-Hant-TW","names","Reset","重設","review-required","","","","英語キーと既存訳の意味・表記を点検。対象言語の適切な外部出典は未確認。既存訳を維持し、公式訳とは扱わない。"
"zh-Hant-TW","names","Exposure","曝光","canon-exact","https://cam.start.canon/tc/C017/manual/html/UG-03_Shooting-1_0500.html","UG-03_Shooting-1_0500.html / Exposure","曝光","対象言語の該当撮影機能本文を照合。canon-exactは同じ用語表記の一致、canon-adaptedは機能の意味に基づく作成表現。VRCLens自体の公式訳ではない。"
"zh-Hant-TW","names","Filters","濾鏡","review-required","","","","英語キーと既存訳の意味・表記を点検。対象言語の適切な外部出典は未確認。既存訳を維持し、公式訳とは扱わない。"
"zh-Hant-TW","names","Stabilize","影像穩定器","canon-exact","https://cam.start.canon/tc/C017/manual/html/UG-03_Shooting-1_0330.html","UG-03_Shooting-1_0330.html / Stabilize","影像穩定器","対象言語の該当撮影機能本文を照合。canon-exactは同じ用語表記の一致、canon-adaptedは機能の意味に基づく作成表現。VRCLens自体の公式訳ではない。"
"zh-Hant-TW","names","Aperture","光圈","canon-exact","https://cam.start.canon/tc/C017/manual/html/UG-02_ShootingMode_0070.html","UG-02_ShootingMode_0070.html / Aperture","光圈","対象言語の該当撮影機能本文を照合。canon-exactは同じ用語表記の一致、canon-adaptedは機能の意味に基づく作成表現。VRCLens自体の公式訳ではない。"
"zh-Hant-TW","names","Portrait","直向","review-required","","","","英語キーと既存訳の意味・表記を点検。対象言語の適切な外部出典は未確認。既存訳を維持し、公式訳とは扱わない。"
"zh-Hant-TW","names","Display","顯示","canon-exact","https://cam.start.canon/tc/C017/manual/html/UG-03_Shooting-1_0430.html","UG-03_Shooting-1_0430.html / Display","顯示","対象言語の該当撮影機能本文を照合。canon-exactは同じ用語表記の一致、canon-adaptedは機能の意味に基づく作成表現。VRCLens自体の公式訳ではない。"
"zh-Hant-TW","names","Normal","標準","canon-exact","https://cam.start.canon/tc/C017/manual/html/UG-03_Shooting-1_0110.html","UG-03_Shooting-1_0110.html / Normal","標準","対象言語の該当撮影機能本文を照合。canon-exactは同じ用語表記の一致、canon-adaptedは機能の意味に基づく作成表現。VRCLens自体の公式訳ではない。"
"zh-Hant-TW","names","Depth Cool","深度・冷色","review-required","","","","英語キーと既存訳の意味・表記を点検。対象言語の適切な外部出典は未確認。既存訳を維持し、公式訳とは扱わない。"
"zh-Hant-TW","names","Depth Cute","深度・可愛","review-required","","","","英語キーと既存訳の意味・表記を点検。対象言語の適切な外部出典は未確認。既存訳を維持し、公式訳とは扱わない。"
"zh-Hant-TW","names","Spotlight","聚光燈","review-required","","","","英語キーと既存訳の意味・表記を点検。対象言語の適切な外部出典は未確認。既存訳を維持し、公式訳とは扱わない。"
"zh-Hant-TW","names","Green Back","綠幕","review-required","","","","英語キーと既存訳の意味・表記を点検。対象言語の適切な外部出典は未確認。既存訳を維持し、公式訳とは扱わない。"
"zh-Hant-TW","names","Blue Back","藍幕","review-required","","","","英語キーと既存訳の意味・表記を点検。対象言語の適切な外部出典は未確認。既存訳を維持し、公式訳とは扱わない。"
"zh-Hant-TW","names","RIGHT","右","review-required","","","","英語キーと既存訳の意味・表記を点検。対象言語の適切な外部出典は未確認。既存訳を維持し、公式訳とは扱わない。"
"zh-Hant-TW","names","UP","上","review-required","","","","英語キーと既存訳の意味・表記を点検。対象言語の適切な外部出典は未確認。既存訳を維持し、公式訳とは扱わない。"
"zh-Hant-TW","names","DOWN","下","review-required","","","","英語キーと既存訳の意味・表記を点検。対象言語の適切な外部出典は未確認。既存訳を維持し、公式訳とは扱わない。"
"zh-Hant-TW","names","LEFT","左","review-required","","","","英語キーと既存訳の意味・表記を点検。対象言語の適切な外部出典は未確認。既存訳を維持し、公式訳とは扱わない。"
"zh-Hant-TW","names","Show/Hide","顯示/隱藏","review-required","","","","英語キーと既存訳の意味・表記を点検。対象言語の適切な外部出典は未確認。既存訳を維持し、公式訳とは扱わない。"
"zh-Hant-TW","names","Color","顏色","review-required","","","","英語キーと既存訳の意味・表記を点検。対象言語の適切な外部出典は未確認。既存訳を維持し、公式訳とは扱わない。"
"zh-Hant-TW","names","Hexagon","六邊形","review-required","","","","英語キーと既存訳の意味・表記を点検。対象言語の適切な外部出典は未確認。既存訳を維持し、公式訳とは扱わない。"
"zh-Hant-TW","names","Octagon","八邊形","review-required","","","","英語キーと既存訳の意味・表記を点検。対象言語の適切な外部出典は未確認。既存訳を維持し、公式訳とは扱わない。"
"zh-Hant-TW","names","Square","方形","review-required","","","","英語キーと既存訳の意味・表記を点検。対象言語の適切な外部出典は未確認。既存訳を維持し、公式訳とは扱わない。"
"zh-Hant-TW","names","Look At Face","朝向臉部","review-required","","","","英語キーと既存訳の意味・表記を点検。対象言語の適切な外部出典は未確認。既存訳を維持し、公式訳とは扱わない。"
"zh-Hant-TW","names","Look Up","向上看","review-required","","","","英語キーと既存訳の意味・表記を点検。対象言語の適切な外部出典は未確認。既存訳を維持し、公式訳とは扱わない。"
"zh-Hant-TW","names","Look Down","向下看","review-required","","","","英語キーと既存訳の意味・表記を点検。対象言語の適切な外部出典は未確認。既存訳を維持し、公式訳とは扱わない。"
"zh-Hant-TW","names","Look At Feet","朝向腳部","review-required","","","","英語キーと既存訳の意味・表記を点検。対象言語の適切な外部出典は未確認。既存訳を維持し、公式訳とは扱わない。"
"zh-Hant-TW","names","Track Self","追蹤自己","review-required","","","","英語キーと既存訳の意味・表記を点検。対象言語の適切な外部出典は未確認。既存訳を維持し、公式訳とは扱わない。"
"zh-Hant-TW","names","Track Self...","追蹤自己...","review-required","","","","英語キーと既存訳の意味・表記を点検。対象言語の適切な外部出典は未確認。既存訳を維持し、公式訳とは扱わない。"
"zh-Hant-TW","names","Infinity","無限遠","review-required","","","","英語キーと既存訳の意味・表記を点検。対象言語の適切な外部出典は未確認。既存訳を維持し、公式訳とは扱わない。"
"zh-Hant-TW","names","Auto Focus","AF","canon-exact","https://cam.start.canon/tc/C017/manual/html/UG-04_AF-Drive_0040.html","UG-04_AF-Drive_0040.html / Auto Focus","AF","対象言語の該当撮影機能本文を照合。canon-exactは同じ用語表記の一致、canon-adaptedは機能の意味に基づく作成表現。VRCLens自体の公式訳ではない。"
"zh-Hant-TW","names","Manual Focus","MF","canon-exact","https://cam.start.canon/tc/C017/manual/html/UG-04_AF-Drive_0070.html","UG-04_AF-Drive_0070.html / Manual Focus","MF","対象言語の該当撮影機能本文を照合。canon-exactは同じ用語表記の一致、canon-adaptedは機能の意味に基づく作成表現。VRCLens自体の公式訳ではない。"
"zh-Hant-TW","names","Macro","微距","review-required","","","","英語キーと既存訳の意味・表記を点検。対象言語の適切な外部出典は未確認。既存訳を維持し、公式訳とは扱わない。"
"zh-Hant-TW","names","Picture Style","相片風格","canon-exact","https://cam.start.canon/tc/C017/manual/html/UG-03_Shooting-1_0110.html","UG-03_Shooting-1_0110.html / Picture Style","相片風格","対象言語の該当撮影機能本文を照合。canon-exactは同じ用語表記の一致、canon-adaptedは機能の意味に基づく作成表現。VRCLens自体の公式訳ではない。"
"zh-Hant-TW","names","Quick Selfie","快速自拍","review-required","","","","英語キーと既存訳の意味・表記を点検。対象言語の適切な外部出典は未確認。既存訳を維持し、公式訳とは扱わない。"
"zh-Hant-TW","names","Extra...","更多...","review-required","","","","英語キーと既存訳の意味・表記を点検。対象言語の適切な外部出典は未確認。既存訳を維持し、公式訳とは扱わない。"
"zh-Hant-TW","names","Movie Mode","短片模式","review-required","","","","英語キーと既存訳の意味・表記を点検。対象言語の適切な外部出典は未確認。既存訳を維持し、公式訳とは扱わない。"
"zh-Hant-TW","names","Avatar-Drop","固定至Avatar","review-required","","","","英語キーと既存訳の意味・表記を点検。対象言語の適切な外部出典は未確認。既存訳を維持し、公式訳とは扱わない。"
"zh-Hant-TW","names","3D Mode","3D模式","review-required","","","","英語キーと既存訳の意味・表記を点検。対象言語の適切な外部出典は未確認。既存訳を維持し、公式訳とは扱わない。"
"zh-Hant-TW","names","Mount Swap","切換安裝位置","review-required","","","","英語キーと既存訳の意味・表記を点検。対象言語の適切な外部出典は未確認。既存訳を維持し、公式訳とは扱わない。"
"zh-Hant-TW","names","Hide Lens","隱藏鏡頭","review-required","","","","英語キーと既存訳の意味・表記を点検。対象言語の適切な外部出典は未確認。既存訳を維持し、公式訳とは扱わない。"
"zh-Hant-TW","names","Increase","縮小光圈","canon-exact","https://cam.start.canon/tc/C017/manual/html/UG-02_ShootingMode_0070.html","UG-02_ShootingMode_0070.html / Increase","縮小光圈","対象言語の該当撮影機能本文を照合。canon-exactは同じ用語表記の一致、canon-adaptedは機能の意味に基づく作成表現。VRCLens自体の公式訳ではない。"
"zh-Hant-TW","names","Decrease","開大光圈","canon-adapted","https://cam.start.canon/tc/C017/manual/html/UG-02_ShootingMode_0070.html","UG-02_ShootingMode_0070.html / Decrease","","対象言語の該当撮影機能本文を照合。canon-exactは同じ用語表記の一致、canon-adaptedは機能の意味に基づく作成表現。VRCLens自体の公式訳ではない。"
"zh-Hant-TW","names","Sensor Type","感應器尺寸","review-required","","","","英語キーと既存訳の意味・表記を点検。対象言語の適切な外部出典は未確認。既存訳を維持し、公式訳とは扱わない。"
"zh-Hant-TW","names","DoF Mode","景深模式","canon-adapted","https://cam.start.canon/tc/C017/manual/html/UG-02_ShootingMode_0070.html","UG-02_ShootingMode_0070.html / DoF Mode","","対象言語の該当撮影機能本文を照合。canon-exactは同じ用語表記の一致、canon-adaptedは機能の意味に基づく作成表現。VRCLens自体の公式訳ではない。"
"zh-Hant-TW","names","Av Dial","光圈值","canon-exact","https://cam.start.canon/tc/C017/manual/html/UG-02_ShootingMode_0070.html","UG-02_ShootingMode_0070.html / Av Dial","光圈值","対象言語の該当撮影機能本文を照合。canon-exactは同じ用語表記の一致、canon-adaptedは機能の意味に基づく作成表現。VRCLens自体の公式訳ではない。"
"zh-Hant-TW","names","Bokeh Shape","散景形狀","review-required","","","","英語キーと既存訳の意味・表記を点検。対象言語の適切な外部出典は未確認。既存訳を維持し、公式訳とは扱わない。"
"zh-Hant-TW","names","V. Horizon","電子水平儀","canon-exact","https://cam.start.canon/tc/C017/manual/html/UG-03_Shooting-1_0430.html","UG-03_Shooting-1_0430.html / V. Horizon","電子水平儀","対象言語の該当撮影機能本文を照合。canon-exactは同じ用語表記の一致、canon-adaptedは機能の意味に基づく作成表現。VRCLens自体の公式訳ではない。"
"zh-Hant-TW","names","Grid","網格線","canon-adapted","https://cam.start.canon/tc/C017/manual/html/UG-03_Shooting-1_0430.html","UG-03_Shooting-1_0430.html / Grid","","対象言語の該当撮影機能本文を照合。canon-exactは同じ用語表記の一致、canon-adaptedは機能の意味に基づく作成表現。VRCLens自体の公式訳ではない。"
"zh-Hant-TW","names","Monitor","螢幕","canon-exact","https://cam.start.canon/tc/C017/manual/html/UG-03_Shooting-1_0430.html","UG-03_Shooting-1_0430.html / Monitor","螢幕","対象言語の該当撮影機能本文を照合。canon-exactは同じ用語表記の一致、canon-adaptedは機能の意味に基づく作成表現。VRCLens自体の公式訳ではない。"
"zh-Hant-TW","names","Move HUD","移動顯示","review-required","","","","英語キーと既存訳の意味・表記を点検。対象言語の適切な外部出典は未確認。既存訳を維持し、公式訳とは扱わない。"
"zh-Hant-TW","names","Focus Peaking","MF峰值","canon-adapted","https://cam.start.canon/tc/C017/manual/html/UG-04_AF-Drive_0070.html","UG-04_AF-Drive_0070.html / Focus Peaking","","対象言語の該当撮影機能本文を照合。canon-exactは同じ用語表記の一致、canon-adaptedは機能の意味に基づく作成表現。VRCLens自体の公式訳ではない。"
"zh-Hant-TW","names","Hand-Rotate","手動旋轉","review-required","","","","英語キーと既存訳の意味・表記を点検。対象言語の適切な外部出典は未確認。既存訳を維持し、公式訳とは扱わない。"
"zh-Hant-TW","names","Change Angle","變更角度","review-required","","","","英語キーと既存訳の意味・表記を点検。対象言語の適切な外部出典は未確認。既存訳を維持し、公式訳とは扱わない。"
"zh-Hant-TW","names","Tracking","追蹤","canon-exact","https://cam.start.canon/tc/C017/manual/html/UG-04_AF-Drive_0060.html","UG-04_AF-Drive_0060.html / Tracking","追蹤","対象言語の該当撮影機能本文を照合。canon-exactは同じ用語表記の一致、canon-adaptedは機能の意味に基づく作成表現。VRCLens自体の公式訳ではない。"
"zh-Hant-TW","names","Move Camera","移動相機","review-required","","","","英語キーと既存訳の意味・表記を点検。対象言語の適切な外部出典は未確認。既存訳を維持し、公式訳とは扱わない。"
"zh-Hant-TW","names","Drone Speed","無人機速度","review-required","","","","英語キーと既存訳の意味・表記を点検。対象言語の適切な外部出典は未確認。既存訳を維持し、公式訳とは扱わない。"
"zh-Hant-TW","names","Move Pivot","移動樞紐點","review-required","","","","英語キーと既存訳の意味・表記を点検。対象言語の適切な外部出典は未確認。既存訳を維持し、公式訳とは扱わない。"
"zh-Hant-TW","names","Track Pivot","追蹤樞紐點","review-required","","","","英語キーと既存訳の意味・表記を点検。対象言語の適切な外部出典は未確認。既存訳を維持し、公式訳とは扱わない。"
"zh-Hant-TW","names","Smoothing","平滑度","review-required","","","","英語キーと既存訳の意味・表記を点検。対象言語の適切な外部出典は未確認。既存訳を維持し、公式訳とは扱わない。"
"zh-Hant-TW","names","Drop Pivot","放置樞紐點","review-required","","","","英語キーと既存訳の意味・表記を点検。対象言語の適切な外部出典は未確認。既存訳を維持し、公式訳とは扱わない。"
"zh-Hant-TW","names","Vertical Lock","垂直鎖定","review-required","","","","英語キーと既存訳の意味・表記を点検。対象言語の適切な外部出典は未確認。既存訳を維持し、公式訳とは扱わない。"
"zh-Hant-TW","names","EV Dial","曝光補償","canon-exact","https://cam.start.canon/tc/C017/manual/html/UG-03_Shooting-1_0500.html","UG-03_Shooting-1_0500.html / EV Dial","曝光補償","対象言語の該当撮影機能本文を照合。canon-exactは同じ用語表記の一致、canon-adaptedは機能の意味に基づく作成表現。VRCLens自体の公式訳ではない。"
"zh-Hant-TW","names","Auto Exposure","自動曝光","canon-exact","https://cam.start.canon/tc/C017/manual/html/UG-02_ShootingMode_0070.html","UG-02_ShootingMode_0070.html / Auto Exposure","自動曝光","対象言語の該当撮影機能本文を照合。canon-exactは同じ用語表記の一致、canon-adaptedは機能の意味に基づく作成表現。VRCLens自体の公式訳ではない。"
"zh-Hant-TW","names","White Bal.","白平衡","canon-exact","https://cam.start.canon/tc/C017/manual/html/UG-03_Shooting-1_0190.html","UG-03_Shooting-1_0190.html / White Bal.","白平衡","対象言語の該当撮影機能本文を照合。canon-exactは同じ用語表記の一致、canon-adaptedは機能の意味に基づく作成表現。VRCLens自体の公式訳ではない。"
"zh-Hant-TW","names","Avatar AF","Avatar AF","review-required","","","","英語キーと既存訳の意味・表記を点検。対象言語の適切な外部出典は未確認。既存訳を維持し、公式訳とは扱わない。"
"zh-Hant-TW","names","Move Focus","對焦位置","canon-exact","https://cam.start.canon/tc/C017/manual/html/UG-04_AF-Drive_0070.html","UG-04_AF-Drive_0070.html / Move Focus","對焦位置","対象言語の該当撮影機能本文を照合。canon-exactは同じ用語表記の一致、canon-adaptedは機能の意味に基づく作成表現。VRCLens自体の公式訳ではない。"
"zh-Hant-TW","names","Pro Autofocus","進階AF","review-required","","","","英語キーと既存訳の意味・表記を点検。対象言語の適切な外部出典は未確認。既存訳を維持し、公式訳とは扱わない。"
"zh-Hant-TW","names","Operation","操作模式","canon-adapted","https://cam.start.canon/tc/C017/manual/html/UG-04_AF-Drive_0040.html","UG-04_AF-Drive_0040.html / Operation","","対象言語の該当撮影機能本文を照合。canon-exactは同じ用語表記の一致、canon-adaptedは機能の意味に基づく作成表現。VRCLens自体の公式訳ではない。"
"zh-Hant-TW","names","AF Area","自動對焦區域","canon-exact","https://cam.start.canon/tc/C017/manual/html/UG-04_AF-Drive_0060.html","UG-04_AF-Drive_0060.html / AF Area","自動對焦區域","対象言語の該当撮影機能本文を照合。canon-exactは同じ用語表記の一致、canon-adaptedは機能の意味に基づく作成表現。VRCLens自体の公式訳ではない。"
"zh-Hant-TW","names","Response","追蹤靈敏度","canon-exact","https://cam.start.canon/tc/C017/manual/html/UG-04_AF-Drive_0090.html","UG-04_AF-Drive_0090.html / Response","追蹤靈敏度","対象言語の該当撮影機能本文を照合。canon-exactは同じ用語表記の一致、canon-adaptedは機能の意味に基づく作成表現。VRCLens自体の公式訳ではない。 修正: 主體切換 → 追蹤靈敏度。"
"zh-Hant-TW","names","Drive Speed","對焦驅動速度","canon-adapted","https://cam.start.canon/tc/C017/manual/html/UG-04_AF-Drive_0100.html","UG-04_AF-Drive_0100.html / Drive Speed","","対象言語の該当撮影機能本文を照合。canon-exactは同じ用語表記の一致、canon-adaptedは機能の意味に基づく作成表現。VRCLens自体の公式訳ではない。"
"zh-Hant-TW","names","AF-ON","AF-ON","review-required","","","","英語キーと既存訳の意味・表記を点検。対象言語の適切な外部出典は未確認。既存訳を維持し、公式訳とは扱わない。"
"zh-Hant-TW","names","AF Lock","AF鎖","review-required","","","","英語キーと既存訳の意味・表記を点検。対象言語の適切な外部出典は未確認。既存訳を維持し、公式訳とは扱わない。"
"zh-Hant-TW","names","Focus Guide","對焦導引","canon-exact","https://cam.start.canon/tc/C017/manual/html/UG-04_AF-Drive_0070.html","UG-04_AF-Drive_0070.html / Focus Guide","對焦導引","対象言語の該当撮影機能本文を照合。canon-exactは同じ用語表記の一致、canon-adaptedは機能の意味に基づく作成表現。VRCLens自体の公式訳ではない。"
"zh-Hant-TW","names","One-Shot AF","單次自動對焦","canon-exact","https://cam.start.canon/tc/C017/manual/html/UG-04_AF-Drive_0040.html","UG-04_AF-Drive_0040.html / One-Shot AF","單次自動對焦","対象言語の該当撮影機能本文を照合。canon-exactは同じ用語表記の一致、canon-adaptedは機能の意味に基づく作成表現。VRCLens自体の公式訳ではない。"
"zh-Hant-TW","names","Servo AF","伺服自動對焦","canon-exact","https://cam.start.canon/tc/C017/manual/html/UG-04_AF-Drive_0040.html","UG-04_AF-Drive_0040.html / Servo AF","伺服自動對焦","対象言語の該当撮影機能本文を照合。canon-exactは同じ用語表記の一致、canon-adaptedは機能の意味に基づく作成表現。VRCLens自体の公式訳ではない。"
"zh-Hant-TW","names","Spot","定點","canon-adapted","https://cam.start.canon/tc/C017/manual/html/UG-04_AF-Drive_0060.html","UG-04_AF-Drive_0060.html / Spot","","対象言語の該当撮影機能本文を照合。canon-exactは同じ用語表記の一致、canon-adaptedは機能の意味に基づく作成表現。VRCLens自体の公式訳ではない。"
"zh-Hant-TW","names","Zone","區域","canon-exact","https://cam.start.canon/tc/C017/manual/html/UG-04_AF-Drive_0060.html","UG-04_AF-Drive_0060.html / Zone","區域","対象言語の該当撮影機能本文を照合。canon-exactは同じ用語表記の一致、canon-adaptedは機能の意味に基づく作成表現。VRCLens自体の公式訳ではない。"
"zh-Hant-TW","names","Avatar Priority","Avatar優先","review-required","","","","英語キーと既存訳の意味・表記を点検。対象言語の適切な外部出典は未確認。既存訳を維持し、公式訳とは扱わない。"
"zh-Hant-TW","names","Locked-on","鎖定","canon-exact","https://cam.start.canon/tc/C017/manual/html/UG-04_AF-Drive_0090.html","UG-04_AF-Drive_0090.html / Locked-on","鎖定","対象言語の該当撮影機能本文を照合。canon-exactは同じ用語表記の一致、canon-adaptedは機能の意味に基づく作成表現。VRCLens自体の公式訳ではない。"
"zh-Hant-TW","names","Standard","標準","canon-exact","https://cam.start.canon/tc/C017/manual/html/UG-03_Shooting-1_0110.html","UG-03_Shooting-1_0110.html / Standard","標準","対象言語の該当撮影機能本文を照合。canon-exactは同じ用語表記の一致、canon-adaptedは機能の意味に基づく作成表現。VRCLens自体の公式訳ではない。"
"zh-Hant-TW","names","Responsive","靈敏","canon-exact","https://cam.start.canon/tc/C017/manual/html/UG-04_AF-Drive_0090.html","UG-04_AF-Drive_0090.html / Responsive","靈敏","対象言語の該当撮影機能本文を照合。canon-exactは同じ用語表記の一致、canon-adaptedは機能の意味に基づく作成表現。VRCLens自体の公式訳ではない。"
"zh-Hant-TW","names","Custom","自訂功能","review-required","","","","英語キーと既存訳の意味・表記を点検。対象言語の適切な外部出典は未確認。既存訳を維持し、公式訳とは扱わない。"
"zh-Hant-TW","names","Far Clip Plane","遠裁剪平面","function-reviewed","https://github.com/gummidot/VRCLens-Addons/blob/main/README_JP.md","Far Clip Plane / 機能説明・設定表","","作者の日本語機能説明と英語キーで機能の意味を照合。訳語自体の対象地域の用例は未確認のため未確定一覧に残す。"
"zh-Hant-TW","names","Smooth DoF Edges","平滑景深邊緣","function-reviewed","https://github.com/gummidot/VRCLens-Addons/blob/main/README_JP.md","Smooth DoF Edges / 機能説明・設定表","","作者の日本語機能説明と英語キーで機能の意味を照合。訳語自体の対象地域の用例は未確認のため未確定一覧に残す。"
"zh-Hant-TW","names","Softness","柔化度","function-reviewed","https://github.com/gummidot/VRCLens-Addons/blob/main/README_JP.md","Softness / 機能説明・設定表","","作者の日本語機能説明と英語キーで機能の意味を照合。訳語自体の対象地域の用例は未確認のため未確定一覧に残す。"
"zh-Hant-TW","names","Smooth Rotate","平滑旋轉","function-reviewed","https://github.com/gummidot/VRCLens-Addons/blob/main/README_JP.md","Smooth Rotate / 機能説明・設定表","","作者の日本語機能説明と英語キーで機能の意味を照合。訳語自体の対象地域の用例は未確認のため未確定一覧に残す。"
"zh-Hant-TW","names","Anamorphic Bokeh","變形寬銀幕散景","function-reviewed","https://github.com/gummidot/VRCLens-Addons/blob/main/README_JP.md","Anamorphic Bokeh / 機能説明・設定表","","作者の日本語機能説明と英語キーで機能の意味を照合。訳語自体の対象地域の用例は未確認のため未確定一覧に残す。"
"zh-Hant-TW","names","Chromatic Aberration","色差","canon-exact","https://cam.start.canon/tc/C017/manual/html/UG-03_Shooting-1_0220.html","UG-03_Shooting-1_0220.html / Chromatic Aberration","色差","対象言語の該当撮影機能本文を照合。canon-exactは同じ用語表記の一致、canon-adaptedは機能の意味に基づく作成表現。VRCLens自体の公式訳ではない。"
"zh-Hant-TW","names","Enabled","啟用","function-reviewed","https://github.com/gummidot/VRCLens-Addons/blob/main/README_JP.md","Enabled / 機能説明・設定表","","作者の日本語機能説明と英語キーで機能の意味を照合。訳語自体の対象地域の用例は未確認のため未確定一覧に残す。"
"zh-Hant-TW","names","Transverse CA","倍率色差","function-reviewed","https://github.com/gummidot/VRCLens-Addons/blob/main/README_JP.md","Transverse CA / 機能説明・設定表","","作者の日本語機能説明と英語キーで機能の意味を照合。訳語自体の対象地域の用例は未確認のため未確定一覧に残す。"
"zh-Hant-TW","names","Axial CA","軸向色差","function-reviewed","https://github.com/gummidot/VRCLens-Addons/blob/main/README_JP.md","Axial CA / 機能説明・設定表","","作者の日本語機能説明と英語キーで機能の意味を照合。訳語自体の対象地域の用例は未確認のため未確定一覧に残す。"
"zh-Hant-TW","names","Axial Focus-Aware","軸向對焦連動","function-reviewed","https://github.com/gummidot/VRCLens-Addons/blob/main/README_JP.md","Axial Focus-Aware / 機能説明・設定表","","作者の日本語機能説明と英語キーで機能の意味を照合。訳語自体の対象地域の用例は未確認のため未確定一覧に残す。"
"zh-Hant-TW","names","Magenta-Green","洋紅/綠色","function-reviewed","https://github.com/gummidot/VRCLens-Addons/blob/main/README_JP.md","Magenta-Green / 機能説明・設定表","","作者の日本語機能説明と英語キーで機能の意味を照合。訳語自体の対象地域の用例は未確認のため未確定一覧に残す。"
"zh-Hant-TW","names","Color Grading","調色","function-reviewed","https://github.com/gummidot/VRCLens-Addons/blob/main/README_JP.md","Color Grading / 機能説明・設定表","","作者の日本語機能説明と英語キーで機能の意味を照合。訳語自体の対象地域の用例は未確認のため未確定一覧に残す。"
"zh-Hant-TW","names","Saturation","飽和度","adobe-exact","https://helpx.adobe.com/tw/lightroom-cc/web/edit-photos/apply-effects/adjust-color.html","Saturation","飽和度","対象地域のAdobe画像編集資料の同じ色調・効果用語を照合。Canon表記とは区別する。"
"zh-Hant-TW","names","Vibrance","自然飽和度","adobe-exact","https://helpx.adobe.com/tw/lightroom-cc/web/edit-photos/apply-effects/adjust-color.html","Vibrance","自然飽和度","対象地域のAdobe画像編集資料の同じ色調・効果用語を照合。Canon表記とは区別する。 修正: 鮮艷度 → 自然飽和度。"
"zh-Hant-TW","names","Contrast","對比度","canon-exact","https://cam.start.canon/tc/C017/manual/html/UG-03_Shooting-1_0120.html","UG-03_Shooting-1_0120.html / Contrast","對比度","対象言語の該当撮影機能本文を照合。canon-exactは同じ用語表記の一致、canon-adaptedは機能の意味に基づく作成表現。VRCLens自体の公式訳ではない。"
"zh-Hant-TW","names","Shadows","陰影","adobe-exact","https://helpx.adobe.com/tw/lightroom-cc/web/edit-photos/apply-effects/adjust-color.html","Shadows","陰影","対象地域のAdobe画像編集資料の同じ色調・効果用語を照合。Canon表記とは区別する。"
"zh-Hant-TW","names","Midtones","中間調","adobe-exact","https://helpx.adobe.com/tw/lightroom-cc/web/edit-photos/apply-effects/adjust-color.html","Midtones","中間調","対象地域のAdobe画像編集資料の同じ色調・効果用語を照合。Canon表記とは区別する。 修正: 中間色調 → 中間調。"
"zh-Hant-TW","names","Highlights","亮部","adobe-exact","https://helpx.adobe.com/tw/lightroom-cc/web/edit-photos/apply-effects/adjust-color.html","Highlights","亮部","対象地域のAdobe画像編集資料の同じ色調・効果用語を照合。Canon表記とは区別する。 修正: 高光 → 亮部。"
"zh-Hant-TW","names","Brightness","亮度","adobe-exact","https://helpx.adobe.com/tw/lightroom-cc/web/edit-photos/apply-effects/adjust-color.html","Brightness","亮度","対象地域のAdobe画像編集資料の同じ色調・効果用語を照合。Canon表記とは区別する。"
"zh-Hant-TW","names","Temperature","色溫","adobe-exact","https://helpx.adobe.com/tw/lightroom-cc/web/edit-photos/apply-effects/adjust-color.html","Temperature","色溫","対象地域のAdobe画像編集資料の同じ色調・効果用語を照合。Canon表記とは区別する。"
"zh-Hant-TW","names","Red","紅","review-required","","","","英語キーと既存訳の意味・表記を点検。対象言語の適切な外部出典は未確認。既存訳を維持し、公式訳とは扱わない。"
"zh-Hant-TW","names","Green","綠","function-reviewed","https://github.com/gummidot/VRCLens-Addons/blob/main/README_JP.md","Green / 機能説明・設定表","","作者の日本語機能説明と英語キーで機能の意味を照合。訳語自体の対象地域の用例は未確認のため未確定一覧に残す。"
"zh-Hant-TW","names","Blue","藍","function-reviewed","https://github.com/gummidot/VRCLens-Addons/blob/main/README_JP.md","Blue / 機能説明・設定表","","作者の日本語機能説明と英語キーで機能の意味を照合。訳語自体の対象地域の用例は未確認のため未確定一覧に残す。"
"zh-Hant-TW","names","Depth Fog","深度霧效","function-reviewed","https://github.com/gummidot/VRCLens-Addons/blob/main/README_JP.md","Depth Fog / 機能説明・設定表","","作者の日本語機能説明と英語キーで機能の意味を照合。訳語自体の対象地域の用例は未確認のため未確定一覧に残す。"
"zh-Hant-TW","names","Density","密度","function-reviewed","https://github.com/gummidot/VRCLens-Addons/blob/main/README_JP.md","Density / 機能説明・設定表","","作者の日本語機能説明と英語キーで機能の意味を照合。訳語自体の対象地域の用例は未確認のため未確定一覧に残す。"
"zh-Hant-TW","names","Start Distance","起始距離","function-reviewed","https://github.com/gummidot/VRCLens-Addons/blob/main/README_JP.md","Start Distance / 機能説明・設定表","","作者の日本語機能説明と英語キーで機能の意味を照合。訳語自体の対象地域の用例は未確認のため未確定一覧に残す。"
"zh-Hant-TW","names","Color R","紅","function-reviewed","https://github.com/gummidot/VRCLens-Addons/blob/main/README_JP.md","Color R / 機能説明・設定表","","作者の日本語機能説明と英語キーで機能の意味を照合。訳語自体の対象地域の用例は未確認のため未確定一覧に残す。"
"zh-Hant-TW","names","Color G","綠","function-reviewed","https://github.com/gummidot/VRCLens-Addons/blob/main/README_JP.md","Color G / 機能説明・設定表","","作者の日本語機能説明と英語キーで機能の意味を照合。訳語自体の対象地域の用例は未確認のため未確定一覧に残す。"
"zh-Hant-TW","names","Color B","藍","review-required","","","","英語キーと既存訳の意味・表記を点検。対象言語の適切な外部出典は未確認。既存訳を維持し、公式訳とは扱わない。"
"zh-Hant-TW","names","Film Grain","底片顆粒","function-reviewed","https://github.com/gummidot/VRCLens-Addons/blob/main/README_JP.md","Film Grain / 機能説明・設定表","","作者の日本語機能説明と英語キーで機能の意味を照合。訳語自体の対象地域の用例は未確認のため未確定一覧に残す。"
"zh-Hant-TW","names","Intensity","強度","function-reviewed","https://github.com/gummidot/VRCLens-Addons/blob/main/README_JP.md","Intensity / 機能説明・設定表","","作者の日本語機能説明と英語キーで機能の意味を照合。訳語自体の対象地域の用例は未確認のため未確定一覧に残す。"
"zh-Hant-TW","names","Size","大小","function-reviewed","https://github.com/gummidot/VRCLens-Addons/blob/main/README_JP.md","Size / 機能説明・設定表","","作者の日本語機能説明と英語キーで機能の意味を照合。訳語自体の対象地域の用例は未確認のため未確定一覧に残す。"
"zh-Hant-TW","names","Speed","速度","function-reviewed","https://github.com/gummidot/VRCLens-Addons/blob/main/README_JP.md","Speed / 機能説明・設定表","","作者の日本語機能説明と英語キーで機能の意味を照合。訳語自体の対象地域の用例は未確認のため未確定一覧に残す。"
"zh-Hant-TW","names","Fisheye Lens","魚眼鏡頭","function-reviewed","https://github.com/gummidot/VRCLens-Addons/blob/main/README_JP.md","Fisheye Lens / 機能説明・設定表","","作者の日本語機能説明と英語キーで機能の意味を照合。訳語自体の対象地域の用例は未確認のため未確定一覧に残す。"
"zh-Hant-TW","names","Strength","強度","function-reviewed","https://github.com/gummidot/VRCLens-Addons/blob/main/README_JP.md","Strength / 機能説明・設定表","","作者の日本語機能説明と英語キーで機能の意味を照合。訳語自体の対象地域の用例は未確認のため未確定一覧に残す。"
"zh-Hant-TW","names","Roundness","圓度","function-reviewed","https://github.com/gummidot/VRCLens-Addons/blob/main/README_JP.md","Roundness / 機能説明・設定表","","作者の日本語機能説明と英語キーで機能の意味を照合。訳語自体の対象地域の用例は未確認のため未確定一覧に残す。"
"zh-Hant-TW","names","Lens Size","鏡頭尺寸","function-reviewed","https://github.com/gummidot/VRCLens-Addons/blob/main/README_JP.md","Lens Size / 機能説明・設定表","","作者の日本語機能説明と英語キーで機能の意味を照合。訳語自体の対象地域の用例は未確認のため未確定一覧に残す。"
"zh-Hant-TW","names","Edge Softness","邊緣柔化","function-reviewed","https://github.com/gummidot/VRCLens-Addons/blob/main/README_JP.md","Edge Softness / 機能説明・設定表","","作者の日本語機能説明と英語キーで機能の意味を照合。訳語自体の対象地域の用例は未確認のため未確定一覧に残す。"
"zh-Hant-TW","names","Reverse Fisheye","反向魚眼","function-reviewed","https://github.com/gummidot/VRCLens-Addons/blob/main/README_JP.md","Reverse Fisheye / 機能説明・設定表","","作者の日本語機能説明と英語キーで機能の意味を照合。訳語自体の対象地域の用例は未確認のため未確定一覧に残す。"
"zh-Hant-TW","names","Center","中心","function-reviewed","https://github.com/gummidot/VRCLens-Addons/blob/main/README_JP.md","Center / 機能説明・設定表","","作者の日本語機能説明と英語キーで機能の意味を照合。訳語自体の対象地域の用例は未確認のため未確定一覧に残す。"
"zh-Hant-TW","names","X","水平位置","function-reviewed","https://github.com/gummidot/VRCLens-Addons/blob/main/README_JP.md","X / 機能説明・設定表","","作者の日本語機能説明と英語キーで機能の意味を照合。訳語自体の対象地域の用例は未確認のため未確定一覧に残す。"
"zh-Hant-TW","names","Y","垂直位置","function-reviewed","https://github.com/gummidot/VRCLens-Addons/blob/main/README_JP.md","Y / 機能説明・設定表","","作者の日本語機能説明と英語キーで機能の意味を照合。訳語自体の対象地域の用例は未確認のため未確定一覧に残す。"
"zh-Hant-TW","names","Letterbox","寬銀幕遮幅","function-reviewed","https://github.com/gummidot/VRCLens-Addons/blob/main/README_JP.md","Letterbox / 機能説明・設定表","","作者の日本語機能説明と英語キーで機能の意味を照合。訳語自体の対象地域の用例は未確認のため未確定一覧に残す。"
"zh-Hant-TW","names","2.39:1 Cinemascope","2.39:1 電影寬銀幕","function-reviewed","https://github.com/gummidot/VRCLens-Addons/blob/main/README_JP.md","Letterbox / 機能説明・設定表","","作者の日本語機能説明と英語キーで機能の意味を照合。訳語自体の対象地域の用例は未確認のため未確定一覧に残す。"
"zh-Hant-TW","names","2.35:1 Anamorphic","2.35:1 變形寬銀幕","function-reviewed","https://github.com/gummidot/VRCLens-Addons/blob/main/README_JP.md","Letterbox / 機能説明・設定表","","作者の日本語機能説明と英語キーで機能の意味を照合。訳語自体の対象地域の用例は未確認のため未確定一覧に残す。"
"zh-Hant-TW","names","2.00:1 Univisium","2.00:1 Univisium","function-reviewed","https://github.com/gummidot/VRCLens-Addons/blob/main/README_JP.md","Letterbox / 機能説明・設定表","","作者の日本語機能説明と英語キーで機能の意味を照合。訳語自体の対象地域の用例は未確認のため未確定一覧に残す。"
"zh-Hant-TW","names","1.85:1 Theatrical","1.85:1 影院","function-reviewed","https://github.com/gummidot/VRCLens-Addons/blob/main/README_JP.md","Letterbox / 機能説明・設定表","","作者の日本語機能説明と英語キーで機能の意味を照合。訳語自体の対象地域の用例は未確認のため未確定一覧に残す。"
"zh-Hant-TW","names","16:9 Widescreen","16:9 寬螢幕","function-reviewed","https://github.com/gummidot/VRCLens-Addons/blob/main/README_JP.md","Letterbox / 機能説明・設定表","","作者の日本語機能説明と英語キーで機能の意味を照合。訳語自体の対象地域の用例は未確認のため未確定一覧に残す。"
"zh-Hant-TW","names","3:2 DSLR","3:2 DSLR","function-reviewed","https://github.com/gummidot/VRCLens-Addons/blob/main/README_JP.md","Letterbox / 機能説明・設定表","","作者の日本語機能説明と英語キーで機能の意味を照合。訳語自体の対象地域の用例は未確認のため未確定一覧に残す。"
"zh-Hant-TW","names","4:3 Classic","4:3 經典","function-reviewed","https://github.com/gummidot/VRCLens-Addons/blob/main/README_JP.md","Letterbox / 機能説明・設定表","","作者の日本語機能説明と英語キーで機能の意味を照合。訳語自体の対象地域の用例は未確認のため未確定一覧に残す。"
"zh-Hant-TW","names","1:1 Square","1:1 方形","function-reviewed","https://github.com/gummidot/VRCLens-Addons/blob/main/README_JP.md","Letterbox / 機能説明・設定表","","作者の日本語機能説明と英語キーで機能の意味を照合。訳語自体の対象地域の用例は未確認のため未確定一覧に残す。"
"zh-Hant-TW","names","4:5 Portrait","4:5 直向","function-reviewed","https://github.com/gummidot/VRCLens-Addons/blob/main/README_JP.md","Letterbox / 機能説明・設定表","","作者の日本語機能説明と英語キーで機能の意味を照合。訳語自体の対象地域の用例は未確認のため未確定一覧に残す。"
"zh-Hant-TW","names","9:16 Vertical","9:16 直向","function-reviewed","https://github.com/gummidot/VRCLens-Addons/blob/main/README_JP.md","Letterbox / 機能説明・設定表","","作者の日本語機能説明と英語キーで機能の意味を照合。訳語自体の対象地域の用例は未確認のため未確定一覧に残す。"
"zh-Hant-TW","names","Pixelation","像素化","function-reviewed","https://github.com/gummidot/VRCLens-Addons/blob/main/README_JP.md","Pixelation / 機能説明・設定表","","作者の日本語機能説明と英語キーで機能の意味を照合。訳語自体の対象地域の用例は未確認のため未確定一覧に残す。"
"zh-Hant-TW","names","Block Size","像素區塊大小","function-reviewed","https://github.com/gummidot/VRCLens-Addons/blob/main/README_JP.md","Block Size / 機能説明・設定表","","作者の日本語機能説明と英語キーで機能の意味を照合。訳語自体の対象地域の用例は未確認のため未確定一覧に残す。"
"zh-Hant-TW","names","Dither","抖色","function-reviewed","https://github.com/gummidot/VRCLens-Addons/blob/main/README_JP.md","Dither / 機能説明・設定表","","作者の日本語機能説明と英語キーで機能の意味を照合。訳語自体の対象地域の用例は未確認のため未確定一覧に残す。"
"zh-Hant-TW","names","Posterize","色調分離","function-reviewed","https://github.com/gummidot/VRCLens-Addons/blob/main/README_JP.md","Posterize / 機能説明・設定表","","作者の日本語機能説明と英語キーで機能の意味を照合。訳語自体の対象地域の用例は未確認のため未確定一覧に残す。"
"zh-Hant-TW","names","Aspect Ratio","長寬比","function-reviewed","https://github.com/gummidot/VRCLens-Addons/blob/main/README_JP.md","Aspect Ratio / 機能説明・設定表","","作者の日本語機能説明と英語キーで機能の意味を照合。訳語自体の対象地域の用例は未確認のため未確定一覧に残す。"
"zh-Hant-TW","names","Tilt-Shift","移軸","function-reviewed","https://github.com/gummidot/VRCLens-Addons/blob/main/README_JP.md","Tilt-Shift / 機能説明・設定表","","作者の日本語機能説明と英語キーで機能の意味を照合。訳語自体の対象地域の用例は未確認のため未確定一覧に残す。"
"zh-Hant-TW","names","Depth Mode","深度模式","function-reviewed","https://github.com/gummidot/VRCLens-Addons/blob/main/README_JP.md","Depth Mode / 機能説明・設定表","","作者の日本語機能説明と英語キーで機能の意味を照合。訳語自体の対象地域の用例は未確認のため未確定一覧に残す。"
"zh-Hant-TW","names","Blur","模糊","function-reviewed","https://github.com/gummidot/VRCLens-Addons/blob/main/README_JP.md","Blur / 機能説明・設定表","","作者の日本語機能説明と英語キーで機能の意味を照合。訳語自体の対象地域の用例は未確認のため未確定一覧に残す。"
"zh-Hant-TW","names","Position","位置","function-reviewed","https://github.com/gummidot/VRCLens-Addons/blob/main/README_JP.md","Position / 機能説明・設定表","","作者の日本語機能説明と英語キーで機能の意味を照合。訳語自体の対象地域の用例は未確認のため未確定一覧に残す。"
"zh-Hant-TW","names","Width","寬度","function-reviewed","https://github.com/gummidot/VRCLens-Addons/blob/main/README_JP.md","Width / 機能説明・設定表","","作者の日本語機能説明と英語キーで機能の意味を照合。訳語自体の対象地域の用例は未確認のため未確定一覧に残す。"
"zh-Hant-TW","names","Angle","角度","function-reviewed","https://github.com/gummidot/VRCLens-Addons/blob/main/README_JP.md","Angle / 機能説明・設定表","","作者の日本語機能説明と英語キーで機能の意味を照合。訳語自体の対象地域の用例は未確認のため未確定一覧に残す。"
"zh-Hant-TW","names","Vignette","暗角","function-reviewed","https://github.com/gummidot/VRCLens-Addons/blob/main/README_JP.md","Vignette / 機能説明・設定表","","作者の日本語機能説明と英語キーで機能の意味を照合。訳語自体の対象地域の用例は未確認のため未確定一覧に残す。"
"zh-Hant-TW","names","Radius","半徑","function-reviewed","https://github.com/gummidot/VRCLens-Addons/blob/main/README_JP.md","Radius / 機能説明・設定表","","作者の日本語機能説明と英語キーで機能の意味を照合。訳語自体の対象地域の用例は未確認のため未確定一覧に残す。"
"zh-Hant-TW","names","Zoom Blur","變焦模糊","function-reviewed","https://github.com/gummidot/VRCLens-Addons/blob/main/README_JP.md","Zoom Blur / 機能説明・設定表","","作者の日本語機能説明と英語キーで機能の意味を照合。訳語自体の対象地域の用例は未確認のため未確定一覧に残す。"
"zh-Hant-TW","names","Center X","中心・水平","function-reviewed","https://github.com/gummidot/VRCLens-Addons/blob/main/README_JP.md","Center X / 機能説明・設定表","","作者の日本語機能説明と英語キーで機能の意味を照合。訳語自体の対象地域の用例は未確認のため未確定一覧に残す。"
"zh-Hant-TW","names","Center Y","中心・垂直","function-reviewed","https://github.com/gummidot/VRCLens-Addons/blob/main/README_JP.md","Center Y / 機能説明・設定表","","作者の日本語機能説明と英語キーで機能の意味を照合。訳語自体の対象地域の用例は未確認のため未確定一覧に残す。"
"zh-Hant-TW","names","Focus Zone","對焦區域","function-reviewed","https://github.com/gummidot/VRCLens-Addons/blob/main/README_JP.md","Focus Zone / 機能説明・設定表","","作者の日本語機能説明と英語キーで機能の意味を照合。訳語自体の対象地域の用例は未確認のため未確定一覧に残す。"
"zh-Hant-TW","names","Spread","擴散範圍","function-reviewed","https://github.com/gummidot/VRCLens-Addons/blob/main/README_JP.md","Spread / 機能説明・設定表","","作者の日本語機能説明と英語キーで機能の意味を照合。訳語自体の対象地域の用例は未確認のため未確定一覧に残す。"
"zh-Hant-TW","names","Focus Distance","對焦距離","function-reviewed","https://github.com/gummidot/VRCLens-Addons/blob/main/README_JP.md","Focus Distance / 機能説明・設定表","","作者の日本語機能説明と英語キーで機能の意味を照合。訳語自体の対象地域の用例は未確認のため未確定一覧に残す。"
"zh-Hant-TW","names","Manual Focus Assist","手動對焦輔助","function-reviewed","https://github.com/gummidot/VRCLens-Addons/blob/main/README_JP.md","Manual Focus Assist / 機能説明・設定表","","作者の日本語機能説明と英語キーで機能の意味を照合。訳語自体の対象地域の用例は未確認のため未確定一覧に残す。"
"zh-Hant-TW","names","Zone Size","區域大小","function-reviewed","https://github.com/gummidot/VRCLens-Addons/blob/main/README_JP.md","Zone Size / 機能説明・設定表","","作者の日本語機能説明と英語キーで機能の意味を照合。訳語自体の対象地域の用例は未確認のため未確定一覧に残す。"
"zh-Hant-TW","names","Zone Softness","區域柔化","function-reviewed","https://github.com/gummidot/VRCLens-Addons/blob/main/README_JP.md","Zone Softness / 機能説明・設定表","","作者の日本語機能説明と英語キーで機能の意味を照合。訳語自体の対象地域の用例は未確認のため未確定一覧に残す。"
"zh-Hant-TW","names","Edge Feather","邊緣羽化","function-reviewed","https://github.com/gummidot/VRCLens-Addons/blob/main/README_JP.md","Edge Feather / 機能説明・設定表","","作者の日本語機能説明と英語キーで機能の意味を照合。訳語自体の対象地域の用例は未確認のため未確定一覧に残す。"
"zh-Hant-TW","names","Peaking","峰值","canon-exact","https://cam.start.canon/tc/C017/manual/html/UG-04_AF-Drive_0070.html","UG-04_AF-Drive_0070.html / Peaking","峰值","対象言語の該当撮影機能本文を照合。canon-exactは同じ用語表記の一致、canon-adaptedは機能の意味に基づく作成表現。VRCLens自体の公式訳ではない。"
"zh-Hant-TW","names","Max Blur Size","最大模糊大小","function-reviewed","https://github.com/gummidot/VRCLens-Addons/blob/main/README_JP.md","Max Blur Size / 機能説明・設定表","","作者の日本語機能説明と英語キーで機能の意味を照合。訳語自体の対象地域の用例は未確認のため未確定一覧に残す。"
"zh-Hant-TW","names","Player Visibility","玩家可見性","function-reviewed","https://github.com/gummidot/VRCLens-Addons/blob/main/README_JP.md","Player Visibility / 機能説明・設定表","","作者の日本語機能説明と英語キーで機能の意味を照合。訳語自体の対象地域の用例は未確認のため未確定一覧に残す。"
"zh-Hant-TW","names","Hide Remote Players","隱藏其他玩家","function-reviewed","https://github.com/gummidot/VRCLens-Addons/blob/main/README_JP.md","Hide Remote Players / 機能説明・設定表","","作者の日本語機能説明と英語キーで機能の意味を照合。訳語自体の対象地域の用例は未確認のため未確定一覧に残す。"
"zh-Hant-TW","names","Hide Self","隱藏自己","function-reviewed","https://github.com/gummidot/VRCLens-Addons/blob/main/README_JP.md","Hide Self / 機能説明・設定表","","作者の日本語機能説明と英語キーで機能の意味を照合。訳語自体の対象地域の用例は未確認のため未確定一覧に残す。"
"zh-Hant-TW","names","Avatar Offset","Avatar偏移","function-reviewed","https://github.com/gummidot/VRCLens-Addons/blob/main/README_JP.md","Avatar Offset / 機能説明・設定表","","作者の日本語機能説明と英語キーで機能の意味を照合。訳語自体の対象地域の用例は未確認のため未確定一覧に残す。"
"zh-Hant-TW","names","Rotate With Avatar","隨Avatar旋轉","function-reviewed","https://github.com/gummidot/VRCLens-Addons/blob/main/README_JP.md","Rotate With Avatar / 機能説明・設定表","","作者の日本語機能説明と英語キーで機能の意味を照合。訳語自体の対象地域の用例は未確認のため未確定一覧に残す。"
"zh-Hant-TW","names","Drop (Reset to Hand)","返回手中","function-reviewed","https://github.com/gummidot/VRCLens-Addons/blob/main/README_JP.md","Drop (Reset to Hand) / 機能説明・設定表","","作者の日本語機能説明と英語キーで機能の意味を照合。訳語自体の対象地域の用例は未確認のため未確定一覧に残す。"
"zh-Hant-TW","names","Move Drone Vertical","垂直移動無人機","function-reviewed","https://github.com/gummidot/VRCLens-Addons/blob/main/README_JP.md","Move Drone Vertical / 機能説明・設定表","","作者の日本語機能説明と英語キーで機能の意味を照合。訳語自体の対象地域の用例は未確認のため未確定一覧に残す。"
"zh-Hant-TW","names","Camera Pins & Dolly","相機機位與軌道移動","function-reviewed","https://github.com/gummidot/VRCLens-Addons/blob/main/README_JP.md","Camera Pins & Dolly / 機能説明・設定表","","作者の日本語機能説明と英語キーで機能の意味を照合。訳語自体の対象地域の用例は未確認のため未確定一覧に残す。"
"zh-Hant-TW","names","Teleport","傳送","function-reviewed","https://github.com/gummidot/VRCLens-Addons/blob/main/README_JP.md","Teleport / 機能説明・設定表","","作者の日本語機能説明と英語キーで機能の意味を照合。訳語自体の対象地域の用例は未確認のため未確定一覧に残す。"
"zh-Hant-TW","names","Dolly","軌道移動","function-reviewed","https://github.com/gummidot/VRCLens-Addons/blob/main/README_JP.md","Dolly / 機能説明・設定表","","作者の日本語機能説明と英語キーで機能の意味を照合。訳語自体の対象地域の用例は未確認のため未確定一覧に残す。"
"zh-Hant-TW","names","Reset to Hand","返回手中","function-reviewed","https://github.com/gummidot/VRCLens-Addons/blob/main/README_JP.md","Reset to Hand / 機能説明・設定表","","作者の日本語機能説明と英語キーで機能の意味を照合。訳語自体の対象地域の用例は未確認のため未確定一覧に残す。"
"zh-Hant-TW","names","Show Pins","顯示機位","function-reviewed","https://github.com/gummidot/VRCLens-Addons/blob/main/README_JP.md","Show Pins / 機能説明・設定表","","作者の日本語機能説明と英語キーで機能の意味を照合。訳語自体の対象地域の用例は未確認のため未確定一覧に残す。"
"zh-Hant-TW","names","Show Path","顯示路徑","function-reviewed","https://github.com/gummidot/VRCLens-Addons/blob/main/README_JP.md","Show Path / 機能説明・設定表","","作者の日本語機能説明と英語キーで機能の意味を照合。訳語自体の対象地域の用例は未確認のため未確定一覧に残す。"
"zh-Hant-TW","names","Show Numbers","顯示編號","function-reviewed","https://github.com/gummidot/VRCLens-Addons/blob/main/README_JP.md","Show Numbers / 機能説明・設定表","","作者の日本語機能説明と英語キーで機能の意味を照合。訳語自体の対象地域の用例は未確認のため未確定一覧に残す。"
"zh-Hant-TW","names","Play","播放","function-reviewed","https://github.com/gummidot/VRCLens-Addons/blob/main/README_JP.md","Play / 機能説明・設定表","","作者の日本語機能説明と英語キーで機能の意味を照合。訳語自体の対象地域の用例は未確認のため未確定一覧に残す。"
"zh-Hant-TW","names","Stop","停止","function-reviewed","https://github.com/gummidot/VRCLens-Addons/blob/main/README_JP.md","Stop / 機能説明・設定表","","作者の日本語機能説明と英語キーで機能の意味を照合。訳語自体の対象地域の用例は未確認のため未確定一覧に残す。"
"zh-Hant-TW","names","Playback","播放位置","function-reviewed","https://github.com/gummidot/VRCLens-Addons/blob/main/README_JP.md","Playback / 機能説明・設定表","","作者の日本語機能説明と英語キーで機能の意味を照合。訳語自体の対象地域の用例は未確認のため未確定一覧に残す。"
"zh-Hant-TW","names","Move","移動","function-reviewed","https://github.com/gummidot/VRCLens-Addons/blob/main/README_JP.md","Move / 機能説明・設定表","","作者の日本語機能説明と英語キーで機能の意味を照合。訳語自体の対象地域の用例は未確認のため未確定一覧に残す。"
"zh-Hant-TW","names","Go To Pin","前往機位","function-reviewed","https://github.com/gummidot/VRCLens-Addons/blob/main/README_JP.md","Go To Pin / 機能説明・設定表","","作者の日本語機能説明と英語キーで機能の意味を照合。訳語自体の対象地域の用例は未確認のため未確定一覧に残す。"
"zh-Hant-TW","names","Duration","持續時間","function-reviewed","https://github.com/gummidot/VRCLens-Addons/blob/main/README_JP.md","Duration / 機能説明・設定表","","作者の日本語機能説明と英語キーで機能の意味を照合。訳語自体の対象地域の用例は未確認のため未確定一覧に残す。"
"zh-Hant-TW","names","Loop","循環","function-reviewed","https://github.com/gummidot/VRCLens-Addons/blob/main/README_JP.md","Loop / 機能説明・設定表","","作者の日本語機能説明と英語キーで機能の意味を照合。訳語自体の対象地域の用例は未確認のため未確定一覧に残す。"
"zh-Hant-TW","names","Delay","延遲","function-reviewed","https://github.com/gummidot/VRCLens-Addons/blob/main/README_JP.md","Delay / 機能説明・設定表","","作者の日本語機能説明と英語キーで機能の意味を照合。訳語自体の対象地域の用例は未確認のため未確定一覧に残す。"
"zh-Hant-TW","names","Path","路徑","function-reviewed","https://github.com/gummidot/VRCLens-Addons/blob/main/README_JP.md","Path / 機能説明・設定表","","作者の日本語機能説明と英語キーで機能の意味を照合。訳語自体の対象地域の用例は未確認のため未確定一覧に残す。"
"zh-Hant-TW","names","Hand Rotate (Pins)","手動旋轉（機位）","function-reviewed","https://github.com/gummidot/VRCLens-Addons/blob/main/README_JP.md","Hand Rotate (Pins) / 機能説明・設定表","","作者の日本語機能説明と英語キーで機能の意味を照合。訳語自体の対象地域の用例は未確認のため未確定一覧に残す。"
"zh-Hant-TW","names","Hand Offset","手部偏移","function-reviewed","https://github.com/gummidot/VRCLens-Addons/blob/main/README_JP.md","Hand Offset / 機能説明・設定表","","作者の日本語機能説明と英語キーで機能の意味を照合。訳語自体の対象地域の用例は未確認のため未確定一覧に残す。"
"zh-Hant-TW","names","Drop Next","放置下一機位","function-reviewed","https://github.com/gummidot/VRCLens-Addons/blob/main/README_JP.md","Drop Next / 機能説明・設定表","","作者の日本語機能説明と英語キーで機能の意味を照合。訳語自体の対象地域の用例は未確認のため未確定一覧に残す。"
"zh-Hant-TW","names","Clear All (Hold)","清除全部（長按）","function-reviewed","https://github.com/gummidot/VRCLens-Addons/blob/main/README_JP.md","Camera Pins & Dolly / 機能説明・設定表","","作者の日本語機能説明と英語キーで機能の意味を照合。訳語自体の対象地域の用例は未確認のため未確定一覧に残す。"
"zh-Hant-TW","names","Full","全方向","function-reviewed","https://github.com/gummidot/VRCLens-Addons/blob/main/README_JP.md","Full / 機能説明・設定表","","作者の日本語機能説明と英語キーで機能の意味を照合。訳語自体の対象地域の用例は未確認のため未確定一覧に残す。"
"zh-Hant-TW","names","Vertical","僅垂直","function-reviewed","https://github.com/gummidot/VRCLens-Addons/blob/main/README_JP.md","Vertical / 機能説明・設定表","","作者の日本語機能説明と英語キーで機能の意味を照合。訳語自体の対象地域の用例は未確認のため未確定一覧に残す。"
"zh-Hant-TW","names","Teleport Next","傳送到下一機位","function-reviewed","https://github.com/gummidot/VRCLens-Addons/blob/main/README_JP.md","Teleport Next / 機能説明・設定表","","作者の日本語機能説明と英語キーで機能の意味を照合。訳語自体の対象地域の用例は未確認のため未確定一覧に残す。"
"zh-Hant-TW","names","Reverse","往返","function-reviewed","https://github.com/gummidot/VRCLens-Addons/blob/main/README_JP.md","Reverse / 機能説明・設定表","","作者の日本語機能説明と英語キーで機能の意味を照合。訳語自体の対象地域の用例は未確認のため未確定一覧に残す。"
"zh-Hant-TW","names","Linear","線性","function-reviewed","https://github.com/gummidot/VRCLens-Addons/blob/main/README_JP.md","Linear / 機能説明・設定表","","作者の日本語機能説明と英語キーで機能の意味を照合。訳語自体の対象地域の用例は未確認のため未確定一覧に残す。"
"zh-Hant-TW","names","Smooth","平滑","function-reviewed","https://github.com/gummidot/VRCLens-Addons/blob/main/README_JP.md","Smooth / 機能説明・設定表","","作者の日本語機能説明と英語キーで機能の意味を照合。訳語自体の対象地域の用例は未確認のため未確定一覧に残す。"
"zh-Hant-TW","names","Fitted","擬合曲線","function-reviewed","https://github.com/gummidot/VRCLens-Addons/blob/main/README_JP.md","Fitted / 機能説明・設定表","","作者の日本語機能説明と英語キーで機能の意味を照合。訳語自体の対象地域の用例は未確認のため未確定一覧に残す。"
"zh-Hant-TW","names","Preset Saver","預設儲存","function-reviewed","https://github.com/gummidot/VRCLens-Addons/blob/main/README_JP.md","Preset Saver / 機能説明・設定表","","作者の日本語機能説明と英語キーで機能の意味を照合。訳語自体の対象地域の用例は未確認のため未確定一覧に残す。"
"zh-Hant-TW","names","Save","儲存","function-reviewed","https://github.com/gummidot/VRCLens-Addons/blob/main/README_JP.md","Save / 機能説明・設定表","","作者の日本語機能説明と英語キーで機能の意味を照合。訳語自体の対象地域の用例は未確認のため未確定一覧に残す。"
"zh-Hant-TW","names","Load","載入","function-reviewed","https://github.com/gummidot/VRCLens-Addons/blob/main/README_JP.md","Load / 機能説明・設定表","","作者の日本語機能説明と英語キーで機能の意味を照合。訳語自体の対象地域の用例は未確認のため未確定一覧に残す。"
"zh-Hant-TW","names","Load Defaults","恢復預設設定","function-reviewed","https://github.com/gummidot/VRCLens-Addons/blob/main/README_JP.md","Load Defaults / 機能説明・設定表","","作者の日本語機能説明と英語キーで機能の意味を照合。訳語自体の対象地域の用例は未確認のため未確定一覧に残す。"
"zh-Hant-TW","names","Favorites","收藏","function-reviewed","https://github.com/gummidot/VRCLens-Addons/blob/main/README_JP.md","Favorites / 機能説明・設定表","","作者の日本語機能説明と英語キーで機能の意味を照合。訳語自体の対象地域の用例は未確認のため未確定一覧に残す。"
"zh-Hant-TW","directions","TOP","上","review-required","","","","英語キーと既存訳の意味・表記を点検。対象言語の適切な外部出典は未確認。既存訳を維持し、公式訳とは扱わない。"
"zh-Hant-TW","directions","UP","上","review-required","","","","英語キーと既存訳の意味・表記を点検。対象言語の適切な外部出典は未確認。既存訳を維持し、公式訳とは扱わない。"
"zh-Hant-TW","directions","RIGHT","右","review-required","","","","英語キーと既存訳の意味・表記を点検。対象言語の適切な外部出典は未確認。既存訳を維持し、公式訳とは扱わない。"
"zh-Hant-TW","directions","BOTTOM","下","review-required","","","","英語キーと既存訳の意味・表記を点検。対象言語の適切な外部出典は未確認。既存訳を維持し、公式訳とは扱わない。"
"zh-Hant-TW","directions","DOWN","下","review-required","","","","英語キーと既存訳の意味・表記を点検。対象言語の適切な外部出典は未確認。既存訳を維持し、公式訳とは扱わない。"
"zh-Hant-TW","directions","LEFT","左","review-required","","","","英語キーと既存訳の意味・表記を点検。対象言語の適切な外部出典は未確認。既存訳を維持し、公式訳とは扱わない。"
"zh-Hant-TW","directions","FORWARD","前","review-required","","","","英語キーと既存訳の意味・表記を点検。対象言語の適切な外部出典は未確認。既存訳を維持し、公式訳とは扱わない。"
"zh-Hant-TW","directions","BACK","後","review-required","","","","英語キーと既存訳の意味・表記を点検。対象言語の適切な外部出典は未確認。既存訳を維持し、公式訳とは扱わない。"
"zh-Hant-TW","dynamic","Next","下一頁","review-required","","","","英語キーと既存訳の意味・表記を点検。対象言語の適切な外部出典は未確認。既存訳を維持し、公式訳とは扱わない。"
"zh-Hant-TW","dynamic","CameraPin","機位{0}","function-reviewed","https://github.com/gummidot/VRCLens-Addons/blob/main/README_JP.md","Camera Pins & Dolly / 機能説明・設定表","","作者の日本語機能説明と英語キーで機能の意味を照合。訳語自体の対象地域の用例は未確認のため未確定一覧に残す。"
"zh-Hant-TW","dynamic","Seconds","{0}秒","function-reviewed","https://github.com/gummidot/VRCLens-Addons/blob/main/README_JP.md","Duration / 機能説明・設定表","","作者の日本語機能説明と英語キーで機能の意味を照合。訳語自体の対象地域の用例は未確認のため未確定一覧に残す。"
"zh-Hant-TW","dynamic","Minutes","{0}分鐘","function-reviewed","https://github.com/gummidot/VRCLens-Addons/blob/main/README_JP.md","Duration / 機能説明・設定表","","作者の日本語機能説明と英語キーで機能の意味を照合。訳語自体の対象地域の用例は未確認のため未確定一覧に残す。"
"zh-Hant-TW","dynamic","WorldDrop","固定於世界","review-required","","","","英語キーと既存訳の意味・表記を点検。対象言語の適切な外部出典は未確認。既存訳を維持し、公式訳とは扱わない。"
"zh-Hant-TW","dynamic","CameraPinDrop","放置機位","function-reviewed","https://github.com/gummidot/VRCLens-Addons/blob/main/README_JP.md","Camera Pins & Dolly / 機能説明・設定表","","作者の日本語機能説明と英語キーで機能の意味を照合。訳語自体の対象地域の用例は未確認のため未確定一覧に残す。"
"zh-Hant-TW","dynamic","VignetteSoftness","邊緣柔化","function-reviewed","https://github.com/gummidot/VRCLens-Addons/blob/main/README_JP.md","Vignette / 機能説明・設定表","","作者の日本語機能説明と英語キーで機能の意味を照合。訳語自体の対象地域の用例は未確認のため未確定一覧に残す。"
"zh-Hant-TW","dynamic","FisheyeCenterX","水平位置","function-reviewed","https://github.com/gummidot/VRCLens-Addons/blob/main/README_JP.md","Fisheye Lens / 機能説明・設定表","","作者の日本語機能説明と英語キーで機能の意味を照合。訳語自体の対象地域の用例は未確認のため未確定一覧に残す。"
"zh-Hant-TW","dynamic","FisheyeCenterY","垂直位置","function-reviewed","https://github.com/gummidot/VRCLens-Addons/blob/main/README_JP.md","Fisheye Lens / 機能説明・設定表","","作者の日本語機能説明と英語キーで機能の意味を照合。訳語自体の対象地域の用例は未確認のため未確定一覧に残す。"
"zh-Hant-TW","dynamic","ZoomInSpeed4","遠攝端 速度4","review-required","","","","英語キーと既存訳の意味・表記を点検。対象言語の適切な外部出典は未確認。既存訳を維持し、公式訳とは扱わない。"
"zh-Hant-TW","dynamic","ZoomOutSpeed4","廣角端 速度4","review-required","","","","英語キーと既存訳の意味・表記を点検。対象言語の適切な外部出典は未確認。既存訳を維持し、公式訳とは扱わない。"
"zh-Hant-TW","featureBlanks","100","廣角端 速度1","review-required","","","","英語キーと既存訳の意味・表記を点検。対象言語の適切な外部出典は未確認。既存訳を維持し、公式訳とは扱わない。"
"zh-Hant-TW","featureBlanks","101","廣角端 速度2","review-required","","","","英語キーと既存訳の意味・表記を点検。対象言語の適切な外部出典は未確認。既存訳を維持し、公式訳とは扱わない。"
"zh-Hant-TW","featureBlanks","102","廣角端 速度3","review-required","","","","英語キーと既存訳の意味・表記を点検。対象言語の適切な外部出典は未確認。既存訳を維持し、公式訳とは扱わない。"
"zh-Hant-TW","featureBlanks","104","遠攝端 速度1","review-required","","","","英語キーと既存訳の意味・表記を点検。対象言語の適切な外部出典は未確認。既存訳を維持し、公式訳とは扱わない。"
"zh-Hant-TW","featureBlanks","105","遠攝端 速度2","review-required","","","","英語キーと既存訳の意味・表記を点検。対象言語の適切な外部出典は未確認。既存訳を維持し、公式訳とは扱わない。"
"zh-Hant-TW","featureBlanks","106","遠攝端 速度3","review-required","","","","英語キーと既存訳の意味・表記を点検。対象言語の適切な外部出典は未確認。既存訳を維持し、公式訳とは扱わない。"
"zh-Hant-TW","featureBlanks","108","曝光補償 -1/3級","review-required","","","","英語キーと既存訳の意味・表記を点検。対象言語の適切な外部出典は未確認。既存訳を維持し、公式訳とは扱わない。"
"zh-Hant-TW","featureBlanks","110","曝光補償 +1/3級","review-required","","","","英語キーと既存訳の意味・表記を点検。対象言語の適切な外部出典は未確認。既存訳を維持し、公式訳とは扱わない。"
"zh-Hant-TW","featureBlanks","113","WB校正：藍色方向","review-required","","","","英語キーと既存訳の意味・表記を点検。対象言語の適切な外部出典は未確認。既存訳を維持し、公式訳とは扱わない。"
"zh-Hant-TW","featureBlanks","114","WB校正：重設","review-required","","","","英語キーと既存訳の意味・表記を点検。対象言語の適切な外部出典は未確認。既存訳を維持し、公式訳とは扱わない。"
"zh-Hant-TW","featureBlanks","115","WB校正：琥珀色方向","review-required","","","","英語キーと既存訳の意味・表記を点検。対象言語の適切な外部出典は未確認。既存訳を維持し、公式訳とは扱わない。"
"zh-Hant-TW","featureBlanks","117","近端 中","review-required","","","","英語キーと既存訳の意味・表記を点検。対象言語の適切な外部出典は未確認。既存訳を維持し、公式訳とは扱わない。"
"zh-Hant-TW","featureBlanks","118","近端 小","review-required","","","","英語キーと既存訳の意味・表記を点検。対象言語の適切な外部出典は未確認。既存訳を維持し、公式訳とは扱わない。"
"zh-Hant-TW","featureBlanks","120","遠端 小","review-required","","","","英語キーと既存訳の意味・表記を点検。対象言語の適切な外部出典は未確認。既存訳を維持し、公式訳とは扱わない。"
"zh-Hant-TW","featureBlanks","121","遠端 中","review-required","","","","英語キーと既存訳の意味・表記を点検。対象言語の適切な外部出典は未確認。既存訳を維持し、公式訳とは扱わない。"
"zh-Hant-TW","featureBlanks","129","稍微向上看","review-required","","","","英語キーと既存訳の意味・表記を点検。対象言語の適切な外部出典は未確認。既存訳を維持し、公式訳とは扱わない。"
"zh-Hant-TW","featureBlanks","130","稍微向下看","review-required","","","","英語キーと既存訳の意味・表記を点検。対象言語の適切な外部出典は未確認。既存訳を維持し、公式訳とは扱わない。"
"zh-Hant-TW","sensorBlanks","0","35mm全片幅","review-required","","","","英語キーと既存訳の意味・表記を点検。対象言語の適切な外部出典は未確認。既存訳を維持し、公式訳とは扱わない。"
"zh-Hant-TW","sensorBlanks","1","APS-H","review-required","","","","英語キーと既存訳の意味・表記を点検。対象言語の適切な外部出典は未確認。既存訳を維持し、公式訳とは扱わない。"
"zh-Hant-TW","sensorBlanks","2","APS-C（1.5倍）","review-required","","","","英語キーと既存訳の意味・表記を点検。対象言語の適切な外部出典は未確認。既存訳を維持し、公式訳とは扱わない。"
"zh-Hant-TW","sensorBlanks","3","APS-C（1.6倍）","review-required","","","","英語キーと既存訳の意味・表記を点検。対象言語の適切な外部出典は未確認。既存訳を維持し、公式訳とは扱わない。"
"zh-Hant-TW","sensorBlanks","4","微型4/3","review-required","","","","英語キーと既存訳の意味・表記を点検。対象言語の適切な外部出典は未確認。既存訳を維持し、公式訳とは扱わない。"
"zh-Hant-TW","sensorBlanks","5","1.0吋","review-required","","","","英語キーと既存訳の意味・表記を点検。対象言語の適切な外部出典は未確認。既存訳を維持し、公式訳とは扱わない。"
"zh-Hant-TW","tonemapBlanks","0","關閉","review-required","","","","英語キーと既存訳の意味・表記を点検。対象言語の適切な外部出典は未確認。既存訳を維持し、公式訳とは扱わない。"
"zh-Hant-TW","tonemapBlanks","1","電影感1","review-required","","","","英語キーと既存訳の意味・表記を点検。対象言語の適切な外部出典は未確認。既存訳を維持し、公式訳とは扱わない。"
"zh-Hant-TW","tonemapBlanks","2","電影感2","review-required","","","","英語キーと既存訳の意味・表記を点検。対象言語の適切な外部出典は未確認。既存訳を維持し、公式訳とは扱わない。"
"zh-Hant-TW","tonemapBlanks","3","HLG","review-required","","","","英語キーと既存訳の意味・表記を点検。対象言語の適切な外部出典は未確認。既存訳を維持し、公式訳とは扱わない。"
"zh-Hant-TW","tonemapBlanks","4","中性","review-required","","","","英語キーと既存訳の意味・表記を点検。対象言語の適切な外部出典は未確認。既存訳を維持し、公式訳とは扱わない。"
"ko-KR","names","Enable","활성화","review-required","","","","英語キーと既存訳の意味・表記を点検。対象言語の適切な外部出典は未確認。既存訳を維持し、公式訳とは扱わない。"
"ko-KR","names","Advanced","상세 설정","review-required","","","","英語キーと既存訳の意味・表記を点検。対象言語の適切な外部出典は未確認。既存訳を維持し、公式訳とは扱わない。"
"ko-KR","names","Zoom","줌","review-required","","","","英語キーと既存訳の意味・表記を点検。対象言語の適切な外部出典は未確認。既存訳を維持し、公式訳とは扱わない。"
"ko-KR","names","Drone","드론","review-required","","","","英語キーと既存訳の意味・表記を点検。対象言語の適切な外部出典は未確認。既存訳を維持し、公式訳とは扱わない。"
"ko-KR","names","Settings","설정","review-required","","","","英語キーと既存訳の意味・表記を点検。対象言語の適切な外部出典は未確認。既存訳を維持し、公式訳とは扱わない。"
"ko-KR","names","Focus","초점","canon-exact","https://cam.start.canon/ko/C004/manual/html/UG-04_AF-Drive_0090.html","UG-04_AF-Drive_0090.html / Focus","초점","対象言語の該当撮影機能本文を照合。canon-exactは同じ用語表記の一致、canon-adaptedは機能の意味に基づく作成表現。VRCLens自体の公式訳ではない。"
"ko-KR","names","Reset","초기화","review-required","","","","英語キーと既存訳の意味・表記を点検。対象言語の適切な外部出典は未確認。既存訳を維持し、公式訳とは扱わない。"
"ko-KR","names","Exposure","노출","canon-exact","https://cam.start.canon/ko/C004/manual/html/UG-03_Shooting-1_0400.html","UG-03_Shooting-1_0400.html / Exposure","노출","対象言語の該当撮影機能本文を照合。canon-exactは同じ用語表記の一致、canon-adaptedは機能の意味に基づく作成表現。VRCLens自体の公式訳ではない。"
"ko-KR","names","Filters","필터","review-required","","","","英語キーと既存訳の意味・表記を点検。対象言語の適切な外部出典は未確認。既存訳を維持し、公式訳とは扱わない。"
"ko-KR","names","Stabilize","손떨림 보정","canon-adapted","https://cam.start.canon/ko/C004/manual/html/UG-03_Shooting-1_0290.html","UG-03_Shooting-1_0290.html / Stabilize","","対象言語の該当撮影機能本文を照合。canon-exactは同じ用語表記の一致、canon-adaptedは機能の意味に基づく作成表現。VRCLens自体の公式訳ではない。"
"ko-KR","names","Aperture","조리개","canon-exact","https://cam.start.canon/ko/C004/manual/html/UG-02_ShootingMode_0070.html","UG-02_ShootingMode_0070.html / Aperture","조리개","対象言語の該当撮影機能本文を照合。canon-exactは同じ用語表記の一致、canon-adaptedは機能の意味に基づく作成表現。VRCLens自体の公式訳ではない。"
"ko-KR","names","Portrait","세로 방향","review-required","","","","英語キーと既存訳の意味・表記を点検。対象言語の適切な外部出典は未確認。既存訳を維持し、公式訳とは扱わない。"
"ko-KR","names","Display","표시","canon-exact","https://cam.start.canon/ko/C004/manual/html/UG-03_Shooting-1_0360.html","UG-03_Shooting-1_0360.html / Display","표시","対象言語の該当撮影機能本文を照合。canon-exactは同じ用語表記の一致、canon-adaptedは機能の意味に基づく作成表現。VRCLens自体の公式訳ではない。"
"ko-KR","names","Normal","표준","canon-exact","https://cam.start.canon/ko/C004/manual/html/UG-03_Shooting-1_0140.html","UG-03_Shooting-1_0140.html / Normal","표준","対象言語の該当撮影機能本文を照合。canon-exactは同じ用語表記の一致、canon-adaptedは機能の意味に基づく作成表現。VRCLens自体の公式訳ではない。"
"ko-KR","names","Depth Cool","심도·쿨","review-required","","","","英語キーと既存訳の意味・表記を点検。対象言語の適切な外部出典は未確認。既存訳を維持し、公式訳とは扱わない。"
"ko-KR","names","Depth Cute","심도·큐트","review-required","","","","英語キーと既存訳の意味・表記を点検。対象言語の適切な外部出典は未確認。既存訳を維持し、公式訳とは扱わない。"
"ko-KR","names","Spotlight","스포트라이트","review-required","","","","英語キーと既存訳の意味・表記を点検。対象言語の適切な外部出典は未確認。既存訳を維持し、公式訳とは扱わない。"
"ko-KR","names","Green Back","그린백","review-required","","","","英語キーと既存訳の意味・表記を点検。対象言語の適切な外部出典は未確認。既存訳を維持し、公式訳とは扱わない。"
"ko-KR","names","Blue Back","블루백","review-required","","","","英語キーと既存訳の意味・表記を点検。対象言語の適切な外部出典は未確認。既存訳を維持し、公式訳とは扱わない。"
"ko-KR","names","RIGHT","오른쪽","review-required","","","","英語キーと既存訳の意味・表記を点検。対象言語の適切な外部出典は未確認。既存訳を維持し、公式訳とは扱わない。"
"ko-KR","names","UP","위","review-required","","","","英語キーと既存訳の意味・表記を点検。対象言語の適切な外部出典は未確認。既存訳を維持し、公式訳とは扱わない。"
"ko-KR","names","DOWN","아래","review-required","","","","英語キーと既存訳の意味・表記を点検。対象言語の適切な外部出典は未確認。既存訳を維持し、公式訳とは扱わない。"
"ko-KR","names","LEFT","왼쪽","review-required","","","","英語キーと既存訳の意味・表記を点検。対象言語の適切な外部出典は未確認。既存訳を維持し、公式訳とは扱わない。"
"ko-KR","names","Show/Hide","표시 전환","review-required","","","","英語キーと既存訳の意味・表記を点検。対象言語の適切な外部出典は未確認。既存訳を維持し、公式訳とは扱わない。"
"ko-KR","names","Color","색상","review-required","","","","英語キーと既存訳の意味・表記を点検。対象言語の適切な外部出典は未確認。既存訳を維持し、公式訳とは扱わない。"
"ko-KR","names","Hexagon","육각형","review-required","","","","英語キーと既存訳の意味・表記を点検。対象言語の適切な外部出典は未確認。既存訳を維持し、公式訳とは扱わない。"
"ko-KR","names","Octagon","팔각형","review-required","","","","英語キーと既存訳の意味・表記を点検。対象言語の適切な外部出典は未確認。既存訳を維持し、公式訳とは扱わない。"
"ko-KR","names","Square","사각형","review-required","","","","英語キーと既存訳の意味・表記を点検。対象言語の適切な外部出典は未確認。既存訳を維持し、公式訳とは扱わない。"
"ko-KR","names","Look At Face","얼굴로 향하기","review-required","","","","英語キーと既存訳の意味・表記を点検。対象言語の適切な外部出典は未確認。既存訳を維持し、公式訳とは扱わない。"
"ko-KR","names","Look Up","위로 향하기","review-required","","","","英語キーと既存訳の意味・表記を点検。対象言語の適切な外部出典は未確認。既存訳を維持し、公式訳とは扱わない。"
"ko-KR","names","Look Down","아래로 향하기","review-required","","","","英語キーと既存訳の意味・表記を点検。対象言語の適切な外部出典は未確認。既存訳を維持し、公式訳とは扱わない。"
"ko-KR","names","Look At Feet","발 쪽으로 향하기","review-required","","","","英語キーと既存訳の意味・表記を点検。対象言語の適切な外部出典は未確認。既存訳を維持し、公式訳とは扱わない。"
"ko-KR","names","Track Self","자신 추적","review-required","","","","英語キーと既存訳の意味・表記を点検。対象言語の適切な外部出典は未確認。既存訳を維持し、公式訳とは扱わない。"
"ko-KR","names","Track Self...","자신 추적...","review-required","","","","英語キーと既存訳の意味・表記を点検。対象言語の適切な外部出典は未確認。既存訳を維持し、公式訳とは扱わない。"
"ko-KR","names","Infinity","무한대","review-required","","","","英語キーと既存訳の意味・表記を点検。対象言語の適切な外部出典は未確認。既存訳を維持し、公式訳とは扱わない。"
"ko-KR","names","Auto Focus","AF","canon-exact","https://cam.start.canon/ko/C004/manual/html/UG-04_AF-Drive_0040.html","UG-04_AF-Drive_0040.html / Auto Focus","AF","対象言語の該当撮影機能本文を照合。canon-exactは同じ用語表記の一致、canon-adaptedは機能の意味に基づく作成表現。VRCLens自体の公式訳ではない。"
"ko-KR","names","Manual Focus","MF","canon-exact","https://cam.start.canon/ko/C004/manual/html/UG-04_AF-Drive_0090.html","UG-04_AF-Drive_0090.html / Manual Focus","MF","対象言語の該当撮影機能本文を照合。canon-exactは同じ用語表記の一致、canon-adaptedは機能の意味に基づく作成表現。VRCLens自体の公式訳ではない。"
"ko-KR","names","Macro","매크로","review-required","","","","英語キーと既存訳の意味・表記を点検。対象言語の適切な外部出典は未確認。既存訳を維持し、公式訳とは扱わない。"
"ko-KR","names","Picture Style","픽쳐스타일","canon-exact","https://cam.start.canon/ko/C004/manual/html/UG-03_Shooting-1_0140.html","UG-03_Shooting-1_0140.html / Picture Style","픽쳐스타일","対象言語の該当撮影機能本文を照合。canon-exactは同じ用語表記の一致、canon-adaptedは機能の意味に基づく作成表現。VRCLens自体の公式訳ではない。"
"ko-KR","names","Quick Selfie","셀카","review-required","","","","英語キーと既存訳の意味・表記を点検。対象言語の適切な外部出典は未確認。既存訳を維持し、公式訳とは扱わない。"
"ko-KR","names","Extra...","기타...","review-required","","","","英語キーと既存訳の意味・表記を点検。対象言語の適切な外部出典は未確認。既存訳を維持し、公式訳とは扱わない。"
"ko-KR","names","Movie Mode","동영상 모드","review-required","","","","英語キーと既存訳の意味・表記を点検。対象言語の適切な外部出典は未確認。既存訳を維持し、公式訳とは扱わない。"
"ko-KR","names","Avatar-Drop","아바타 고정","review-required","","","","英語キーと既存訳の意味・表記を点検。対象言語の適切な外部出典は未確認。既存訳を維持し、公式訳とは扱わない。"
"ko-KR","names","3D Mode","3D 모드","review-required","","","","英語キーと既存訳の意味・表記を点検。対象言語の適切な外部出典は未確認。既存訳を維持し、公式訳とは扱わない。"
"ko-KR","names","Mount Swap","마운트 전환","review-required","","","","英語キーと既存訳の意味・表記を点検。対象言語の適切な外部出典は未確認。既存訳を維持し、公式訳とは扱わない。"
"ko-KR","names","Hide Lens","렌즈 숨기기","review-required","","","","英語キーと既存訳の意味・表記を点検。対象言語の適切な外部出典は未確認。既存訳を維持し、公式訳とは扱わない。"
"ko-KR","names","Increase","조리개 닫기","canon-adapted","https://cam.start.canon/ko/C004/manual/html/UG-02_ShootingMode_0070.html","UG-02_ShootingMode_0070.html / Increase","","対象言語の該当撮影機能本文を照合。canon-exactは同じ用語表記の一致、canon-adaptedは機能の意味に基づく作成表現。VRCLens自体の公式訳ではない。"
"ko-KR","names","Decrease","조리개 열기","canon-adapted","https://cam.start.canon/ko/C004/manual/html/UG-02_ShootingMode_0070.html","UG-02_ShootingMode_0070.html / Decrease","","対象言語の該当撮影機能本文を照合。canon-exactは同じ用語表記の一致、canon-adaptedは機能の意味に基づく作成表現。VRCLens自体の公式訳ではない。"
"ko-KR","names","Sensor Type","센서 크기","review-required","","","","英語キーと既存訳の意味・表記を点検。対象言語の適切な外部出典は未確認。既存訳を維持し、公式訳とは扱わない。"
"ko-KR","names","DoF Mode","피사계 심도","canon-exact","https://cam.start.canon/ko/C004/manual/html/UG-02_ShootingMode_0070.html","UG-02_ShootingMode_0070.html / DoF Mode","피사계 심도","対象言語の該当撮影機能本文を照合。canon-exactは同じ用語表記の一致、canon-adaptedは機能の意味に基づく作成表現。VRCLens自体の公式訳ではない。"
"ko-KR","names","Av Dial","조리개 값","canon-exact","https://cam.start.canon/ko/C004/manual/html/UG-02_ShootingMode_0070.html","UG-02_ShootingMode_0070.html / Av Dial","조리개 값","対象言語の該当撮影機能本文を照合。canon-exactは同じ用語表記の一致、canon-adaptedは機能の意味に基づく作成表現。VRCLens自体の公式訳ではない。"
"ko-KR","names","Bokeh Shape","보케 모양","review-required","","","","英語キーと既存訳の意味・表記を点検。対象言語の適切な外部出典は未確認。既存訳を維持し、公式訳とは扱わない。"
"ko-KR","names","V. Horizon","전자 수평계","canon-adapted","https://cam.start.canon/ko/C004/manual/html/UG-03_Shooting-1_0360.html","UG-03_Shooting-1_0360.html / V. Horizon","","対象言語の該当撮影機能本文を照合。canon-exactは同じ用語表記の一致、canon-adaptedは機能の意味に基づく作成表現。VRCLens自体の公式訳ではない。"
"ko-KR","names","Grid","격자","canon-exact","https://cam.start.canon/ko/C004/manual/html/UG-03_Shooting-1_0360.html","UG-03_Shooting-1_0360.html / Grid","격자","対象言語の該当撮影機能本文を照合。canon-exactは同じ用語表記の一致、canon-adaptedは機能の意味に基づく作成表現。VRCLens自体の公式訳ではない。"
"ko-KR","names","Monitor","모니터","canon-adapted","https://cam.start.canon/ko/C004/manual/html/UG-03_Shooting-1_0360.html","UG-03_Shooting-1_0360.html / Monitor","","対象言語の該当撮影機能本文を照合。canon-exactは同じ用語表記の一致、canon-adaptedは機能の意味に基づく作成表現。VRCLens自体の公式訳ではない。"
"ko-KR","names","Move HUD","HUD 위치","review-required","","","","英語キーと既存訳の意味・表記を点検。対象言語の適切な外部出典は未確認。既存訳を維持し、公式訳とは扱わない。"
"ko-KR","names","Focus Peaking","MF 피킹","canon-exact","https://cam.start.canon/ko/C004/manual/html/UG-04_AF-Drive_0090.html","UG-04_AF-Drive_0090.html / Focus Peaking","MF 피킹","対象言語の該当撮影機能本文を照合。canon-exactは同じ用語表記の一致、canon-adaptedは機能の意味に基づく作成表現。VRCLens自体の公式訳ではない。"
"ko-KR","names","Hand-Rotate","손으로 회전","review-required","","","","英語キーと既存訳の意味・表記を点検。対象言語の適切な外部出典は未確認。既存訳を維持し、公式訳とは扱わない。"
"ko-KR","names","Change Angle","방향 변경","review-required","","","","英語キーと既存訳の意味・表記を点検。対象言語の適切な外部出典は未確認。既存訳を維持し、公式訳とは扱わない。"
"ko-KR","names","Tracking","추적","canon-exact","https://cam.start.canon/ko/C004/manual/html/UG-04_AF-Drive_0050.html","UG-04_AF-Drive_0050.html / Tracking","추적","対象言語の該当撮影機能本文を照合。canon-exactは同じ用語表記の一致、canon-adaptedは機能の意味に基づく作成表現。VRCLens自体の公式訳ではない。"
"ko-KR","names","Move Camera","카메라 이동","review-required","","","","英語キーと既存訳の意味・表記を点検。対象言語の適切な外部出典は未確認。既存訳を維持し、公式訳とは扱わない。"
"ko-KR","names","Drone Speed","드론 속도","review-required","","","","英語キーと既存訳の意味・表記を点検。対象言語の適切な外部出典は未確認。既存訳を維持し、公式訳とは扱わない。"
"ko-KR","names","Move Pivot","피벗 이동","review-required","","","","英語キーと既存訳の意味・表記を点検。対象言語の適切な外部出典は未確認。既存訳を維持し、公式訳とは扱わない。"
"ko-KR","names","Track Pivot","피벗 추적","review-required","","","","英語キーと既存訳の意味・表記を点検。対象言語の適切な外部出典は未確認。既存訳を維持し、公式訳とは扱わない。"
"ko-KR","names","Smoothing","부드러운 추적","review-required","","","","英語キーと既存訳の意味・表記を点検。対象言語の適切な外部出典は未確認。既存訳を維持し、公式訳とは扱わない。"
"ko-KR","names","Drop Pivot","피벗 설치","review-required","","","","英語キーと既存訳の意味・表記を点検。対象言語の適切な外部出典は未確認。既存訳を維持し、公式訳とは扱わない。"
"ko-KR","names","Vertical Lock","수직 고정","review-required","","","","英語キーと既存訳の意味・表記を点検。対象言語の適切な外部出典は未確認。既存訳を維持し、公式訳とは扱わない。"
"ko-KR","names","EV Dial","노출 보정","canon-exact","https://cam.start.canon/ko/C004/manual/html/UG-03_Shooting-1_0400.html","UG-03_Shooting-1_0400.html / EV Dial","노출 보정","対象言語の該当撮影機能本文を照合。canon-exactは同じ用語表記の一致、canon-adaptedは機能の意味に基づく作成表現。VRCLens自体の公式訳ではない。"
"ko-KR","names","Auto Exposure","자동 노출","canon-adapted","https://cam.start.canon/ko/C004/manual/html/UG-02_ShootingMode_0070.html","UG-02_ShootingMode_0070.html / Auto Exposure","","対象言語の該当撮影機能本文を照合。canon-exactは同じ用語表記の一致、canon-adaptedは機能の意味に基づく作成表現。VRCLens自体の公式訳ではない。"
"ko-KR","names","White Bal.","화이트 밸런스","canon-exact","https://cam.start.canon/ko/C004/manual/html/UG-03_Shooting-1_0110.html","UG-03_Shooting-1_0110.html / White Bal.","화이트 밸런스","対象言語の該当撮影機能本文を照合。canon-exactは同じ用語表記の一致、canon-adaptedは機能の意味に基づく作成表現。VRCLens自体の公式訳ではない。"
"ko-KR","names","Avatar AF","아바타 AF","review-required","","","","英語キーと既存訳の意味・表記を点検。対象言語の適切な外部出典は未確認。既存訳を維持し、公式訳とは扱わない。"
"ko-KR","names","Move Focus","초점 위치","canon-adapted","https://cam.start.canon/ko/C004/manual/html/UG-04_AF-Drive_0090.html","UG-04_AF-Drive_0090.html / Move Focus","","対象言語の該当撮影機能本文を照合。canon-exactは同じ用語表記の一致、canon-adaptedは機能の意味に基づく作成表現。VRCLens自体の公式訳ではない。"
"ko-KR","names","Pro Autofocus","고급 AF","review-required","","","","英語キーと既存訳の意味・表記を点検。対象言語の適切な外部出典は未確認。既存訳を維持し、公式訳とは扱わない。"
"ko-KR","names","Operation","AF 동작","canon-exact","https://cam.start.canon/ko/C004/manual/html/UG-04_AF-Drive_0040.html","UG-04_AF-Drive_0040.html / Operation","AF 동작","対象言語の該当撮影機能本文を照合。canon-exactは同じ用語表記の一致、canon-adaptedは機能の意味に基づく作成表現。VRCLens自体の公式訳ではない。"
"ko-KR","names","AF Area","AF 영역","canon-exact","https://cam.start.canon/ko/C004/manual/html/UG-04_AF-Drive_0050.html","UG-04_AF-Drive_0050.html / AF Area","AF 영역","対象言語の該当撮影機能本文を照合。canon-exactは同じ用語表記の一致、canon-adaptedは機能の意味に基づく作成表現。VRCLens自体の公式訳ではない。"
"ko-KR","names","Response","추적 감도","canon-exact","https://cam.start.canon/ko/C004/manual/html/UG-04_AF-Drive_0100.html","UG-04_AF-Drive_0100.html / Response","추적 감도","対象言語の該当撮影機能本文を照合。canon-exactは同じ用語表記の一致、canon-adaptedは機能の意味に基づく作成表現。VRCLens自体の公式訳ではない。"
"ko-KR","names","Drive Speed","AF 속도","canon-exact","https://cam.start.canon/ko/C004/manual/html/UG-04_AF-Drive_0110.html","UG-04_AF-Drive_0110.html / Drive Speed","AF 속도","対象言語の該当撮影機能本文を照合。canon-exactは同じ用語表記の一致、canon-adaptedは機能の意味に基づく作成表現。VRCLens自体の公式訳ではない。"
"ko-KR","names","AF-ON","AF 작동","review-required","","","","英語キーと既存訳の意味・表記を点検。対象言語の適切な外部出典は未確認。既存訳を維持し、公式訳とは扱わない。"
"ko-KR","names","AF Lock","AF 잠금","review-required","","","","英語キーと既存訳の意味・表記を点検。対象言語の適切な外部出典は未確認。既存訳を維持し、公式訳とは扱わない。"
"ko-KR","names","Focus Guide","초점 가이드","canon-exact","https://cam.start.canon/ko/C004/manual/html/UG-04_AF-Drive_0090.html","UG-04_AF-Drive_0090.html / Focus Guide","초점 가이드","対象言語の該当撮影機能本文を照合。canon-exactは同じ用語表記の一致、canon-adaptedは機能の意味に基づく作成表現。VRCLens自体の公式訳ではない。"
"ko-KR","names","One-Shot AF","One-Shot AF","canon-exact","https://cam.start.canon/ko/C004/manual/html/UG-04_AF-Drive_0040.html","UG-04_AF-Drive_0040.html / One-Shot AF","One-Shot AF","対象言語の該当撮影機能本文を照合。canon-exactは同じ用語表記の一致、canon-adaptedは機能の意味に基づく作成表現。VRCLens自体の公式訳ではない。"
"ko-KR","names","Servo AF","서보 AF","canon-exact","https://cam.start.canon/ko/C004/manual/html/UG-04_AF-Drive_0040.html","UG-04_AF-Drive_0040.html / Servo AF","서보 AF","対象言語の該当撮影機能本文を照合。canon-exactは同じ用語表記の一致、canon-adaptedは機能の意味に基づく作成表現。VRCLens自体の公式訳ではない。"
"ko-KR","names","Spot","스팟","canon-exact","https://cam.start.canon/ko/C004/manual/html/UG-04_AF-Drive_0050.html","UG-04_AF-Drive_0050.html / Spot","스팟","対象言語の該当撮影機能本文を照合。canon-exactは同じ用語表記の一致、canon-adaptedは機能の意味に基づく作成表現。VRCLens自体の公式訳ではない。"
"ko-KR","names","Zone","존","canon-exact","https://cam.start.canon/ko/C004/manual/html/UG-04_AF-Drive_0050.html","UG-04_AF-Drive_0050.html / Zone","존","対象言語の該当撮影機能本文を照合。canon-exactは同じ用語表記の一致、canon-adaptedは機能の意味に基づく作成表現。VRCLens自体の公式訳ではない。"
"ko-KR","names","Avatar Priority","아바타 우선","review-required","","","","英語キーと既存訳の意味・表記を点検。対象言語の適切な外部出典は未確認。既存訳を維持し、公式訳とは扱わない。"
"ko-KR","names","Locked-on","피사체에 고정","canon-exact","https://cam.start.canon/ko/C004/manual/html/UG-04_AF-Drive_0100.html","UG-04_AF-Drive_0100.html / Locked-on","피사체에 고정","対象言語の該当撮影機能本文を照合。canon-exactは同じ用語表記の一致、canon-adaptedは機能の意味に基づく作成表現。VRCLens自体の公式訳ではない。"
"ko-KR","names","Standard","표준","canon-exact","https://cam.start.canon/ko/C004/manual/html/UG-03_Shooting-1_0140.html","UG-03_Shooting-1_0140.html / Standard","표준","対象言語の該当撮影機能本文を照合。canon-exactは同じ用語表記の一致、canon-adaptedは機能の意味に基づく作成表現。VRCLens自体の公式訳ではない。"
"ko-KR","names","Responsive","즉시 반응","canon-exact","https://cam.start.canon/ko/C004/manual/html/UG-04_AF-Drive_0100.html","UG-04_AF-Drive_0100.html / Responsive","즉시 반응","対象言語の該当撮影機能本文を照合。canon-exactは同じ用語表記の一致、canon-adaptedは機能の意味に基づく作成表現。VRCLens自体の公式訳ではない。"
"ko-KR","names","Custom","추가 기능","review-required","","","","英語キーと既存訳の意味・表記を点検。対象言語の適切な外部出典は未確認。既存訳を維持し、公式訳とは扱わない。"
"ko-KR","names","Far Clip Plane","원거리 클리핑 평면","function-reviewed","https://github.com/gummidot/VRCLens-Addons/blob/main/README_JP.md","Far Clip Plane / 機能説明・設定表","","作者の日本語機能説明と英語キーで機能の意味を照合。訳語自体の対象地域の用例は未確認のため未確定一覧に残す。"
"ko-KR","names","Smooth DoF Edges","피사계 심도 경계 완화","function-reviewed","https://github.com/gummidot/VRCLens-Addons/blob/main/README_JP.md","Smooth DoF Edges / 機能説明・設定表","","作者の日本語機能説明と英語キーで機能の意味を照合。訳語自体の対象地域の用例は未確認のため未確定一覧に残す。"
"ko-KR","names","Softness","부드러움","function-reviewed","https://github.com/gummidot/VRCLens-Addons/blob/main/README_JP.md","Softness / 機能説明・設定表","","作者の日本語機能説明と英語キーで機能の意味を照合。訳語自体の対象地域の用例は未確認のため未確定一覧に残す。"
"ko-KR","names","Smooth Rotate","부드러운 회전","function-reviewed","https://github.com/gummidot/VRCLens-Addons/blob/main/README_JP.md","Smooth Rotate / 機能説明・設定表","","作者の日本語機能説明と英語キーで機能の意味を照合。訳語自体の対象地域の用例は未確認のため未確定一覧に残す。"
"ko-KR","names","Anamorphic Bokeh","아나모픽 보케","function-reviewed","https://github.com/gummidot/VRCLens-Addons/blob/main/README_JP.md","Anamorphic Bokeh / 機能説明・設定表","","作者の日本語機能説明と英語キーで機能の意味を照合。訳語自体の対象地域の用例は未確認のため未確定一覧に残す。"
"ko-KR","names","Chromatic Aberration","색 수차","canon-adapted","https://cam.start.canon/ko/C004/manual/html/UG-03_Shooting-1_0170.html","UG-03_Shooting-1_0170.html / Chromatic Aberration","","対象言語の該当撮影機能本文を照合。canon-exactは同じ用語表記の一致、canon-adaptedは機能の意味に基づく作成表現。VRCLens自体の公式訳ではない。"
"ko-KR","names","Enabled","활성화","function-reviewed","https://github.com/gummidot/VRCLens-Addons/blob/main/README_JP.md","Enabled / 機能説明・設定表","","作者の日本語機能説明と英語キーで機能の意味を照合。訳語自体の対象地域の用例は未確認のため未確定一覧に残す。"
"ko-KR","names","Transverse CA","배율 색수차","function-reviewed","https://github.com/gummidot/VRCLens-Addons/blob/main/README_JP.md","Transverse CA / 機能説明・設定表","","作者の日本語機能説明と英語キーで機能の意味を照合。訳語自体の対象地域の用例は未確認のため未確定一覧に残す。"
"ko-KR","names","Axial CA","축상 색수차","function-reviewed","https://github.com/gummidot/VRCLens-Addons/blob/main/README_JP.md","Axial CA / 機能説明・設定表","","作者の日本語機能説明と英語キーで機能の意味を照合。訳語自体の対象地域の用例は未確認のため未確定一覧に残す。"
"ko-KR","names","Axial Focus-Aware","초점 연동","function-reviewed","https://github.com/gummidot/VRCLens-Addons/blob/main/README_JP.md","Axial Focus-Aware / 機能説明・設定表","","作者の日本語機能説明と英語キーで機能の意味を照合。訳語自体の対象地域の用例は未確認のため未確定一覧に残す。"
"ko-KR","names","Magenta-Green","마젠타/녹색","function-reviewed","https://github.com/gummidot/VRCLens-Addons/blob/main/README_JP.md","Magenta-Green / 機能説明・設定表","","作者の日本語機能説明と英語キーで機能の意味を照合。訳語自体の対象地域の用例は未確認のため未確定一覧に残す。"
"ko-KR","names","Color Grading","컬러 그레이딩","function-reviewed","https://github.com/gummidot/VRCLens-Addons/blob/main/README_JP.md","Color Grading / 機能説明・設定表","","作者の日本語機能説明と英語キーで機能の意味を照合。訳語自体の対象地域の用例は未確認のため未確定一覧に残す。"
"ko-KR","names","Saturation","채도","adobe-exact","https://helpx.adobe.com/kr/photoshop/web/edit-images/retouch/adjust-objects.html","Saturation","채도","対象地域のAdobe画像編集資料の同じ色調・効果用語を照合。Canon表記とは区別する。"
"ko-KR","names","Vibrance","활기","adobe-exact","https://helpx.adobe.com/kr/photoshop/web/edit-images/retouch/adjust-objects.html","Vibrance","활기","対象地域のAdobe画像編集資料の同じ色調・効果用語を照合。Canon表記とは区別する。 修正: 생동감 → 활기。"
"ko-KR","names","Contrast","콘트라스트","canon-exact","https://cam.start.canon/ko/C004/manual/html/UG-03_Shooting-1_0150.html","UG-03_Shooting-1_0150.html / Contrast","콘트라스트","対象言語の該当撮影機能本文を照合。canon-exactは同じ用語表記の一致、canon-adaptedは機能の意味に基づく作成表現。VRCLens自体の公式訳ではない。"
"ko-KR","names","Shadows","그림자","function-reviewed","https://github.com/gummidot/VRCLens-Addons/blob/main/README_JP.md","Shadows / 機能説明・設定表","","作者の日本語機能説明と英語キーで機能の意味を照合。訳語自体の対象地域の用例は未確認のため未確定一覧に残す。"
"ko-KR","names","Midtones","중간톤","function-reviewed","https://github.com/gummidot/VRCLens-Addons/blob/main/README_JP.md","Midtones / 機能説明・設定表","","作者の日本語機能説明と英語キーで機能の意味を照合。訳語自体の対象地域の用例は未確認のため未確定一覧に残す。"
"ko-KR","names","Highlights","하이라이트","function-reviewed","https://github.com/gummidot/VRCLens-Addons/blob/main/README_JP.md","Highlights / 機能説明・設定表","","作者の日本語機能説明と英語キーで機能の意味を照合。訳語自体の対象地域の用例は未確認のため未確定一覧に残す。"
"ko-KR","names","Brightness","밝기","function-reviewed","https://github.com/gummidot/VRCLens-Addons/blob/main/README_JP.md","Brightness / 機能説明・設定表","","作者の日本語機能説明と英語キーで機能の意味を照合。訳語自体の対象地域の用例は未確認のため未確定一覧に残す。"
"ko-KR","names","Temperature","색온도","canon-adapted","https://cam.start.canon/ko/C004/manual/html/UG-03_Shooting-1_0110.html","UG-03_Shooting-1_0110.html / Temperature","","対象言語の該当撮影機能本文を照合。canon-exactは同じ用語表記の一致、canon-adaptedは機能の意味に基づく作成表現。VRCLens自体の公式訳ではない。"
"ko-KR","names","Red","빨강","review-required","","","","英語キーと既存訳の意味・表記を点検。対象言語の適切な外部出典は未確認。既存訳を維持し、公式訳とは扱わない。"
"ko-KR","names","Green","초록","function-reviewed","https://github.com/gummidot/VRCLens-Addons/blob/main/README_JP.md","Green / 機能説明・設定表","","作者の日本語機能説明と英語キーで機能の意味を照合。訳語自体の対象地域の用例は未確認のため未確定一覧に残す。"
"ko-KR","names","Blue","파랑","function-reviewed","https://github.com/gummidot/VRCLens-Addons/blob/main/README_JP.md","Blue / 機能説明・設定表","","作者の日本語機能説明と英語キーで機能の意味を照合。訳語自体の対象地域の用例は未確認のため未確定一覧に残す。"
"ko-KR","names","Depth Fog","대기 안개","function-reviewed","https://github.com/gummidot/VRCLens-Addons/blob/main/README_JP.md","Depth Fog / 機能説明・設定表","","作者の日本語機能説明と英語キーで機能の意味を照合。訳語自体の対象地域の用例は未確認のため未確定一覧に残す。"
"ko-KR","names","Density","밀도","function-reviewed","https://github.com/gummidot/VRCLens-Addons/blob/main/README_JP.md","Density / 機能説明・設定表","","作者の日本語機能説明と英語キーで機能の意味を照合。訳語自体の対象地域の用例は未確認のため未確定一覧に残す。"
"ko-KR","names","Start Distance","시작 거리","function-reviewed","https://github.com/gummidot/VRCLens-Addons/blob/main/README_JP.md","Start Distance / 機能説明・設定表","","作者の日本語機能説明と英語キーで機能の意味を照合。訳語自体の対象地域の用例は未確認のため未確定一覧に残す。"
"ko-KR","names","Color R","빨강","function-reviewed","https://github.com/gummidot/VRCLens-Addons/blob/main/README_JP.md","Color R / 機能説明・設定表","","作者の日本語機能説明と英語キーで機能の意味を照合。訳語自体の対象地域の用例は未確認のため未確定一覧に残す。"
"ko-KR","names","Color G","초록","function-reviewed","https://github.com/gummidot/VRCLens-Addons/blob/main/README_JP.md","Color G / 機能説明・設定表","","作者の日本語機能説明と英語キーで機能の意味を照合。訳語自体の対象地域の用例は未確認のため未確定一覧に残す。"
"ko-KR","names","Color B","파랑","review-required","","","","英語キーと既存訳の意味・表記を点検。対象言語の適切な外部出典は未確認。既存訳を維持し、公式訳とは扱わない。"
"ko-KR","names","Film Grain","필름 그레인","function-reviewed","https://github.com/gummidot/VRCLens-Addons/blob/main/README_JP.md","Film Grain / 機能説明・設定表","","作者の日本語機能説明と英語キーで機能の意味を照合。訳語自体の対象地域の用例は未確認のため未確定一覧に残す。"
"ko-KR","names","Intensity","강도","function-reviewed","https://github.com/gummidot/VRCLens-Addons/blob/main/README_JP.md","Intensity / 機能説明・設定表","","作者の日本語機能説明と英語キーで機能の意味を照合。訳語自体の対象地域の用例は未確認のため未確定一覧に残す。"
"ko-KR","names","Size","크기","function-reviewed","https://github.com/gummidot/VRCLens-Addons/blob/main/README_JP.md","Size / 機能説明・設定表","","作者の日本語機能説明と英語キーで機能の意味を照合。訳語自体の対象地域の用例は未確認のため未確定一覧に残す。"
"ko-KR","names","Speed","속도","function-reviewed","https://github.com/gummidot/VRCLens-Addons/blob/main/README_JP.md","Speed / 機能説明・設定表","","作者の日本語機能説明と英語キーで機能の意味を照合。訳語自体の対象地域の用例は未確認のため未確定一覧に残す。"
"ko-KR","names","Fisheye Lens","어안 렌즈","function-reviewed","https://github.com/gummidot/VRCLens-Addons/blob/main/README_JP.md","Fisheye Lens / 機能説明・設定表","","作者の日本語機能説明と英語キーで機能の意味を照合。訳語自体の対象地域の用例は未確認のため未確定一覧に残す。"
"ko-KR","names","Strength","강도","function-reviewed","https://github.com/gummidot/VRCLens-Addons/blob/main/README_JP.md","Strength / 機能説明・設定表","","作者の日本語機能説明と英語キーで機能の意味を照合。訳語自体の対象地域の用例は未確認のため未確定一覧に残す。"
"ko-KR","names","Roundness","원형률","function-reviewed","https://github.com/gummidot/VRCLens-Addons/blob/main/README_JP.md","Roundness / 機能説明・設定表","","作者の日本語機能説明と英語キーで機能の意味を照合。訳語自体の対象地域の用例は未確認のため未確定一覧に残す。"
"ko-KR","names","Lens Size","렌즈 크기","function-reviewed","https://github.com/gummidot/VRCLens-Addons/blob/main/README_JP.md","Lens Size / 機能説明・設定表","","作者の日本語機能説明と英語キーで機能の意味を照合。訳語自体の対象地域の用例は未確認のため未確定一覧に残す。"
"ko-KR","names","Edge Softness","가장자리 부드러움","function-reviewed","https://github.com/gummidot/VRCLens-Addons/blob/main/README_JP.md","Edge Softness / 機能説明・設定表","","作者の日本語機能説明と英語キーで機能の意味を照合。訳語自体の対象地域の用例は未確認のため未確定一覧に残す。"
"ko-KR","names","Reverse Fisheye","역어안","function-reviewed","https://github.com/gummidot/VRCLens-Addons/blob/main/README_JP.md","Reverse Fisheye / 機能説明・設定表","","作者の日本語機能説明と英語キーで機能の意味を照合。訳語自体の対象地域の用例は未確認のため未確定一覧に残す。"
"ko-KR","names","Center","중심","function-reviewed","https://github.com/gummidot/VRCLens-Addons/blob/main/README_JP.md","Center / 機能説明・設定表","","作者の日本語機能説明と英語キーで機能の意味を照合。訳語自体の対象地域の用例は未確認のため未確定一覧に残す。"
"ko-KR","names","X","가로 위치","function-reviewed","https://github.com/gummidot/VRCLens-Addons/blob/main/README_JP.md","X / 機能説明・設定表","","作者の日本語機能説明と英語キーで機能の意味を照合。訳語自体の対象地域の用例は未確認のため未確定一覧に残す。"
"ko-KR","names","Y","세로 위치","function-reviewed","https://github.com/gummidot/VRCLens-Addons/blob/main/README_JP.md","Y / 機能説明・設定表","","作者の日本語機能説明と英語キーで機能の意味を照合。訳語自体の対象地域の用例は未確認のため未確定一覧に残す。"
"ko-KR","names","Letterbox","레터박스","function-reviewed","https://github.com/gummidot/VRCLens-Addons/blob/main/README_JP.md","Letterbox / 機能説明・設定表","","作者の日本語機能説明と英語キーで機能の意味を照合。訳語自体の対象地域の用例は未確認のため未確定一覧に残す。"
"ko-KR","names","2.39:1 Cinemascope","2.39:1 시네마스코프","function-reviewed","https://github.com/gummidot/VRCLens-Addons/blob/main/README_JP.md","Letterbox / 機能説明・設定表","","作者の日本語機能説明と英語キーで機能の意味を照合。訳語自体の対象地域の用例は未確認のため未確定一覧に残す。"
"ko-KR","names","2.35:1 Anamorphic","2.35:1 아나모픽","function-reviewed","https://github.com/gummidot/VRCLens-Addons/blob/main/README_JP.md","Letterbox / 機能説明・設定表","","作者の日本語機能説明と英語キーで機能の意味を照合。訳語自体の対象地域の用例は未確認のため未確定一覧に残す。"
"ko-KR","names","2.00:1 Univisium","2.00:1 유니비지엄","function-reviewed","https://github.com/gummidot/VRCLens-Addons/blob/main/README_JP.md","Letterbox / 機能説明・設定表","","作者の日本語機能説明と英語キーで機能の意味を照合。訳語自体の対象地域の用例は未確認のため未確定一覧に残す。"
"ko-KR","names","1.85:1 Theatrical","1.85:1 극장용","function-reviewed","https://github.com/gummidot/VRCLens-Addons/blob/main/README_JP.md","Letterbox / 機能説明・設定表","","作者の日本語機能説明と英語キーで機能の意味を照合。訳語自体の対象地域の用例は未確認のため未確定一覧に残す。"
"ko-KR","names","16:9 Widescreen","16:9 와이드스크린","function-reviewed","https://github.com/gummidot/VRCLens-Addons/blob/main/README_JP.md","Letterbox / 機能説明・設定表","","作者の日本語機能説明と英語キーで機能の意味を照合。訳語自体の対象地域の用例は未確認のため未確定一覧に残す。"
"ko-KR","names","3:2 DSLR","3:2 DSLR","function-reviewed","https://github.com/gummidot/VRCLens-Addons/blob/main/README_JP.md","Letterbox / 機能説明・設定表","","作者の日本語機能説明と英語キーで機能の意味を照合。訳語自体の対象地域の用例は未確認のため未確定一覧に残す。"
"ko-KR","names","4:3 Classic","4:3 클래식","function-reviewed","https://github.com/gummidot/VRCLens-Addons/blob/main/README_JP.md","Letterbox / 機能説明・設定表","","作者の日本語機能説明と英語キーで機能の意味を照合。訳語自体の対象地域の用例は未確認のため未確定一覧に残す。"
"ko-KR","names","1:1 Square","1:1 정사각형","function-reviewed","https://github.com/gummidot/VRCLens-Addons/blob/main/README_JP.md","Letterbox / 機能説明・設定表","","作者の日本語機能説明と英語キーで機能の意味を照合。訳語自体の対象地域の用例は未確認のため未確定一覧に残す。"
"ko-KR","names","4:5 Portrait","4:5 세로","function-reviewed","https://github.com/gummidot/VRCLens-Addons/blob/main/README_JP.md","Letterbox / 機能説明・設定表","","作者の日本語機能説明と英語キーで機能の意味を照合。訳語自体の対象地域の用例は未確認のため未確定一覧に残す。"
"ko-KR","names","9:16 Vertical","9:16 세로형","function-reviewed","https://github.com/gummidot/VRCLens-Addons/blob/main/README_JP.md","Letterbox / 機能説明・設定表","","作者の日本語機能説明と英語キーで機能の意味を照合。訳語自体の対象地域の用例は未確認のため未確定一覧に残す。"
"ko-KR","names","Pixelation","픽셀화","function-reviewed","https://github.com/gummidot/VRCLens-Addons/blob/main/README_JP.md","Pixelation / 機能説明・設定表","","作者の日本語機能説明と英語キーで機能の意味を照合。訳語自体の対象地域の用例は未確認のため未確定一覧に残す。"
"ko-KR","names","Block Size","블록 크기","function-reviewed","https://github.com/gummidot/VRCLens-Addons/blob/main/README_JP.md","Block Size / 機能説明・設定表","","作者の日本語機能説明と英語キーで機能の意味を照合。訳語自体の対象地域の用例は未確認のため未確定一覧に残す。"
"ko-KR","names","Dither","디더링","function-reviewed","https://github.com/gummidot/VRCLens-Addons/blob/main/README_JP.md","Dither / 機能説明・設定表","","作者の日本語機能説明と英語キーで機能の意味を照合。訳語自体の対象地域の用例は未確認のため未確定一覧に残す。"
"ko-KR","names","Posterize","포스터화","adobe-exact","https://www.adobe.com/kr/creativecloud/photography/discover/posterize-photo.html","Posterize","포스터화","対象地域のAdobe画像編集資料の同じ色調・効果用語を照合。Canon表記とは区別する。"
"ko-KR","names","Aspect Ratio","종횡비","function-reviewed","https://github.com/gummidot/VRCLens-Addons/blob/main/README_JP.md","Aspect Ratio / 機能説明・設定表","","作者の日本語機能説明と英語キーで機能の意味を照合。訳語自体の対象地域の用例は未確認のため未確定一覧に残す。"
"ko-KR","names","Tilt-Shift","틸트-시프트","function-reviewed","https://github.com/gummidot/VRCLens-Addons/blob/main/README_JP.md","Tilt-Shift / 機能説明・設定表","","作者の日本語機能説明と英語キーで機能の意味を照合。訳語自体の対象地域の用例は未確認のため未確定一覧に残す。"
"ko-KR","names","Depth Mode","거리 모드","function-reviewed","https://github.com/gummidot/VRCLens-Addons/blob/main/README_JP.md","Depth Mode / 機能説明・設定表","","作者の日本語機能説明と英語キーで機能の意味を照合。訳語自体の対象地域の用例は未確認のため未確定一覧に残す。"
"ko-KR","names","Blur","흐림","function-reviewed","https://github.com/gummidot/VRCLens-Addons/blob/main/README_JP.md","Blur / 機能説明・設定表","","作者の日本語機能説明と英語キーで機能の意味を照合。訳語自体の対象地域の用例は未確認のため未確定一覧に残す。"
"ko-KR","names","Position","위치","function-reviewed","https://github.com/gummidot/VRCLens-Addons/blob/main/README_JP.md","Position / 機能説明・設定表","","作者の日本語機能説明と英語キーで機能の意味を照合。訳語自体の対象地域の用例は未確認のため未確定一覧に残す。"
"ko-KR","names","Width","폭","function-reviewed","https://github.com/gummidot/VRCLens-Addons/blob/main/README_JP.md","Width / 機能説明・設定表","","作者の日本語機能説明と英語キーで機能の意味を照合。訳語自体の対象地域の用例は未確認のため未確定一覧に残す。"
"ko-KR","names","Angle","각도","function-reviewed","https://github.com/gummidot/VRCLens-Addons/blob/main/README_JP.md","Angle / 機能説明・設定表","","作者の日本語機能説明と英語キーで機能の意味を照合。訳語自体の対象地域の用例は未確認のため未確定一覧に残す。"
"ko-KR","names","Vignette","비네팅","function-reviewed","https://github.com/gummidot/VRCLens-Addons/blob/main/README_JP.md","Vignette / 機能説明・設定表","","作者の日本語機能説明と英語キーで機能の意味を照合。訳語自体の対象地域の用例は未確認のため未確定一覧に残す。"
"ko-KR","names","Radius","반경","function-reviewed","https://github.com/gummidot/VRCLens-Addons/blob/main/README_JP.md","Radius / 機能説明・設定表","","作者の日本語機能説明と英語キーで機能の意味を照合。訳語自体の対象地域の用例は未確認のため未確定一覧に残す。"
"ko-KR","names","Zoom Blur","줌 블러","function-reviewed","https://github.com/gummidot/VRCLens-Addons/blob/main/README_JP.md","Zoom Blur / 機能説明・設定表","","作者の日本語機能説明と英語キーで機能の意味を照合。訳語自体の対象地域の用例は未確認のため未確定一覧に残す。"
"ko-KR","names","Center X","중심·가로","function-reviewed","https://github.com/gummidot/VRCLens-Addons/blob/main/README_JP.md","Center X / 機能説明・設定表","","作者の日本語機能説明と英語キーで機能の意味を照合。訳語自体の対象地域の用例は未確認のため未確定一覧に残す。"
"ko-KR","names","Center Y","중심·세로","function-reviewed","https://github.com/gummidot/VRCLens-Addons/blob/main/README_JP.md","Center Y / 機能説明・設定表","","作者の日本語機能説明と英語キーで機能の意味を照合。訳語自体の対象地域の用例は未確認のため未確定一覧に残す。"
"ko-KR","names","Focus Zone","초점 영역","function-reviewed","https://github.com/gummidot/VRCLens-Addons/blob/main/README_JP.md","Focus Zone / 機能説明・設定表","","作者の日本語機能説明と英語キーで機能の意味を照合。訳語自体の対象地域の用例は未確認のため未確定一覧に残す。"
"ko-KR","names","Spread","퍼짐","function-reviewed","https://github.com/gummidot/VRCLens-Addons/blob/main/README_JP.md","Spread / 機能説明・設定表","","作者の日本語機能説明と英語キーで機能の意味を照合。訳語自体の対象地域の用例は未確認のため未確定一覧に残す。"
"ko-KR","names","Focus Distance","촬영 거리","function-reviewed","https://github.com/gummidot/VRCLens-Addons/blob/main/README_JP.md","Focus Distance / 機能説明・設定表","","作者の日本語機能説明と英語キーで機能の意味を照合。訳語自体の対象地域の用例は未確認のため未確定一覧に残す。"
"ko-KR","names","Manual Focus Assist","MF 보조","function-reviewed","https://github.com/gummidot/VRCLens-Addons/blob/main/README_JP.md","Manual Focus Assist / 機能説明・設定表","","作者の日本語機能説明と英語キーで機能の意味を照合。訳語自体の対象地域の用例は未確認のため未確定一覧に残す。"
"ko-KR","names","Zone Size","영역 크기","function-reviewed","https://github.com/gummidot/VRCLens-Addons/blob/main/README_JP.md","Zone Size / 機能説明・設定表","","作者の日本語機能説明と英語キーで機能の意味を照合。訳語自体の対象地域の用例は未確認のため未確定一覧に残す。"
"ko-KR","names","Zone Softness","영역 부드러움","function-reviewed","https://github.com/gummidot/VRCLens-Addons/blob/main/README_JP.md","Zone Softness / 機能説明・設定表","","作者の日本語機能説明と英語キーで機能の意味を照合。訳語自体の対象地域の用例は未確認のため未確定一覧に残す。"
"ko-KR","names","Edge Feather","가장자리 페더","function-reviewed","https://github.com/gummidot/VRCLens-Addons/blob/main/README_JP.md","Edge Feather / 機能説明・設定表","","作者の日本語機能説明と英語キーで機能の意味を照合。訳語自体の対象地域の用例は未確認のため未確定一覧に残す。"
"ko-KR","names","Peaking","피킹","canon-exact","https://cam.start.canon/ko/C004/manual/html/UG-04_AF-Drive_0090.html","UG-04_AF-Drive_0090.html / Peaking","피킹","対象言語の該当撮影機能本文を照合。canon-exactは同じ用語表記の一致、canon-adaptedは機能の意味に基づく作成表現。VRCLens自体の公式訳ではない。"
"ko-KR","names","Max Blur Size","최대 흐림 크기","function-reviewed","https://github.com/gummidot/VRCLens-Addons/blob/main/README_JP.md","Max Blur Size / 機能説明・設定表","","作者の日本語機能説明と英語キーで機能の意味を照合。訳語自体の対象地域の用例は未確認のため未確定一覧に残す。"
"ko-KR","names","Player Visibility","플레이어 표시","function-reviewed","https://github.com/gummidot/VRCLens-Addons/blob/main/README_JP.md","Player Visibility / 機能説明・設定表","","作者の日本語機能説明と英語キーで機能の意味を照合。訳語自体の対象地域の用例は未確認のため未確定一覧に残す。"
"ko-KR","names","Hide Remote Players","다른 플레이어 숨기기","function-reviewed","https://github.com/gummidot/VRCLens-Addons/blob/main/README_JP.md","Hide Remote Players / 機能説明・設定表","","作者の日本語機能説明と英語キーで機能の意味を照合。訳語自体の対象地域の用例は未確認のため未確定一覧に残す。"
"ko-KR","names","Hide Self","자신 숨기기","function-reviewed","https://github.com/gummidot/VRCLens-Addons/blob/main/README_JP.md","Hide Self / 機能説明・設定表","","作者の日本語機能説明と英語キーで機能の意味を照合。訳語自体の対象地域の用例は未確認のため未確定一覧に残す。"
"ko-KR","names","Avatar Offset","아바타 오프셋","function-reviewed","https://github.com/gummidot/VRCLens-Addons/blob/main/README_JP.md","Avatar Offset / 機能説明・設定表","","作者の日本語機能説明と英語キーで機能の意味を照合。訳語自体の対象地域の用例は未確認のため未確定一覧に残す。"
"ko-KR","names","Rotate With Avatar","아바타 회전 연동","function-reviewed","https://github.com/gummidot/VRCLens-Addons/blob/main/README_JP.md","Rotate With Avatar / 機能説明・設定表","","作者の日本語機能説明と英語キーで機能の意味を照合。訳語自体の対象地域の用例は未確認のため未確定一覧に残す。"
"ko-KR","names","Drop (Reset to Hand)","손 위치로 복귀","function-reviewed","https://github.com/gummidot/VRCLens-Addons/blob/main/README_JP.md","Drop (Reset to Hand) / 機能説明・設定表","","作者の日本語機能説明と英語キーで機能の意味を照合。訳語自体の対象地域の用例は未確認のため未確定一覧に残す。"
"ko-KR","names","Move Drone Vertical","드론 수직 이동","function-reviewed","https://github.com/gummidot/VRCLens-Addons/blob/main/README_JP.md","Move Drone Vertical / 機能説明・設定表","","作者の日本語機能説明と英語キーで機能の意味を照合。訳語自体の対象地域の用例は未確認のため未確定一覧に残す。"
"ko-KR","names","Camera Pins & Dolly","카메라 핀 및 돌리","function-reviewed","https://github.com/gummidot/VRCLens-Addons/blob/main/README_JP.md","Camera Pins & Dolly / 機能説明・設定表","","作者の日本語機能説明と英語キーで機能の意味を照合。訳語自体の対象地域の用例は未確認のため未確定一覧に残す。"
"ko-KR","names","Teleport","핀 이동","function-reviewed","https://github.com/gummidot/VRCLens-Addons/blob/main/README_JP.md","Teleport / 機能説明・設定表","","作者の日本語機能説明と英語キーで機能の意味を照合。訳語自体の対象地域の用例は未確認のため未確定一覧に残す。"
"ko-KR","names","Dolly","돌리","function-reviewed","https://github.com/gummidot/VRCLens-Addons/blob/main/README_JP.md","Dolly / 機能説明・設定表","","作者の日本語機能説明と英語キーで機能の意味を照合。訳語自体の対象地域の用例は未確認のため未確定一覧に残す。"
"ko-KR","names","Reset to Hand","손 위치로 복귀","function-reviewed","https://github.com/gummidot/VRCLens-Addons/blob/main/README_JP.md","Reset to Hand / 機能説明・設定表","","作者の日本語機能説明と英語キーで機能の意味を照合。訳語自体の対象地域の用例は未確認のため未確定一覧に残す。"
"ko-KR","names","Show Pins","핀 표시","function-reviewed","https://github.com/gummidot/VRCLens-Addons/blob/main/README_JP.md","Show Pins / 機能説明・設定表","","作者の日本語機能説明と英語キーで機能の意味を照合。訳語自体の対象地域の用例は未確認のため未確定一覧に残す。"
"ko-KR","names","Show Path","경로 표시","function-reviewed","https://github.com/gummidot/VRCLens-Addons/blob/main/README_JP.md","Show Path / 機能説明・設定表","","作者の日本語機能説明と英語キーで機能の意味を照合。訳語自体の対象地域の用例は未確認のため未確定一覧に残す。"
"ko-KR","names","Show Numbers","번호 표시","function-reviewed","https://github.com/gummidot/VRCLens-Addons/blob/main/README_JP.md","Show Numbers / 機能説明・設定表","","作者の日本語機能説明と英語キーで機能の意味を照合。訳語自体の対象地域の用例は未確認のため未確定一覧に残す。"
"ko-KR","names","Play","재생","function-reviewed","https://github.com/gummidot/VRCLens-Addons/blob/main/README_JP.md","Play / 機能説明・設定表","","作者の日本語機能説明と英語キーで機能の意味を照合。訳語自体の対象地域の用例は未確認のため未確定一覧に残す。"
"ko-KR","names","Stop","정지","function-reviewed","https://github.com/gummidot/VRCLens-Addons/blob/main/README_JP.md","Stop / 機能説明・設定表","","作者の日本語機能説明と英語キーで機能の意味を照合。訳語自体の対象地域の用例は未確認のため未確定一覧に残す。"
"ko-KR","names","Playback","재생 위치","function-reviewed","https://github.com/gummidot/VRCLens-Addons/blob/main/README_JP.md","Playback / 機能説明・設定表","","作者の日本語機能説明と英語キーで機能の意味を照合。訳語自体の対象地域の用例は未確認のため未確定一覧に残す。"
"ko-KR","names","Move","수동 이동","function-reviewed","https://github.com/gummidot/VRCLens-Addons/blob/main/README_JP.md","Move / 機能説明・設定表","","作者の日本語機能説明と英語キーで機能の意味を照合。訳語自体の対象地域の用例は未確認のため未確定一覧に残す。"
"ko-KR","names","Go To Pin","핀으로 이동","function-reviewed","https://github.com/gummidot/VRCLens-Addons/blob/main/README_JP.md","Go To Pin / 機能説明・設定表","","作者の日本語機能説明と英語キーで機能の意味を照合。訳語自体の対象地域の用例は未確認のため未確定一覧に残す。"
"ko-KR","names","Duration","소요 시간","function-reviewed","https://github.com/gummidot/VRCLens-Addons/blob/main/README_JP.md","Duration / 機能説明・設定表","","作者の日本語機能説明と英語キーで機能の意味を照合。訳語自体の対象地域の用例は未確認のため未確定一覧に残す。"
"ko-KR","names","Loop","반복","function-reviewed","https://github.com/gummidot/VRCLens-Addons/blob/main/README_JP.md","Loop / 機能説明・設定表","","作者の日本語機能説明と英語キーで機能の意味を照合。訳語自体の対象地域の用例は未確認のため未確定一覧に残す。"
"ko-KR","names","Delay","시작 대기","function-reviewed","https://github.com/gummidot/VRCLens-Addons/blob/main/README_JP.md","Delay / 機能説明・設定表","","作者の日本語機能説明と英語キーで機能の意味を照合。訳語自体の対象地域の用例は未確認のため未確定一覧に残す。"
"ko-KR","names","Path","경로","function-reviewed","https://github.com/gummidot/VRCLens-Addons/blob/main/README_JP.md","Path / 機能説明・設定表","","作者の日本語機能説明と英語キーで機能の意味を照合。訳語自体の対象地域の用例は未確認のため未確定一覧に残す。"
"ko-KR","names","Hand Rotate (Pins)","손으로 회전(핀)","function-reviewed","https://github.com/gummidot/VRCLens-Addons/blob/main/README_JP.md","Hand Rotate (Pins) / 機能説明・設定表","","作者の日本語機能説明と英語キーで機能の意味を照合。訳語自体の対象地域の用例は未確認のため未確定一覧に残す。"
"ko-KR","names","Hand Offset","손 위치 연동","function-reviewed","https://github.com/gummidot/VRCLens-Addons/blob/main/README_JP.md","Hand Offset / 機能説明・設定表","","作者の日本語機能説明と英語キーで機能の意味を照合。訳語自体の対象地域の用例は未確認のため未確定一覧に残す。"
"ko-KR","names","Drop Next","다음 핀 설치","function-reviewed","https://github.com/gummidot/VRCLens-Addons/blob/main/README_JP.md","Drop Next / 機能説明・設定表","","作者の日本語機能説明と英語キーで機能の意味を照合。訳語自体の対象地域の用例は未確認のため未確定一覧に残す。"
"ko-KR","names","Clear All (Hold)","모두 해제(길게 누르기)","function-reviewed","https://github.com/gummidot/VRCLens-Addons/blob/main/README_JP.md","Camera Pins & Dolly / 機能説明・設定表","","作者の日本語機能説明と英語キーで機能の意味を照合。訳語自体の対象地域の用例は未確認のため未確定一覧に残す。"
"ko-KR","names","Full","모든 방향","function-reviewed","https://github.com/gummidot/VRCLens-Addons/blob/main/README_JP.md","Full / 機能説明・設定表","","作者の日本語機能説明と英語キーで機能の意味を照合。訳語自体の対象地域の用例は未確認のため未確定一覧に残す。"
"ko-KR","names","Vertical","수직만","function-reviewed","https://github.com/gummidot/VRCLens-Addons/blob/main/README_JP.md","Vertical / 機能説明・設定表","","作者の日本語機能説明と英語キーで機能の意味を照合。訳語自体の対象地域の用例は未確認のため未確定一覧に残す。"
"ko-KR","names","Teleport Next","다음 핀으로","function-reviewed","https://github.com/gummidot/VRCLens-Addons/blob/main/README_JP.md","Teleport Next / 機能説明・設定表","","作者の日本語機能説明と英語キーで機能の意味を照合。訳語自体の対象地域の用例は未確認のため未確定一覧に残す。"
"ko-KR","names","Reverse","왕복","function-reviewed","https://github.com/gummidot/VRCLens-Addons/blob/main/README_JP.md","Reverse / 機能説明・設定表","","作者の日本語機能説明と英語キーで機能の意味を照合。訳語自体の対象地域の用例は未確認のため未確定一覧に残す。"
"ko-KR","names","Linear","직선","function-reviewed","https://github.com/gummidot/VRCLens-Addons/blob/main/README_JP.md","Linear / 機能説明・設定表","","作者の日本語機能説明と英語キーで機能の意味を照合。訳語自体の対象地域の用例は未確認のため未確定一覧に残す。"
"ko-KR","names","Smooth","전체 지점 보간","function-reviewed","https://github.com/gummidot/VRCLens-Addons/blob/main/README_JP.md","Smooth / 機能説明・設定表","","作者の日本語機能説明と英語キーで機能の意味を照合。訳語自体の対象地域の用例は未確認のため未確定一覧に残す。"
"ko-KR","names","Fitted","근사 곡선","function-reviewed","https://github.com/gummidot/VRCLens-Addons/blob/main/README_JP.md","Fitted / 機能説明・設定表","","作者の日本語機能説明と英語キーで機能の意味を照合。訳語自体の対象地域の用例は未確認のため未確定一覧に残す。"
"ko-KR","names","Preset Saver","프리셋 저장","function-reviewed","https://github.com/gummidot/VRCLens-Addons/blob/main/README_JP.md","Preset Saver / 機能説明・設定表","","作者の日本語機能説明と英語キーで機能の意味を照合。訳語自体の対象地域の用例は未確認のため未確定一覧に残す。"
"ko-KR","names","Save","저장","function-reviewed","https://github.com/gummidot/VRCLens-Addons/blob/main/README_JP.md","Save / 機能説明・設定表","","作者の日本語機能説明と英語キーで機能の意味を照合。訳語自体の対象地域の用例は未確認のため未確定一覧に残す。"
"ko-KR","names","Load","불러오기","function-reviewed","https://github.com/gummidot/VRCLens-Addons/blob/main/README_JP.md","Load / 機能説明・設定表","","作者の日本語機能説明と英語キーで機能の意味を照合。訳語自体の対象地域の用例は未確認のため未確定一覧に残す。"
"ko-KR","names","Load Defaults","기본값 불러오기","function-reviewed","https://github.com/gummidot/VRCLens-Addons/blob/main/README_JP.md","Load Defaults / 機能説明・設定表","","作者の日本語機能説明と英語キーで機能の意味を照合。訳語自体の対象地域の用例は未確認のため未確定一覧に残す。"
"ko-KR","names","Favorites","즐겨찾기","function-reviewed","https://github.com/gummidot/VRCLens-Addons/blob/main/README_JP.md","Favorites / 機能説明・設定表","","作者の日本語機能説明と英語キーで機能の意味を照合。訳語自体の対象地域の用例は未確認のため未確定一覧に残す。"
"ko-KR","directions","TOP","위","review-required","","","","英語キーと既存訳の意味・表記を点検。対象言語の適切な外部出典は未確認。既存訳を維持し、公式訳とは扱わない。"
"ko-KR","directions","UP","위","review-required","","","","英語キーと既存訳の意味・表記を点検。対象言語の適切な外部出典は未確認。既存訳を維持し、公式訳とは扱わない。"
"ko-KR","directions","RIGHT","오른쪽","review-required","","","","英語キーと既存訳の意味・表記を点検。対象言語の適切な外部出典は未確認。既存訳を維持し、公式訳とは扱わない。"
"ko-KR","directions","BOTTOM","아래","review-required","","","","英語キーと既存訳の意味・表記を点検。対象言語の適切な外部出典は未確認。既存訳を維持し、公式訳とは扱わない。"
"ko-KR","directions","DOWN","아래","review-required","","","","英語キーと既存訳の意味・表記を点検。対象言語の適切な外部出典は未確認。既存訳を維持し、公式訳とは扱わない。"
"ko-KR","directions","LEFT","왼쪽","review-required","","","","英語キーと既存訳の意味・表記を点検。対象言語の適切な外部出典は未確認。既存訳を維持し、公式訳とは扱わない。"
"ko-KR","directions","FORWARD","앞","review-required","","","","英語キーと既存訳の意味・表記を点検。対象言語の適切な外部出典は未確認。既存訳を維持し、公式訳とは扱わない。"
"ko-KR","directions","BACK","뒤","review-required","","","","英語キーと既存訳の意味・表記を点検。対象言語の適切な外部出典は未確認。既存訳を維持し、公式訳とは扱わない。"
"ko-KR","dynamic","Next","다음","review-required","","","","英語キーと既存訳の意味・表記を点検。対象言語の適切な外部出典は未確認。既存訳を維持し、公式訳とは扱わない。"
"ko-KR","dynamic","CameraPin","핀 {0}","function-reviewed","https://github.com/gummidot/VRCLens-Addons/blob/main/README_JP.md","Camera Pins & Dolly / 機能説明・設定表","","作者の日本語機能説明と英語キーで機能の意味を照合。訳語自体の対象地域の用例は未確認のため未確定一覧に残す。"
"ko-KR","dynamic","Seconds","{0}초","function-reviewed","https://github.com/gummidot/VRCLens-Addons/blob/main/README_JP.md","Duration / 機能説明・設定表","","作者の日本語機能説明と英語キーで機能の意味を照合。訳語自体の対象地域の用例は未確認のため未確定一覧に残す。"
"ko-KR","dynamic","Minutes","{0}분","function-reviewed","https://github.com/gummidot/VRCLens-Addons/blob/main/README_JP.md","Duration / 機能説明・設定表","","作者の日本語機能説明と英語キーで機能の意味を照合。訳語自体の対象地域の用例は未確認のため未確定一覧に残す。"
"ko-KR","dynamic","WorldDrop","월드 고정","review-required","","","","英語キーと既存訳の意味・表記を点検。対象言語の適切な外部出典は未確認。既存訳を維持し、公式訳とは扱わない。"
"ko-KR","dynamic","CameraPinDrop","핀 설치","function-reviewed","https://github.com/gummidot/VRCLens-Addons/blob/main/README_JP.md","Camera Pins & Dolly / 機能説明・設定表","","作者の日本語機能説明と英語キーで機能の意味を照合。訳語自体の対象地域の用例は未確認のため未確定一覧に残す。"
"ko-KR","dynamic","VignetteSoftness","가장자리 부드러움","function-reviewed","https://github.com/gummidot/VRCLens-Addons/blob/main/README_JP.md","Vignette / 機能説明・設定表","","作者の日本語機能説明と英語キーで機能の意味を照合。訳語自体の対象地域の用例は未確認のため未確定一覧に残す。"
"ko-KR","dynamic","FisheyeCenterX","가로 위치","function-reviewed","https://github.com/gummidot/VRCLens-Addons/blob/main/README_JP.md","Fisheye Lens / 機能説明・設定表","","作者の日本語機能説明と英語キーで機能の意味を照合。訳語自体の対象地域の用例は未確認のため未確定一覧に残す。"
"ko-KR","dynamic","FisheyeCenterY","세로 위치","function-reviewed","https://github.com/gummidot/VRCLens-Addons/blob/main/README_JP.md","Fisheye Lens / 機能説明・設定表","","作者の日本語機能説明と英語キーで機能の意味を照合。訳語自体の対象地域の用例は未確認のため未確定一覧に残す。"
"ko-KR","dynamic","ZoomInSpeed4","망원 측 속도 4","review-required","","","","英語キーと既存訳の意味・表記を点検。対象言語の適切な外部出典は未確認。既存訳を維持し、公式訳とは扱わない。"
"ko-KR","dynamic","ZoomOutSpeed4","광각 측 속도 4","review-required","","","","英語キーと既存訳の意味・表記を点検。対象言語の適切な外部出典は未確認。既存訳を維持し、公式訳とは扱わない。"
"ko-KR","featureBlanks","100","광각 측 속도 1","review-required","","","","英語キーと既存訳の意味・表記を点検。対象言語の適切な外部出典は未確認。既存訳を維持し、公式訳とは扱わない。"
"ko-KR","featureBlanks","101","광각 측 속도 2","review-required","","","","英語キーと既存訳の意味・表記を点検。対象言語の適切な外部出典は未確認。既存訳を維持し、公式訳とは扱わない。"
"ko-KR","featureBlanks","102","광각 측 속도 3","review-required","","","","英語キーと既存訳の意味・表記を点検。対象言語の適切な外部出典は未確認。既存訳を維持し、公式訳とは扱わない。"
"ko-KR","featureBlanks","104","망원 측 속도 1","review-required","","","","英語キーと既存訳の意味・表記を点検。対象言語の適切な外部出典は未確認。既存訳を維持し、公式訳とは扱わない。"
"ko-KR","featureBlanks","105","망원 측 속도 2","review-required","","","","英語キーと既存訳の意味・表記を点検。対象言語の適切な外部出典は未確認。既存訳を維持し、公式訳とは扱わない。"
"ko-KR","featureBlanks","106","망원 측 속도 3","review-required","","","","英語キーと既存訳の意味・表記を点検。対象言語の適切な外部出典は未確認。既存訳を維持し、公式訳とは扱わない。"
"ko-KR","featureBlanks","108","노출 보정 -1/3스톱","review-required","","","","英語キーと既存訳の意味・表記を点検。対象言語の適切な外部出典は未確認。既存訳を維持し、公式訳とは扱わない。"
"ko-KR","featureBlanks","110","노출 보정 +1/3스톱","review-required","","","","英語キーと既存訳の意味・表記を点検。対象言語の適切な外部出典は未確認。既存訳を維持し、公式訳とは扱わない。"
"ko-KR","featureBlanks","113","WB 보정: 청색 방향","review-required","","","","英語キーと既存訳の意味・表記を点検。対象言語の適切な外部出典は未確認。既存訳を維持し、公式訳とは扱わない。"
"ko-KR","featureBlanks","114","WB 보정: 초기화","review-required","","","","英語キーと既存訳の意味・表記を点検。対象言語の適切な外部出典は未確認。既存訳を維持し、公式訳とは扱わない。"
"ko-KR","featureBlanks","115","WB 보정: 앰버 방향","review-required","","","","英語キーと既存訳の意味・表記を点検。対象言語の適切な外部出典は未確認。既存訳を維持し、公式訳とは扱わない。"
"ko-KR","featureBlanks","117","가까운 범위 쪽 중간","review-required","","","","英語キーと既存訳の意味・表記を点検。対象言語の適切な外部出典は未確認。既存訳を維持し、公式訳とは扱わない。"
"ko-KR","featureBlanks","118","가까운 범위 쪽 작게","review-required","","","","英語キーと既存訳の意味・表記を点検。対象言語の適切な外部出典は未確認。既存訳を維持し、公式訳とは扱わない。"
"ko-KR","featureBlanks","120","무한대 쪽 작게","review-required","","","","英語キーと既存訳の意味・表記を点検。対象言語の適切な外部出典は未確認。既存訳を維持し、公式訳とは扱わない。"
"ko-KR","featureBlanks","121","무한대 쪽 중간","review-required","","","","英語キーと既存訳の意味・表記を点検。対象言語の適切な外部出典は未確認。既存訳を維持し、公式訳とは扱わない。"
"ko-KR","featureBlanks","129","조금 위 보기","review-required","","","","英語キーと既存訳の意味・表記を点検。対象言語の適切な外部出典は未確認。既存訳を維持し、公式訳とは扱わない。"
"ko-KR","featureBlanks","130","조금 아래 보기","review-required","","","","英語キーと既存訳の意味・表記を点検。対象言語の適切な外部出典は未確認。既存訳を維持し、公式訳とは扱わない。"
"ko-KR","sensorBlanks","0","35mm 풀프레임","review-required","","","","英語キーと既存訳の意味・表記を点検。対象言語の適切な外部出典は未確認。既存訳を維持し、公式訳とは扱わない。"
"ko-KR","sensorBlanks","1","APS-H","review-required","","","","英語キーと既存訳の意味・表記を点検。対象言語の適切な外部出典は未確認。既存訳を維持し、公式訳とは扱わない。"
"ko-KR","sensorBlanks","2","APS-C(1.5배)","review-required","","","","英語キーと既存訳の意味・表記を点検。対象言語の適切な外部出典は未確認。既存訳を維持し、公式訳とは扱わない。"
"ko-KR","sensorBlanks","3","APS-C(1.6배)","review-required","","","","英語キーと既存訳の意味・表記を点検。対象言語の適切な外部出典は未確認。既存訳を維持し、公式訳とは扱わない。"
"ko-KR","sensorBlanks","4","마이크로 포서드","review-required","","","","英語キーと既存訳の意味・表記を点検。対象言語の適切な外部出典は未確認。既存訳を維持し、公式訳とは扱わない。"
"ko-KR","sensorBlanks","5","1.0형","review-required","","","","英語キーと既存訳の意味・表記を点検。対象言語の適切な外部出典は未確認。既存訳を維持し、公式訳とは扱わない。"
"ko-KR","tonemapBlanks","0","해제","review-required","","","","英語キーと既存訳の意味・表記を点検。対象言語の適切な外部出典は未確認。既存訳を維持し、公式訳とは扱わない。"
"ko-KR","tonemapBlanks","1","필믹 1","review-required","","","","英語キーと既存訳の意味・表記を点検。対象言語の適切な外部出典は未確認。既存訳を維持し、公式訳とは扱わない。"
"ko-KR","tonemapBlanks","2","필믹 2","review-required","","","","英語キーと既存訳の意味・表記を点検。対象言語の適切な外部出典は未確認。既存訳を維持し、公式訳とは扱わない。"
"ko-KR","tonemapBlanks","3","HLG","review-required","","","","英語キーと既存訳の意味・表記を点検。対象言語の適切な外部出典は未確認。既存訳を維持し、公式訳とは扱わない。"
"ko-KR","tonemapBlanks","4","뉴트럴","review-required","","","","英語キーと既存訳の意味・表記を点検。対象言語の適切な外部出典は未確認。既存訳を維持し、公式訳とは扱わない。"
