locale,group,key,value,basis,source,section,sourceTerm,note
"ja-JP","names","Enable","有効","review-required","","","","英語キーと既存訳の意味・表記を点検。対象言語の適切な外部出典は未確認。既存訳を維持し、公式訳とは扱わない。"
"ja-JP","names","Advanced","詳細設定","review-required","","","","英語キーと既存訳の意味・表記を点検。対象言語の適切な外部出典は未確認。既存訳を維持し、公式訳とは扱わない。"
"ja-JP","names","Zoom","ズーム","review-required","","","","英語キーと既存訳の意味・表記を点検。対象言語の適切な外部出典は未確認。既存訳を維持し、公式訳とは扱わない。"
"ja-JP","names","Drone","ドローン","review-required","","","","英語キーと既存訳の意味・表記を点検。対象言語の適切な外部出典は未確認。既存訳を維持し、公式訳とは扱わない。"
"ja-JP","names","Settings","設定","review-required","","","","英語キーと既存訳の意味・表記を点検。対象言語の適切な外部出典は未確認。既存訳を維持し、公式訳とは扱わない。"
"ja-JP","names","Reset","初期化","review-required","","","","英語キーと既存訳の意味・表記を点検。対象言語の適切な外部出典は未確認。既存訳を維持し、公式訳とは扱わない。"
"ja-JP","names","Filters","フィルター","review-required","","","","英語キーと既存訳の意味・表記を点検。対象言語の適切な外部出典は未確認。既存訳を維持し、公式訳とは扱わない。"
"ja-JP","names","Portrait","縦位置","review-required","","","","英語キーと既存訳の意味・表記を点検。対象言語の適切な外部出典は未確認。既存訳を維持し、公式訳とは扱わない。"
"ja-JP","names","Depth Cool","深度・クール","review-required","","","","英語キーと既存訳の意味・表記を点検。対象言語の適切な外部出典は未確認。既存訳を維持し、公式訳とは扱わない。"
"ja-JP","names","Depth Cute","深度・キュート","review-required","","","","英語キーと既存訳の意味・表記を点検。対象言語の適切な外部出典は未確認。既存訳を維持し、公式訳とは扱わない。"
"ja-JP","names","Spotlight","スポットライト","review-required","","","","英語キーと既存訳の意味・表記を点検。対象言語の適切な外部出典は未確認。既存訳を維持し、公式訳とは扱わない。"
"ja-JP","names","Green Back","グリーンバック","review-required","","","","英語キーと既存訳の意味・表記を点検。対象言語の適切な外部出典は未確認。既存訳を維持し、公式訳とは扱わない。"
"ja-JP","names","Blue Back","ブルーバック","review-required","","","","英語キーと既存訳の意味・表記を点検。対象言語の適切な外部出典は未確認。既存訳を維持し、公式訳とは扱わない。"
"ja-JP","names","RIGHT","右","review-required","","","","英語キーと既存訳の意味・表記を点検。対象言語の適切な外部出典は未確認。既存訳を維持し、公式訳とは扱わない。"
"ja-JP","names","UP","上","review-required","","","","英語キーと既存訳の意味・表記を点検。対象言語の適切な外部出典は未確認。既存訳を維持し、公式訳とは扱わない。"
"ja-JP","names","DOWN","下","review-required","","","","英語キーと既存訳の意味・表記を点検。対象言語の適切な外部出典は未確認。既存訳を維持し、公式訳とは扱わない。"
"ja-JP","names","LEFT","左","review-required","","","","英語キーと既存訳の意味・表記を点検。対象言語の適切な外部出典は未確認。既存訳を維持し、公式訳とは扱わない。"
"ja-JP","names","Show/Hide","表示切替","review-required","","","","英語キーと既存訳の意味・表記を点検。対象言語の適切な外部出典は未確認。既存訳を維持し、公式訳とは扱わない。"
"ja-JP","names","Color","色","review-required","","","","英語キーと既存訳の意味・表記を点検。対象言語の適切な外部出典は未確認。既存訳を維持し、公式訳とは扱わない。"
"ja-JP","names","Hexagon","六角形","review-required","","","","英語キーと既存訳の意味・表記を点検。対象言語の適切な外部出典は未確認。既存訳を維持し、公式訳とは扱わない。"
"ja-JP","names","Octagon","八角形","review-required","","","","英語キーと既存訳の意味・表記を点検。対象言語の適切な外部出典は未確認。既存訳を維持し、公式訳とは扱わない。"
"ja-JP","names","Square","四角形","review-required","","","","英語キーと既存訳の意味・表記を点検。対象言語の適切な外部出典は未確認。既存訳を維持し、公式訳とは扱わない。"
"ja-JP","names","Look At Face","顔へ向ける","review-required","","","","英語キーと既存訳の意味・表記を点検。対象言語の適切な外部出典は未確認。既存訳を維持し、公式訳とは扱わない。"
"ja-JP","names","Look Up","上へ向ける","review-required","","","","英語キーと既存訳の意味・表記を点検。対象言語の適切な外部出典は未確認。既存訳を維持し、公式訳とは扱わない。"
"ja-JP","names","Look Down","下へ向ける","review-required","","","","英語キーと既存訳の意味・表記を点検。対象言語の適切な外部出典は未確認。既存訳を維持し、公式訳とは扱わない。"
"ja-JP","names","Look At Feet","足元へ向ける","review-required","","","","英語キーと既存訳の意味・表記を点検。対象言語の適切な外部出典は未確認。既存訳を維持し、公式訳とは扱わない。"
"ja-JP","names","Track Self","自分を追尾","review-required","","","","英語キーと既存訳の意味・表記を点検。対象言語の適切な外部出典は未確認。既存訳を維持し、公式訳とは扱わない。"
"ja-JP","names","Track Self...","自分を追尾...","review-required","","","","英語キーと既存訳の意味・表記を点検。対象言語の適切な外部出典は未確認。既存訳を維持し、公式訳とは扱わない。"
"ja-JP","names","Infinity","無限遠","review-required","","","","英語キーと既存訳の意味・表記を点検。対象言語の適切な外部出典は未確認。既存訳を維持し、公式訳とは扱わない。"
"ja-JP","names","Macro","マクロ","review-required","","","","英語キーと既存訳の意味・表記を点検。対象言語の適切な外部出典は未確認。既存訳を維持し、公式訳とは扱わない。"
"ja-JP","names","Quick Selfie","自撮り","review-required","","","","英語キーと既存訳の意味・表記を点検。対象言語の適切な外部出典は未確認。既存訳を維持し、公式訳とは扱わない。"
"ja-JP","names","Extra...","その他...","review-required","","","","英語キーと既存訳の意味・表記を点検。対象言語の適切な外部出典は未確認。既存訳を維持し、公式訳とは扱わない。"
"ja-JP","names","Movie Mode","動画モード","review-required","","","","英語キーと既存訳の意味・表記を点検。対象言語の適切な外部出典は未確認。既存訳を維持し、公式訳とは扱わない。"
"ja-JP","names","Avatar-Drop","アバター固定","review-required","","","","英語キーと既存訳の意味・表記を点検。対象言語の適切な外部出典は未確認。既存訳を維持し、公式訳とは扱わない。"
"ja-JP","names","3D Mode","3Dモード","review-required","","","","英語キーと既存訳の意味・表記を点検。対象言語の適切な外部出典は未確認。既存訳を維持し、公式訳とは扱わない。"
"ja-JP","names","Mount Swap","マウント切替","review-required","","","","英語キーと既存訳の意味・表記を点検。対象言語の適切な外部出典は未確認。既存訳を維持し、公式訳とは扱わない。"
"ja-JP","names","Hide Lens","レンズ非表示","review-required","","","","英語キーと既存訳の意味・表記を点検。対象言語の適切な外部出典は未確認。既存訳を維持し、公式訳とは扱わない。"
"ja-JP","names","Sensor Type","センサーサイズ","review-required","","","","英語キーと既存訳の意味・表記を点検。対象言語の適切な外部出典は未確認。既存訳を維持し、公式訳とは扱わない。"
"ja-JP","names","Bokeh Shape","ボケ形状","review-required","","","","英語キーと既存訳の意味・表記を点検。対象言語の適切な外部出典は未確認。既存訳を維持し、公式訳とは扱わない。"
"ja-JP","names","Move HUD","表示位置","review-required","","","","英語キーと既存訳の意味・表記を点検。対象言語の適切な外部出典は未確認。既存訳を維持し、公式訳とは扱わない。"
"ja-JP","names","Hand-Rotate","手動回転","review-required","","","","英語キーと既存訳の意味・表記を点検。対象言語の適切な外部出典は未確認。既存訳を維持し、公式訳とは扱わない。"
"ja-JP","names","Change Angle","向き変更","review-required","","","","英語キーと既存訳の意味・表記を点検。対象言語の適切な外部出典は未確認。既存訳を維持し、公式訳とは扱わない。"
"ja-JP","names","Move Camera","カメラ移動","review-required","","","","英語キーと既存訳の意味・表記を点検。対象言語の適切な外部出典は未確認。既存訳を維持し、公式訳とは扱わない。"
"ja-JP","names","Drone Speed","ドローン速度","review-required","","","","英語キーと既存訳の意味・表記を点検。対象言語の適切な外部出典は未確認。既存訳を維持し、公式訳とは扱わない。"
"ja-JP","names","Move Pivot","ピボット移動","review-required","","","","英語キーと既存訳の意味・表記を点検。対象言語の適切な外部出典は未確認。既存訳を維持し、公式訳とは扱わない。"
"ja-JP","names","Track Pivot","ピボット追尾","review-required","","","","英語キーと既存訳の意味・表記を点検。対象言語の適切な外部出典は未確認。既存訳を維持し、公式訳とは扱わない。"
"ja-JP","names","Smoothing","追尾スムージング","review-required","","","","英語キーと既存訳の意味・表記を点検。対象言語の適切な外部出典は未確認。既存訳を維持し、公式訳とは扱わない。"
"ja-JP","names","Drop Pivot","ピボット設置","review-required","","","","英語キーと既存訳の意味・表記を点検。対象言語の適切な外部出典は未確認。既存訳を維持し、公式訳とは扱わない。"
"ja-JP","names","Vertical Lock","上下固定","review-required","","","","英語キーと既存訳の意味・表記を点検。対象言語の適切な外部出典は未確認。既存訳を維持し、公式訳とは扱わない。"
"ja-JP","names","Avatar AF","アバターAF","review-required","","","","英語キーと既存訳の意味・表記を点検。対象言語の適切な外部出典は未確認。既存訳を維持し、公式訳とは扱わない。"
"ja-JP","names","Pro Autofocus","高性能AF","review-required","","","","英語キーと既存訳の意味・表記を点検。対象言語の適切な外部出典は未確認。既存訳を維持し、公式訳とは扱わない。"
"ja-JP","names","AF-ON","AF作動","review-required","","","","英語キーと既存訳の意味・表記を点検。対象言語の適切な外部出典は未確認。既存訳を維持し、公式訳とは扱わない。"
"ja-JP","names","AF Lock","AFロック","review-required","","","","英語キーと既存訳の意味・表記を点検。対象言語の適切な外部出典は未確認。既存訳を維持し、公式訳とは扱わない。"
"ja-JP","names","Avatar Priority","アバター優先","review-required","","","","英語キーと既存訳の意味・表記を点検。対象言語の適切な外部出典は未確認。既存訳を維持し、公式訳とは扱わない。"
"ja-JP","names","Custom","追加機能","review-required","","","","英語キーと既存訳の意味・表記を点検。対象言語の適切な外部出典は未確認。既存訳を維持し、公式訳とは扱わない。"
"ja-JP","names","Red","赤","review-required","","","","英語キーと既存訳の意味・表記を点検。対象言語の適切な外部出典は未確認。既存訳を維持し、公式訳とは扱わない。"
"ja-JP","names","Color B","青","review-required","","","","英語キーと既存訳の意味・表記を点検。対象言語の適切な外部出典は未確認。既存訳を維持し、公式訳とは扱わない。"
"ja-JP","directions","TOP","上","review-required","","","","英語キーと既存訳の意味・表記を点検。対象言語の適切な外部出典は未確認。既存訳を維持し、公式訳とは扱わない。"
"ja-JP","directions","UP","上","review-required","","","","英語キーと既存訳の意味・表記を点検。対象言語の適切な外部出典は未確認。既存訳を維持し、公式訳とは扱わない。"
"ja-JP","directions","RIGHT","右","review-required","","","","英語キーと既存訳の意味・表記を点検。対象言語の適切な外部出典は未確認。既存訳を維持し、公式訳とは扱わない。"
"ja-JP","directions","BOTTOM","下","review-required","","","","英語キーと既存訳の意味・表記を点検。対象言語の適切な外部出典は未確認。既存訳を維持し、公式訳とは扱わない。"
"ja-JP","directions","DOWN","下","review-required","","","","英語キーと既存訳の意味・表記を点検。対象言語の適切な外部出典は未確認。既存訳を維持し、公式訳とは扱わない。"
"ja-JP","directions","LEFT","左","review-required","","","","英語キーと既存訳の意味・表記を点検。対象言語の適切な外部出典は未確認。既存訳を維持し、公式訳とは扱わない。"
"ja-JP","directions","FORWARD","前","review-required","","","","英語キーと既存訳の意味・表記を点検。対象言語の適切な外部出典は未確認。既存訳を維持し、公式訳とは扱わない。"
"ja-JP","directions","BACK","後","review-required","","","","英語キーと既存訳の意味・表記を点検。対象言語の適切な外部出典は未確認。既存訳を維持し、公式訳とは扱わない。"
"ja-JP","dynamic","Next","次へ","review-required","","","","英語キーと既存訳の意味・表記を点検。対象言語の適切な外部出典は未確認。既存訳を維持し、公式訳とは扱わない。"
"ja-JP","dynamic","WorldDrop","ワールド固定","review-required","","","","英語キーと既存訳の意味・表記を点検。対象言語の適切な外部出典は未確認。既存訳を維持し、公式訳とは扱わない。"
"ja-JP","dynamic","ZoomInSpeed4","望遠側 速度4","review-required","","","","英語キーと既存訳の意味・表記を点検。対象言語の適切な外部出典は未確認。既存訳を維持し、公式訳とは扱わない。"
"ja-JP","dynamic","ZoomOutSpeed4","広角側 速度4","review-required","","","","英語キーと既存訳の意味・表記を点検。対象言語の適切な外部出典は未確認。既存訳を維持し、公式訳とは扱わない。"
"ja-JP","featureBlanks","100","広角側 速度1","review-required","","","","英語キーと既存訳の意味・表記を点検。対象言語の適切な外部出典は未確認。既存訳を維持し、公式訳とは扱わない。"
"ja-JP","featureBlanks","101","広角側 速度2","review-required","","","","英語キーと既存訳の意味・表記を点検。対象言語の適切な外部出典は未確認。既存訳を維持し、公式訳とは扱わない。"
"ja-JP","featureBlanks","102","広角側 速度3","review-required","","","","英語キーと既存訳の意味・表記を点検。対象言語の適切な外部出典は未確認。既存訳を維持し、公式訳とは扱わない。"
"ja-JP","featureBlanks","104","望遠側 速度1","review-required","","","","英語キーと既存訳の意味・表記を点検。対象言語の適切な外部出典は未確認。既存訳を維持し、公式訳とは扱わない。"
"ja-JP","featureBlanks","105","望遠側 速度2","review-required","","","","英語キーと既存訳の意味・表記を点検。対象言語の適切な外部出典は未確認。既存訳を維持し、公式訳とは扱わない。"
"ja-JP","featureBlanks","106","望遠側 速度3","review-required","","","","英語キーと既存訳の意味・表記を点検。対象言語の適切な外部出典は未確認。既存訳を維持し、公式訳とは扱わない。"
"ja-JP","featureBlanks","108","露出補正 -1/3段","review-required","","","","英語キーと既存訳の意味・表記を点検。対象言語の適切な外部出典は未確認。既存訳を維持し、公式訳とは扱わない。"
"ja-JP","featureBlanks","110","露出補正 +1/3段","review-required","","","","英語キーと既存訳の意味・表記を点検。対象言語の適切な外部出典は未確認。既存訳を維持し、公式訳とは扱わない。"
"ja-JP","featureBlanks","113","WB補正：ブルー側","review-required","","","","英語キーと既存訳の意味・表記を点検。対象言語の適切な外部出典は未確認。既存訳を維持し、公式訳とは扱わない。"
"ja-JP","featureBlanks","114","WB補正：リセット","review-required","","","","英語キーと既存訳の意味・表記を点検。対象言語の適切な外部出典は未確認。既存訳を維持し、公式訳とは扱わない。"
"ja-JP","featureBlanks","115","WB補正：アンバー側","review-required","","","","英語キーと既存訳の意味・表記を点検。対象言語の適切な外部出典は未確認。既存訳を維持し、公式訳とは扱わない。"
"ja-JP","featureBlanks","117","近距離側 中","review-required","","","","英語キーと既存訳の意味・表記を点検。対象言語の適切な外部出典は未確認。既存訳を維持し、公式訳とは扱わない。"
"ja-JP","featureBlanks","118","近距離側 小","review-required","","","","英語キーと既存訳の意味・表記を点検。対象言語の適切な外部出典は未確認。既存訳を維持し、公式訳とは扱わない。"
"ja-JP","featureBlanks","120","遠距離側 小","review-required","","","","英語キーと既存訳の意味・表記を点検。対象言語の適切な外部出典は未確認。既存訳を維持し、公式訳とは扱わない。"
"ja-JP","featureBlanks","121","遠距離側 中","review-required","","","","英語キーと既存訳の意味・表記を点検。対象言語の適切な外部出典は未確認。既存訳を維持し、公式訳とは扱わない。"
"ja-JP","featureBlanks","129","少し上を見る","review-required","","","","英語キーと既存訳の意味・表記を点検。対象言語の適切な外部出典は未確認。既存訳を維持し、公式訳とは扱わない。"
"ja-JP","featureBlanks","130","少し下を見る","review-required","","","","英語キーと既存訳の意味・表記を点検。対象言語の適切な外部出典は未確認。既存訳を維持し、公式訳とは扱わない。"
"ja-JP","sensorBlanks","0","35mmフルサイズ","review-required","","","","英語キーと既存訳の意味・表記を点検。対象言語の適切な外部出典は未確認。既存訳を維持し、公式訳とは扱わない。"
"ja-JP","sensorBlanks","1","APS-H","review-required","","","","英語キーと既存訳の意味・表記を点検。対象言語の適切な外部出典は未確認。既存訳を維持し、公式訳とは扱わない。"
"ja-JP","sensorBlanks","2","APS-C（1.5倍）","review-required","","","","英語キーと既存訳の意味・表記を点検。対象言語の適切な外部出典は未確認。既存訳を維持し、公式訳とは扱わない。"
"ja-JP","sensorBlanks","3","APS-C（1.6倍）","review-required","","","","英語キーと既存訳の意味・表記を点検。対象言語の適切な外部出典は未確認。既存訳を維持し、公式訳とは扱わない。"
"ja-JP","sensorBlanks","4","マイクロフォーサーズ","review-required","","","","英語キーと既存訳の意味・表記を点検。対象言語の適切な外部出典は未確認。既存訳を維持し、公式訳とは扱わない。"
"ja-JP","sensorBlanks","5","1.0型","review-required","","","","英語キーと既存訳の意味・表記を点検。対象言語の適切な外部出典は未確認。既存訳を維持し、公式訳とは扱わない。"
"ja-JP","tonemapBlanks","0","切","review-required","","","","英語キーと既存訳の意味・表記を点検。対象言語の適切な外部出典は未確認。既存訳を維持し、公式訳とは扱わない。"
"ja-JP","tonemapBlanks","1","フィルミック1","review-required","","","","英語キーと既存訳の意味・表記を点検。対象言語の適切な外部出典は未確認。既存訳を維持し、公式訳とは扱わない。"
"ja-JP","tonemapBlanks","2","フィルミック2","review-required","","","","英語キーと既存訳の意味・表記を点検。対象言語の適切な外部出典は未確認。既存訳を維持し、公式訳とは扱わない。"
"ja-JP","tonemapBlanks","3","HLG","review-required","","","","英語キーと既存訳の意味・表記を点検。対象言語の適切な外部出典は未確認。既存訳を維持し、公式訳とは扱わない。"
"ja-JP","tonemapBlanks","4","ニュートラル","review-required","","","","英語キーと既存訳の意味・表記を点検。対象言語の適切な外部出典は未確認。既存訳を維持し、公式訳とは扱わない。"
"zh-Hans-CN","names","Enable","启用","review-required","","","","英語キーと既存訳の意味・表記を点検。対象言語の適切な外部出典は未確認。既存訳を維持し、公式訳とは扱わない。"
"zh-Hans-CN","names","Advanced","高级设置","review-required","","","","英語キーと既存訳の意味・表記を点検。対象言語の適切な外部出典は未確認。既存訳を維持し、公式訳とは扱わない。"
"zh-Hans-CN","names","Zoom","变焦","review-required","","","","英語キーと既存訳の意味・表記を点検。対象言語の適切な外部出典は未確認。既存訳を維持し、公式訳とは扱わない。"
"zh-Hans-CN","names","Drone","无人机","review-required","","","","英語キーと既存訳の意味・表記を点検。対象言語の適切な外部出典は未確認。既存訳を維持し、公式訳とは扱わない。"
"zh-Hans-CN","names","Settings","设置","review-required","","","","英語キーと既存訳の意味・表記を点検。対象言語の適切な外部出典は未確認。既存訳を維持し、公式訳とは扱わない。"
"zh-Hans-CN","names","Reset","重置","review-required","","","","英語キーと既存訳の意味・表記を点検。対象言語の適切な外部出典は未確認。既存訳を維持し、公式訳とは扱わない。"
"zh-Hans-CN","names","Filters","滤镜","review-required","","","","英語キーと既存訳の意味・表記を点検。対象言語の適切な外部出典は未確認。既存訳を維持し、公式訳とは扱わない。"
"zh-Hans-CN","names","Portrait","竖拍","review-required","","","","英語キーと既存訳の意味・表記を点検。対象言語の適切な外部出典は未確認。既存訳を維持し、公式訳とは扱わない。"
"zh-Hans-CN","names","Depth Cool","深度・冷色","review-required","","","","英語キーと既存訳の意味・表記を点検。対象言語の適切な外部出典は未確認。既存訳を維持し、公式訳とは扱わない。"
"zh-Hans-CN","names","Depth Cute","深度・可爱","review-required","","","","英語キーと既存訳の意味・表記を点検。対象言語の適切な外部出典は未確認。既存訳を維持し、公式訳とは扱わない。"
"zh-Hans-CN","names","Spotlight","聚光灯","review-required","","","","英語キーと既存訳の意味・表記を点検。対象言語の適切な外部出典は未確認。既存訳を維持し、公式訳とは扱わない。"
"zh-Hans-CN","names","Green Back","绿幕","review-required","","","","英語キーと既存訳の意味・表記を点検。対象言語の適切な外部出典は未確認。既存訳を維持し、公式訳とは扱わない。"
"zh-Hans-CN","names","Blue Back","蓝幕","review-required","","","","英語キーと既存訳の意味・表記を点検。対象言語の適切な外部出典は未確認。既存訳を維持し、公式訳とは扱わない。"
"zh-Hans-CN","names","RIGHT","右","review-required","","","","英語キーと既存訳の意味・表記を点検。対象言語の適切な外部出典は未確認。既存訳を維持し、公式訳とは扱わない。"
"zh-Hans-CN","names","UP","上","review-required","","","","英語キーと既存訳の意味・表記を点検。対象言語の適切な外部出典は未確認。既存訳を維持し、公式訳とは扱わない。"
"zh-Hans-CN","names","DOWN","下","review-required","","","","英語キーと既存訳の意味・表記を点検。対象言語の適切な外部出典は未確認。既存訳を維持し、公式訳とは扱わない。"
"zh-Hans-CN","names","LEFT","左","review-required","","","","英語キーと既存訳の意味・表記を点検。対象言語の適切な外部出典は未確認。既存訳を維持し、公式訳とは扱わない。"
"zh-Hans-CN","names","Show/Hide","显示/隐藏","review-required","","","","英語キーと既存訳の意味・表記を点検。対象言語の適切な外部出典は未確認。既存訳を維持し、公式訳とは扱わない。"
"zh-Hans-CN","names","Color","颜色","review-required","","","","英語キーと既存訳の意味・表記を点検。対象言語の適切な外部出典は未確認。既存訳を維持し、公式訳とは扱わない。"
"zh-Hans-CN","names","Hexagon","六边形","review-required","","","","英語キーと既存訳の意味・表記を点検。対象言語の適切な外部出典は未確認。既存訳を維持し、公式訳とは扱わない。"
"zh-Hans-CN","names","Octagon","八边形","review-required","","","","英語キーと既存訳の意味・表記を点検。対象言語の適切な外部出典は未確認。既存訳を維持し、公式訳とは扱わない。"
"zh-Hans-CN","names","Square","方形","review-required","","","","英語キーと既存訳の意味・表記を点検。対象言語の適切な外部出典は未確認。既存訳を維持し、公式訳とは扱わない。"
"zh-Hans-CN","names","Look At Face","朝向面部","review-required","","","","英語キーと既存訳の意味・表記を点検。対象言語の適切な外部出典は未確認。既存訳を維持し、公式訳とは扱わない。"
"zh-Hans-CN","names","Look Up","向上看","review-required","","","","英語キーと既存訳の意味・表記を点検。対象言語の適切な外部出典は未確認。既存訳を維持し、公式訳とは扱わない。"
"zh-Hans-CN","names","Look Down","向下看","review-required","","","","英語キーと既存訳の意味・表記を点検。対象言語の適切な外部出典は未確認。既存訳を維持し、公式訳とは扱わない。"
"zh-Hans-CN","names","Look At Feet","朝向脚部","review-required","","","","英語キーと既存訳の意味・表記を点検。対象言語の適切な外部出典は未確認。既存訳を維持し、公式訳とは扱わない。"
"zh-Hans-CN","names","Track Self","追踪自己","review-required","","","","英語キーと既存訳の意味・表記を点検。対象言語の適切な外部出典は未確認。既存訳を維持し、公式訳とは扱わない。"
"zh-Hans-CN","names","Track Self...","追踪自己...","review-required","","","","英語キーと既存訳の意味・表記を点検。対象言語の適切な外部出典は未確認。既存訳を維持し、公式訳とは扱わない。"
"zh-Hans-CN","names","Infinity","无限远","review-required","","","","英語キーと既存訳の意味・表記を点検。対象言語の適切な外部出典は未確認。既存訳を維持し、公式訳とは扱わない。"
"zh-Hans-CN","names","Macro","微距","review-required","","","","英語キーと既存訳の意味・表記を点検。対象言語の適切な外部出典は未確認。既存訳を維持し、公式訳とは扱わない。"
"zh-Hans-CN","names","Quick Selfie","快速自拍","review-required","","","","英語キーと既存訳の意味・表記を点検。対象言語の適切な外部出典は未確認。既存訳を維持し、公式訳とは扱わない。"
"zh-Hans-CN","names","Extra...","更多...","review-required","","","","英語キーと既存訳の意味・表記を点検。対象言語の適切な外部出典は未確認。既存訳を維持し、公式訳とは扱わない。"
"zh-Hans-CN","names","Movie Mode","短片模式","review-required","","","","英語キーと既存訳の意味・表記を点検。対象言語の適切な外部出典は未確認。既存訳を維持し、公式訳とは扱わない。"
"zh-Hans-CN","names","Avatar-Drop","固定到Avatar","review-required","","","","英語キーと既存訳の意味・表記を点検。対象言語の適切な外部出典は未確認。既存訳を維持し、公式訳とは扱わない。"
"zh-Hans-CN","names","3D Mode","3D模式","review-required","","","","英語キーと既存訳の意味・表記を点検。対象言語の適切な外部出典は未確認。既存訳を維持し、公式訳とは扱わない。"
"zh-Hans-CN","names","Mount Swap","切换安装位置","review-required","","","","英語キーと既存訳の意味・表記を点検。対象言語の適切な外部出典は未確認。既存訳を維持し、公式訳とは扱わない。"
"zh-Hans-CN","names","Hide Lens","隐藏镜头","review-required","","","","英語キーと既存訳の意味・表記を点検。対象言語の適切な外部出典は未確認。既存訳を維持し、公式訳とは扱わない。"
"zh-Hans-CN","names","Sensor Type","感应器尺寸","review-required","","","","英語キーと既存訳の意味・表記を点検。対象言語の適切な外部出典は未確認。既存訳を維持し、公式訳とは扱わない。"
"zh-Hans-CN","names","Bokeh Shape","散景形状","review-required","","","","英語キーと既存訳の意味・表記を点検。対象言語の適切な外部出典は未確認。既存訳を維持し、公式訳とは扱わない。"
"zh-Hans-CN","names","Move HUD","移动显示","review-required","","","","英語キーと既存訳の意味・表記を点検。対象言語の適切な外部出典は未確認。既存訳を維持し、公式訳とは扱わない。"
"zh-Hans-CN","names","Hand-Rotate","手动旋转","review-required","","","","英語キーと既存訳の意味・表記を点検。対象言語の適切な外部出典は未確認。既存訳を維持し、公式訳とは扱わない。"
"zh-Hans-CN","names","Change Angle","改变角度","review-required","","","","英語キーと既存訳の意味・表記を点検。対象言語の適切な外部出典は未確認。既存訳を維持し、公式訳とは扱わない。"
"zh-Hans-CN","names","Move Camera","移动相机","review-required","","","","英語キーと既存訳の意味・表記を点検。対象言語の適切な外部出典は未確認。既存訳を維持し、公式訳とは扱わない。"
"zh-Hans-CN","names","Drone Speed","无人机速度","review-required","","","","英語キーと既存訳の意味・表記を点検。対象言語の適切な外部出典は未確認。既存訳を維持し、公式訳とは扱わない。"
"zh-Hans-CN","names","Move Pivot","移动枢轴点","review-required","","","","英語キーと既存訳の意味・表記を点検。対象言語の適切な外部出典は未確認。既存訳を維持し、公式訳とは扱わない。"
"zh-Hans-CN","names","Track Pivot","追踪枢轴点","review-required","","","","英語キーと既存訳の意味・表記を点検。対象言語の適切な外部出典は未確認。既存訳を維持し、公式訳とは扱わない。"
"zh-Hans-CN","names","Smoothing","平滑度","review-required","","","","英語キーと既存訳の意味・表記を点検。対象言語の適切な外部出典は未確認。既存訳を維持し、公式訳とは扱わない。"
"zh-Hans-CN","names","Drop Pivot","放置枢轴点","review-required","","","","英語キーと既存訳の意味・表記を点検。対象言語の適切な外部出典は未確認。既存訳を維持し、公式訳とは扱わない。"
"zh-Hans-CN","names","Vertical Lock","垂直锁定","review-required","","","","英語キーと既存訳の意味・表記を点検。対象言語の適切な外部出典は未確認。既存訳を維持し、公式訳とは扱わない。"
"zh-Hans-CN","names","Avatar AF","Avatar AF","review-required","","","","英語キーと既存訳の意味・表記を点検。対象言語の適切な外部出典は未確認。既存訳を維持し、公式訳とは扱わない。"
"zh-Hans-CN","names","Pro Autofocus","高级AF","review-required","","","","英語キーと既存訳の意味・表記を点検。対象言語の適切な外部出典は未確認。既存訳を維持し、公式訳とは扱わない。"
"zh-Hans-CN","names","AF-ON","AF-ON","review-required","","","","英語キーと既存訳の意味・表記を点検。対象言語の適切な外部出典は未確認。既存訳を維持し、公式訳とは扱わない。"
"zh-Hans-CN","names","AF Lock","AF锁","review-required","","","","英語キーと既存訳の意味・表記を点検。対象言語の適切な外部出典は未確認。既存訳を維持し、公式訳とは扱わない。"
"zh-Hans-CN","names","Avatar Priority","Avatar优先","review-required","","","","英語キーと既存訳の意味・表記を点検。対象言語の適切な外部出典は未確認。既存訳を維持し、公式訳とは扱わない。"
"zh-Hans-CN","names","Custom","自定义功能","review-required","","","","英語キーと既存訳の意味・表記を点検。対象言語の適切な外部出典は未確認。既存訳を維持し、公式訳とは扱わない。"
"zh-Hans-CN","names","Far Clip Plane","远裁剪平面","function-reviewed","https://github.com/gummidot/VRCLens-Addons/blob/main/README_JP.md","Far Clip Plane / 機能説明・設定表","","作者の日本語機能説明と英語キーで機能の意味を照合。訳語自体の対象地域の用例は未確認のため未確定一覧に残す。"
"zh-Hans-CN","names","Smooth DoF Edges","平滑景深边缘","function-reviewed","https://github.com/gummidot/VRCLens-Addons/blob/main/README_JP.md","Smooth DoF Edges / 機能説明・設定表","","作者の日本語機能説明と英語キーで機能の意味を照合。訳語自体の対象地域の用例は未確認のため未確定一覧に残す。"
"zh-Hans-CN","names","Softness","柔化度","function-reviewed","https://github.com/gummidot/VRCLens-Addons/blob/main/README_JP.md","Softness / 機能説明・設定表","","作者の日本語機能説明と英語キーで機能の意味を照合。訳語自体の対象地域の用例は未確認のため未確定一覧に残す。"
"zh-Hans-CN","names","Smooth Rotate","平滑旋转","function-reviewed","https://github.com/gummidot/VRCLens-Addons/blob/main/README_JP.md","Smooth Rotate / 機能説明・設定表","","作者の日本語機能説明と英語キーで機能の意味を照合。訳語自体の対象地域の用例は未確認のため未確定一覧に残す。"
"zh-Hans-CN","names","Anamorphic Bokeh","变形宽银幕散景","function-reviewed","https://github.com/gummidot/VRCLens-Addons/blob/main/README_JP.md","Anamorphic Bokeh / 機能説明・設定表","","作者の日本語機能説明と英語キーで機能の意味を照合。訳語自体の対象地域の用例は未確認のため未確定一覧に残す。"
"zh-Hans-CN","names","Enabled","启用","function-reviewed","https://github.com/gummidot/VRCLens-Addons/blob/main/README_JP.md","Enabled / 機能説明・設定表","","作者の日本語機能説明と英語キーで機能の意味を照合。訳語自体の対象地域の用例は未確認のため未確定一覧に残す。"
"zh-Hans-CN","names","Transverse CA","倍率色差","function-reviewed","https://github.com/gummidot/VRCLens-Addons/blob/main/README_JP.md","Transverse CA / 機能説明・設定表","","作者の日本語機能説明と英語キーで機能の意味を照合。訳語自体の対象地域の用例は未確認のため未確定一覧に残す。"
"zh-Hans-CN","names","Axial CA","轴向色差","function-reviewed","https://github.com/gummidot/VRCLens-Addons/blob/main/README_JP.md","Axial CA / 機能説明・設定表","","作者の日本語機能説明と英語キーで機能の意味を照合。訳語自体の対象地域の用例は未確認のため未確定一覧に残す。"
"zh-Hans-CN","names","Axial Focus-Aware","轴向对焦联动","function-reviewed","https://github.com/gummidot/VRCLens-Addons/blob/main/README_JP.md","Axial Focus-Aware / 機能説明・設定表","","作者の日本語機能説明と英語キーで機能の意味を照合。訳語自体の対象地域の用例は未確認のため未確定一覧に残す。"
"zh-Hans-CN","names","Magenta-Green","洋红/绿色","function-reviewed","https://github.com/gummidot/VRCLens-Addons/blob/main/README_JP.md","Magenta-Green / 機能説明・設定表","","作者の日本語機能説明と英語キーで機能の意味を照合。訳語自体の対象地域の用例は未確認のため未確定一覧に残す。"
"zh-Hans-CN","names","Color Grading","色彩分级","function-reviewed","https://github.com/gummidot/VRCLens-Addons/blob/main/README_JP.md","Color Grading / 機能説明・設定表","","作者の日本語機能説明と英語キーで機能の意味を照合。訳語自体の対象地域の用例は未確認のため未確定一覧に残す。"
"zh-Hans-CN","names","Red","红","review-required","","","","英語キーと既存訳の意味・表記を点検。対象言語の適切な外部出典は未確認。既存訳を維持し、公式訳とは扱わない。"
"zh-Hans-CN","names","Green","绿","function-reviewed","https://github.com/gummidot/VRCLens-Addons/blob/main/README_JP.md","Green / 機能説明・設定表","","作者の日本語機能説明と英語キーで機能の意味を照合。訳語自体の対象地域の用例は未確認のため未確定一覧に残す。"
"zh-Hans-CN","names","Blue","蓝","function-reviewed","https://github.com/gummidot/VRCLens-Addons/blob/main/README_JP.md","Blue / 機能説明・設定表","","作者の日本語機能説明と英語キーで機能の意味を照合。訳語自体の対象地域の用例は未確認のため未確定一覧に残す。"
"zh-Hans-CN","names","Depth Fog","深度雾效","function-reviewed","https://github.com/gummidot/VRCLens-Addons/blob/main/README_JP.md","Depth Fog / 機能説明・設定表","","作者の日本語機能説明と英語キーで機能の意味を照合。訳語自体の対象地域の用例は未確認のため未確定一覧に残す。"
"zh-Hans-CN","names","Density","密度","function-reviewed","https://github.com/gummidot/VRCLens-Addons/blob/main/README_JP.md","Density / 機能説明・設定表","","作者の日本語機能説明と英語キーで機能の意味を照合。訳語自体の対象地域の用例は未確認のため未確定一覧に残す。"
"zh-Hans-CN","names","Start Distance","起始距离","function-reviewed","https://github.com/gummidot/VRCLens-Addons/blob/main/README_JP.md","Start Distance / 機能説明・設定表","","作者の日本語機能説明と英語キーで機能の意味を照合。訳語自体の対象地域の用例は未確認のため未確定一覧に残す。"
"zh-Hans-CN","names","Color R","红","function-reviewed","https://github.com/gummidot/VRCLens-Addons/blob/main/README_JP.md","Color R / 機能説明・設定表","","作者の日本語機能説明と英語キーで機能の意味を照合。訳語自体の対象地域の用例は未確認のため未確定一覧に残す。"
"zh-Hans-CN","names","Color G","绿","function-reviewed","https://github.com/gummidot/VRCLens-Addons/blob/main/README_JP.md","Color G / 機能説明・設定表","","作者の日本語機能説明と英語キーで機能の意味を照合。訳語自体の対象地域の用例は未確認のため未確定一覧に残す。"
"zh-Hans-CN","names","Color B","蓝","review-required","","","","英語キーと既存訳の意味・表記を点検。対象言語の適切な外部出典は未確認。既存訳を維持し、公式訳とは扱わない。"
"zh-Hans-CN","names","Film Grain","胶片颗粒","function-reviewed","https://github.com/gummidot/VRCLens-Addons/blob/main/README_JP.md","Film Grain / 機能説明・設定表","","作者の日本語機能説明と英語キーで機能の意味を照合。訳語自体の対象地域の用例は未確認のため未確定一覧に残す。"
"zh-Hans-CN","names","Intensity","强度","function-reviewed","https://github.com/gummidot/VRCLens-Addons/blob/main/README_JP.md","Intensity / 機能説明・設定表","","作者の日本語機能説明と英語キーで機能の意味を照合。訳語自体の対象地域の用例は未確認のため未確定一覧に残す。"
"zh-Hans-CN","names","Size","大小","function-reviewed","https://github.com/gummidot/VRCLens-Addons/blob/main/README_JP.md","Size / 機能説明・設定表","","作者の日本語機能説明と英語キーで機能の意味を照合。訳語自体の対象地域の用例は未確認のため未確定一覧に残す。"
"zh-Hans-CN","names","Speed","速度","function-reviewed","https://github.com/gummidot/VRCLens-Addons/blob/main/README_JP.md","Speed / 機能説明・設定表","","作者の日本語機能説明と英語キーで機能の意味を照合。訳語自体の対象地域の用例は未確認のため未確定一覧に残す。"
"zh-Hans-CN","names","Fisheye Lens","鱼眼镜头","function-reviewed","https://github.com/gummidot/VRCLens-Addons/blob/main/README_JP.md","Fisheye Lens / 機能説明・設定表","","作者の日本語機能説明と英語キーで機能の意味を照合。訳語自体の対象地域の用例は未確認のため未確定一覧に残す。"
"zh-Hans-CN","names","Strength","强度","function-reviewed","https://github.com/gummidot/VRCLens-Addons/blob/main/README_JP.md","Strength / 機能説明・設定表","","作者の日本語機能説明と英語キーで機能の意味を照合。訳語自体の対象地域の用例は未確認のため未確定一覧に残す。"
"zh-Hans-CN","names","Roundness","圆度","function-reviewed","https://github.com/gummidot/VRCLens-Addons/blob/main/README_JP.md","Roundness / 機能説明・設定表","","作者の日本語機能説明と英語キーで機能の意味を照合。訳語自体の対象地域の用例は未確認のため未確定一覧に残す。"
"zh-Hans-CN","names","Lens Size","镜头尺寸","function-reviewed","https://github.com/gummidot/VRCLens-Addons/blob/main/README_JP.md","Lens Size / 機能説明・設定表","","作者の日本語機能説明と英語キーで機能の意味を照合。訳語自体の対象地域の用例は未確認のため未確定一覧に残す。"
"zh-Hans-CN","names","Edge Softness","边缘柔化","function-reviewed","https://github.com/gummidot/VRCLens-Addons/blob/main/README_JP.md","Edge Softness / 機能説明・設定表","","作者の日本語機能説明と英語キーで機能の意味を照合。訳語自体の対象地域の用例は未確認のため未確定一覧に残す。"
"zh-Hans-CN","names","Reverse Fisheye","反向鱼眼","function-reviewed","https://github.com/gummidot/VRCLens-Addons/blob/main/README_JP.md","Reverse Fisheye / 機能説明・設定表","","作者の日本語機能説明と英語キーで機能の意味を照合。訳語自体の対象地域の用例は未確認のため未確定一覧に残す。"
"zh-Hans-CN","names","Center","中心","function-reviewed","https://github.com/gummidot/VRCLens-Addons/blob/main/README_JP.md","Center / 機能説明・設定表","","作者の日本語機能説明と英語キーで機能の意味を照合。訳語自体の対象地域の用例は未確認のため未確定一覧に残す。"
"zh-Hans-CN","names","X","水平位置","function-reviewed","https://github.com/gummidot/VRCLens-Addons/blob/main/README_JP.md","X / 機能説明・設定表","","作者の日本語機能説明と英語キーで機能の意味を照合。訳語自体の対象地域の用例は未確認のため未確定一覧に残す。"
"zh-Hans-CN","names","Y","垂直位置","function-reviewed","https://github.com/gummidot/VRCLens-Addons/blob/main/README_JP.md","Y / 機能説明・設定表","","作者の日本語機能説明と英語キーで機能の意味を照合。訳語自体の対象地域の用例は未確認のため未確定一覧に残す。"
"zh-Hans-CN","names","Letterbox","宽银幕遮幅","function-reviewed","https://github.com/gummidot/VRCLens-Addons/blob/main/README_JP.md","Letterbox / 機能説明・設定表","","作者の日本語機能説明と英語キーで機能の意味を照合。訳語自体の対象地域の用例は未確認のため未確定一覧に残す。"
"zh-Hans-CN","names","2.39:1 Cinemascope","2.39:1 电影宽银幕","function-reviewed","https://github.com/gummidot/VRCLens-Addons/blob/main/README_JP.md","Letterbox / 機能説明・設定表","","作者の日本語機能説明と英語キーで機能の意味を照合。訳語自体の対象地域の用例は未確認のため未確定一覧に残す。"
"zh-Hans-CN","names","2.35:1 Anamorphic","2.35:1 变形宽银幕","function-reviewed","https://github.com/gummidot/VRCLens-Addons/blob/main/README_JP.md","Letterbox / 機能説明・設定表","","作者の日本語機能説明と英語キーで機能の意味を照合。訳語自体の対象地域の用例は未確認のため未確定一覧に残す。"
"zh-Hans-CN","names","2.00:1 Univisium","2.00:1 Univisium","function-reviewed","https://github.com/gummidot/VRCLens-Addons/blob/main/README_JP.md","Letterbox / 機能説明・設定表","","作者の日本語機能説明と英語キーで機能の意味を照合。訳語自体の対象地域の用例は未確認のため未確定一覧に残す。"
"zh-Hans-CN","names","1.85:1 Theatrical","1.85:1 影院","function-reviewed","https://github.com/gummidot/VRCLens-Addons/blob/main/README_JP.md","Letterbox / 機能説明・設定表","","作者の日本語機能説明と英語キーで機能の意味を照合。訳語自体の対象地域の用例は未確認のため未確定一覧に残す。"
"zh-Hans-CN","names","16:9 Widescreen","16:9 宽屏","function-reviewed","https://github.com/gummidot/VRCLens-Addons/blob/main/README_JP.md","Letterbox / 機能説明・設定表","","作者の日本語機能説明と英語キーで機能の意味を照合。訳語自体の対象地域の用例は未確認のため未確定一覧に残す。"
"zh-Hans-CN","names","3:2 DSLR","3:2 DSLR","function-reviewed","https://github.com/gummidot/VRCLens-Addons/blob/main/README_JP.md","Letterbox / 機能説明・設定表","","作者の日本語機能説明と英語キーで機能の意味を照合。訳語自体の対象地域の用例は未確認のため未確定一覧に残す。"
"zh-Hans-CN","names","4:3 Classic","4:3 经典","function-reviewed","https://github.com/gummidot/VRCLens-Addons/blob/main/README_JP.md","Letterbox / 機能説明・設定表","","作者の日本語機能説明と英語キーで機能の意味を照合。訳語自体の対象地域の用例は未確認のため未確定一覧に残す。"
"zh-Hans-CN","names","1:1 Square","1:1 方形","function-reviewed","https://github.com/gummidot/VRCLens-Addons/blob/main/README_JP.md","Letterbox / 機能説明・設定表","","作者の日本語機能説明と英語キーで機能の意味を照合。訳語自体の対象地域の用例は未確認のため未確定一覧に残す。"
"zh-Hans-CN","names","4:5 Portrait","4:5 竖向","function-reviewed","https://github.com/gummidot/VRCLens-Addons/blob/main/README_JP.md","Letterbox / 機能説明・設定表","","作者の日本語機能説明と英語キーで機能の意味を照合。訳語自体の対象地域の用例は未確認のため未確定一覧に残す。"
"zh-Hans-CN","names","9:16 Vertical","9:16 竖向","function-reviewed","https://github.com/gummidot/VRCLens-Addons/blob/main/README_JP.md","Letterbox / 機能説明・設定表","","作者の日本語機能説明と英語キーで機能の意味を照合。訳語自体の対象地域の用例は未確認のため未確定一覧に残す。"
"zh-Hans-CN","names","Pixelation","像素化","function-reviewed","https://github.com/gummidot/VRCLens-Addons/blob/main/README_JP.md","Pixelation / 機能説明・設定表","","作者の日本語機能説明と英語キーで機能の意味を照合。訳語自体の対象地域の用例は未確認のため未確定一覧に残す。"
"zh-Hans-CN","names","Block Size","像素块大小","function-reviewed","https://github.com/gummidot/VRCLens-Addons/blob/main/README_JP.md","Block Size / 機能説明・設定表","","作者の日本語機能説明と英語キーで機能の意味を照合。訳語自体の対象地域の用例は未確認のため未確定一覧に残す。"
"zh-Hans-CN","names","Dither","抖色","function-reviewed","https://github.com/gummidot/VRCLens-Addons/blob/main/README_JP.md","Dither / 機能説明・設定表","","作者の日本語機能説明と英語キーで機能の意味を照合。訳語自体の対象地域の用例は未確認のため未確定一覧に残す。"
"zh-Hans-CN","names","Aspect Ratio","长宽比","function-reviewed","https://github.com/gummidot/VRCLens-Addons/blob/main/README_JP.md","Aspect Ratio / 機能説明・設定表","","作者の日本語機能説明と英語キーで機能の意味を照合。訳語自体の対象地域の用例は未確認のため未確定一覧に残す。"
"zh-Hans-CN","names","Tilt-Shift","移轴","function-reviewed","https://github.com/gummidot/VRCLens-Addons/blob/main/README_JP.md","Tilt-Shift / 機能説明・設定表","","作者の日本語機能説明と英語キーで機能の意味を照合。訳語自体の対象地域の用例は未確認のため未確定一覧に残す。"
"zh-Hans-CN","names","Depth Mode","深度模式","function-reviewed","https://github.com/gummidot/VRCLens-Addons/blob/main/README_JP.md","Depth Mode / 機能説明・設定表","","作者の日本語機能説明と英語キーで機能の意味を照合。訳語自体の対象地域の用例は未確認のため未確定一覧に残す。"
"zh-Hans-CN","names","Blur","模糊","function-reviewed","https://github.com/gummidot/VRCLens-Addons/blob/main/README_JP.md","Blur / 機能説明・設定表","","作者の日本語機能説明と英語キーで機能の意味を照合。訳語自体の対象地域の用例は未確認のため未確定一覧に残す。"
"zh-Hans-CN","names","Position","位置","function-reviewed","https://github.com/gummidot/VRCLens-Addons/blob/main/README_JP.md","Position / 機能説明・設定表","","作者の日本語機能説明と英語キーで機能の意味を照合。訳語自体の対象地域の用例は未確認のため未確定一覧に残す。"
"zh-Hans-CN","names","Width","宽度","function-reviewed","https://github.com/gummidot/VRCLens-Addons/blob/main/README_JP.md","Width / 機能説明・設定表","","作者の日本語機能説明と英語キーで機能の意味を照合。訳語自体の対象地域の用例は未確認のため未確定一覧に残す。"
"zh-Hans-CN","names","Angle","角度","function-reviewed","https://github.com/gummidot/VRCLens-Addons/blob/main/README_JP.md","Angle / 機能説明・設定表","","作者の日本語機能説明と英語キーで機能の意味を照合。訳語自体の対象地域の用例は未確認のため未確定一覧に残す。"
"zh-Hans-CN","names","Vignette","暗角","function-reviewed","https://github.com/gummidot/VRCLens-Addons/blob/main/README_JP.md","Vignette / 機能説明・設定表","","作者の日本語機能説明と英語キーで機能の意味を照合。訳語自体の対象地域の用例は未確認のため未確定一覧に残す。"
"zh-Hans-CN","names","Radius","半径","function-reviewed","https://github.com/gummidot/VRCLens-Addons/blob/main/README_JP.md","Radius / 機能説明・設定表","","作者の日本語機能説明と英語キーで機能の意味を照合。訳語自体の対象地域の用例は未確認のため未確定一覧に残す。"
"zh-Hans-CN","names","Zoom Blur","变焦模糊","function-reviewed","https://github.com/gummidot/VRCLens-Addons/blob/main/README_JP.md","Zoom Blur / 機能説明・設定表","","作者の日本語機能説明と英語キーで機能の意味を照合。訳語自体の対象地域の用例は未確認のため未確定一覧に残す。"
"zh-Hans-CN","names","Center X","中心・水平","function-reviewed","https://github.com/gummidot/VRCLens-Addons/blob/main/README_JP.md","Center X / 機能説明・設定表","","作者の日本語機能説明と英語キーで機能の意味を照合。訳語自体の対象地域の用例は未確認のため未確定一覧に残す。"
"zh-Hans-CN","names","Center Y","中心・垂直","function-reviewed","https://github.com/gummidot/VRCLens-Addons/blob/main/README_JP.md","Center Y / 機能説明・設定表","","作者の日本語機能説明と英語キーで機能の意味を照合。訳語自体の対象地域の用例は未確認のため未確定一覧に残す。"
"zh-Hans-CN","names","Focus Zone","对焦区域","function-reviewed","https://github.com/gummidot/VRCLens-Addons/blob/main/README_JP.md","Focus Zone / 機能説明・設定表","","作者の日本語機能説明と英語キーで機能の意味を照合。訳語自体の対象地域の用例は未確認のため未確定一覧に残す。"
"zh-Hans-CN","names","Spread","扩散范围","function-reviewed","https://github.com/gummidot/VRCLens-Addons/blob/main/README_JP.md","Spread / 機能説明・設定表","","作者の日本語機能説明と英語キーで機能の意味を照合。訳語自体の対象地域の用例は未確認のため未確定一覧に残す。"
"zh-Hans-CN","names","Focus Distance","对焦距离","function-reviewed","https://github.com/gummidot/VRCLens-Addons/blob/main/README_JP.md","Focus Distance / 機能説明・設定表","","作者の日本語機能説明と英語キーで機能の意味を照合。訳語自体の対象地域の用例は未確認のため未確定一覧に残す。"
"zh-Hans-CN","names","Manual Focus Assist","手动对焦辅助","function-reviewed","https://github.com/gummidot/VRCLens-Addons/blob/main/README_JP.md","Manual Focus Assist / 機能説明・設定表","","作者の日本語機能説明と英語キーで機能の意味を照合。訳語自体の対象地域の用例は未確認のため未確定一覧に残す。"
"zh-Hans-CN","names","Zone Size","区域大小","function-reviewed","https://github.com/gummidot/VRCLens-Addons/blob/main/README_JP.md","Zone Size / 機能説明・設定表","","作者の日本語機能説明と英語キーで機能の意味を照合。訳語自体の対象地域の用例は未確認のため未確定一覧に残す。"
"zh-Hans-CN","names","Zone Softness","区域柔化","function-reviewed","https://github.com/gummidot/VRCLens-Addons/blob/main/README_JP.md","Zone Softness / 機能説明・設定表","","作者の日本語機能説明と英語キーで機能の意味を照合。訳語自体の対象地域の用例は未確認のため未確定一覧に残す。"
"zh-Hans-CN","names","Edge Feather","边缘羽化","function-reviewed","https://github.com/gummidot/VRCLens-Addons/blob/main/README_JP.md","Edge Feather / 機能説明・設定表","","作者の日本語機能説明と英語キーで機能の意味を照合。訳語自体の対象地域の用例は未確認のため未確定一覧に残す。"
"zh-Hans-CN","names","Max Blur Size","最大模糊大小","function-reviewed","https://github.com/gummidot/VRCLens-Addons/blob/main/README_JP.md","Max Blur Size / 機能説明・設定表","","作者の日本語機能説明と英語キーで機能の意味を照合。訳語自体の対象地域の用例は未確認のため未確定一覧に残す。"
"zh-Hans-CN","names","Player Visibility","玩家可见性","function-reviewed","https://github.com/gummidot/VRCLens-Addons/blob/main/README_JP.md","Player Visibility / 機能説明・設定表","","作者の日本語機能説明と英語キーで機能の意味を照合。訳語自体の対象地域の用例は未確認のため未確定一覧に残す。"
"zh-Hans-CN","names","Hide Remote Players","隐藏其他玩家","function-reviewed","https://github.com/gummidot/VRCLens-Addons/blob/main/README_JP.md","Hide Remote Players / 機能説明・設定表","","作者の日本語機能説明と英語キーで機能の意味を照合。訳語自体の対象地域の用例は未確認のため未確定一覧に残す。"
"zh-Hans-CN","names","Hide Self","隐藏自己","function-reviewed","https://github.com/gummidot/VRCLens-Addons/blob/main/README_JP.md","Hide Self / 機能説明・設定表","","作者の日本語機能説明と英語キーで機能の意味を照合。訳語自体の対象地域の用例は未確認のため未確定一覧に残す。"
"zh-Hans-CN","names","Avatar Offset","Avatar偏移","function-reviewed","https://github.com/gummidot/VRCLens-Addons/blob/main/README_JP.md","Avatar Offset / 機能説明・設定表","","作者の日本語機能説明と英語キーで機能の意味を照合。訳語自体の対象地域の用例は未確認のため未確定一覧に残す。"
"zh-Hans-CN","names","Rotate With Avatar","跟随Avatar旋转","function-reviewed","https://github.com/gummidot/VRCLens-Addons/blob/main/README_JP.md","Rotate With Avatar / 機能説明・設定表","","作者の日本語機能説明と英語キーで機能の意味を照合。訳語自体の対象地域の用例は未確認のため未確定一覧に残す。"
"zh-Hans-CN","names","Drop (Reset to Hand)","返回手中","function-reviewed","https://github.com/gummidot/VRCLens-Addons/blob/main/README_JP.md","Drop (Reset to Hand) / 機能説明・設定表","","作者の日本語機能説明と英語キーで機能の意味を照合。訳語自体の対象地域の用例は未確認のため未確定一覧に残す。"
"zh-Hans-CN","names","Move Drone Vertical","垂直移动无人机","function-reviewed","https://github.com/gummidot/VRCLens-Addons/blob/main/README_JP.md","Move Drone Vertical / 機能説明・設定表","","作者の日本語機能説明と英語キーで機能の意味を照合。訳語自体の対象地域の用例は未確認のため未確定一覧に残す。"
"zh-Hans-CN","names","Camera Pins & Dolly","相机机位与轨道移动","function-reviewed","https://github.com/gummidot/VRCLens-Addons/blob/main/README_JP.md","Camera Pins & Dolly / 機能説明・設定表","","作者の日本語機能説明と英語キーで機能の意味を照合。訳語自体の対象地域の用例は未確認のため未確定一覧に残す。"
"zh-Hans-CN","names","Teleport","传送","function-reviewed","https://github.com/gummidot/VRCLens-Addons/blob/main/README_JP.md","Teleport / 機能説明・設定表","","作者の日本語機能説明と英語キーで機能の意味を照合。訳語自体の対象地域の用例は未確認のため未確定一覧に残す。"
"zh-Hans-CN","names","Dolly","轨道移动","function-reviewed","https://github.com/gummidot/VRCLens-Addons/blob/main/README_JP.md","Dolly / 機能説明・設定表","","作者の日本語機能説明と英語キーで機能の意味を照合。訳語自体の対象地域の用例は未確認のため未確定一覧に残す。"
"zh-Hans-CN","names","Reset to Hand","返回手中","function-reviewed","https://github.com/gummidot/VRCLens-Addons/blob/main/README_JP.md","Reset to Hand / 機能説明・設定表","","作者の日本語機能説明と英語キーで機能の意味を照合。訳語自体の対象地域の用例は未確認のため未確定一覧に残す。"
"zh-Hans-CN","names","Show Pins","显示机位","function-reviewed","https://github.com/gummidot/VRCLens-Addons/blob/main/README_JP.md","Show Pins / 機能説明・設定表","","作者の日本語機能説明と英語キーで機能の意味を照合。訳語自体の対象地域の用例は未確認のため未確定一覧に残す。"
"zh-Hans-CN","names","Show Path","显示路径","function-reviewed","https://github.com/gummidot/VRCLens-Addons/blob/main/README_JP.md","Show Path / 機能説明・設定表","","作者の日本語機能説明と英語キーで機能の意味を照合。訳語自体の対象地域の用例は未確認のため未確定一覧に残す。"
"zh-Hans-CN","names","Show Numbers","显示编号","function-reviewed","https://github.com/gummidot/VRCLens-Addons/blob/main/README_JP.md","Show Numbers / 機能説明・設定表","","作者の日本語機能説明と英語キーで機能の意味を照合。訳語自体の対象地域の用例は未確認のため未確定一覧に残す。"
"zh-Hans-CN","names","Play","播放","function-reviewed","https://github.com/gummidot/VRCLens-Addons/blob/main/README_JP.md","Play / 機能説明・設定表","","作者の日本語機能説明と英語キーで機能の意味を照合。訳語自体の対象地域の用例は未確認のため未確定一覧に残す。"
"zh-Hans-CN","names","Stop","停止","function-reviewed","https://github.com/gummidot/VRCLens-Addons/blob/main/README_JP.md","Stop / 機能説明・設定表","","作者の日本語機能説明と英語キーで機能の意味を照合。訳語自体の対象地域の用例は未確認のため未確定一覧に残す。"
"zh-Hans-CN","names","Playback","播放位置","function-reviewed","https://github.com/gummidot/VRCLens-Addons/blob/main/README_JP.md","Playback / 機能説明・設定表","","作者の日本語機能説明と英語キーで機能の意味を照合。訳語自体の対象地域の用例は未確認のため未確定一覧に残す。"
"zh-Hans-CN","names","Move","移动","function-reviewed","https://github.com/gummidot/VRCLens-Addons/blob/main/README_JP.md","Move / 機能説明・設定表","","作者の日本語機能説明と英語キーで機能の意味を照合。訳語自体の対象地域の用例は未確認のため未確定一覧に残す。"
"zh-Hans-CN","names","Go To Pin","前往机位","function-reviewed","https://github.com/gummidot/VRCLens-Addons/blob/main/README_JP.md","Go To Pin / 機能説明・設定表","","作者の日本語機能説明と英語キーで機能の意味を照合。訳語自体の対象地域の用例は未確認のため未確定一覧に残す。"
"zh-Hans-CN","names","Duration","持续时间","function-reviewed","https://github.com/gummidot/VRCLens-Addons/blob/main/README_JP.md","Duration / 機能説明・設定表","","作者の日本語機能説明と英語キーで機能の意味を照合。訳語自体の対象地域の用例は未確認のため未確定一覧に残す。"
"zh-Hans-CN","names","Loop","循环","function-reviewed","https://github.com/gummidot/VRCLens-Addons/blob/main/README_JP.md","Loop / 機能説明・設定表","","作者の日本語機能説明と英語キーで機能の意味を照合。訳語自体の対象地域の用例は未確認のため未確定一覧に残す。"
"zh-Hans-CN","names","Delay","延迟","function-reviewed","https://github.com/gummidot/VRCLens-Addons/blob/main/README_JP.md","Delay / 機能説明・設定表","","作者の日本語機能説明と英語キーで機能の意味を照合。訳語自体の対象地域の用例は未確認のため未確定一覧に残す。"
"zh-Hans-CN","names","Path","路径","function-reviewed","https://github.com/gummidot/VRCLens-Addons/blob/main/README_JP.md","Path / 機能説明・設定表","","作者の日本語機能説明と英語キーで機能の意味を照合。訳語自体の対象地域の用例は未確認のため未確定一覧に残す。"
"zh-Hans-CN","names","Hand Rotate (Pins)","手动旋转（机位）","function-reviewed","https://github.com/gummidot/VRCLens-Addons/blob/main/README_JP.md","Hand Rotate (Pins) / 機能説明・設定表","","作者の日本語機能説明と英語キーで機能の意味を照合。訳語自体の対象地域の用例は未確認のため未確定一覧に残す。"
"zh-Hans-CN","names","Hand Offset","手部偏移","function-reviewed","https://github.com/gummidot/VRCLens-Addons/blob/main/README_JP.md","Hand Offset / 機能説明・設定表","","作者の日本語機能説明と英語キーで機能の意味を照合。訳語自体の対象地域の用例は未確認のため未確定一覧に残す。"
"zh-Hans-CN","names","Drop Next","放置下一机位","function-reviewed","https://github.com/gummidot/VRCLens-Addons/blob/main/README_JP.md","Drop Next / 機能説明・設定表","","作者の日本語機能説明と英語キーで機能の意味を照合。訳語自体の対象地域の用例は未確認のため未確定一覧に残す。"
"zh-Hans-CN","names","Clear All (Hold)","清除全部（长按）","function-reviewed","https://github.com/gummidot/VRCLens-Addons/blob/main/README_JP.md","Camera Pins & Dolly / 機能説明・設定表","","作者の日本語機能説明と英語キーで機能の意味を照合。訳語自体の対象地域の用例は未確認のため未確定一覧に残す。"
"zh-Hans-CN","names","Full","全方向","function-reviewed","https://github.com/gummidot/VRCLens-Addons/blob/main/README_JP.md","Full / 機能説明・設定表","","作者の日本語機能説明と英語キーで機能の意味を照合。訳語自体の対象地域の用例は未確認のため未確定一覧に残す。"
"zh-Hans-CN","names","Vertical","仅垂直","function-reviewed","https://github.com/gummidot/VRCLens-Addons/blob/main/README_JP.md","Vertical / 機能説明・設定表","","作者の日本語機能説明と英語キーで機能の意味を照合。訳語自体の対象地域の用例は未確認のため未確定一覧に残す。"
"zh-Hans-CN","names","Teleport Next","传送到下一机位","function-reviewed","https://github.com/gummidot/VRCLens-Addons/blob/main/README_JP.md","Teleport Next / 機能説明・設定表","","作者の日本語機能説明と英語キーで機能の意味を照合。訳語自体の対象地域の用例は未確認のため未確定一覧に残す。"
"zh-Hans-CN","names","Reverse","往返","function-reviewed","https://github.com/gummidot/VRCLens-Addons/blob/main/README_JP.md","Reverse / 機能説明・設定表","","作者の日本語機能説明と英語キーで機能の意味を照合。訳語自体の対象地域の用例は未確認のため未確定一覧に残す。"
"zh-Hans-CN","names","Linear","线性","function-reviewed","https://github.com/gummidot/VRCLens-Addons/blob/main/README_JP.md","Linear / 機能説明・設定表","","作者の日本語機能説明と英語キーで機能の意味を照合。訳語自体の対象地域の用例は未確認のため未確定一覧に残す。"
"zh-Hans-CN","names","Smooth","平滑","function-reviewed","https://github.com/gummidot/VRCLens-Addons/blob/main/README_JP.md","Smooth / 機能説明・設定表","","作者の日本語機能説明と英語キーで機能の意味を照合。訳語自体の対象地域の用例は未確認のため未確定一覧に残す。"
"zh-Hans-CN","names","Fitted","拟合曲线","function-reviewed","https://github.com/gummidot/VRCLens-Addons/blob/main/README_JP.md","Fitted / 機能説明・設定表","","作者の日本語機能説明と英語キーで機能の意味を照合。訳語自体の対象地域の用例は未確認のため未確定一覧に残す。"
"zh-Hans-CN","names","Preset Saver","预设保存","function-reviewed","https://github.com/gummidot/VRCLens-Addons/blob/main/README_JP.md","Preset Saver / 機能説明・設定表","","作者の日本語機能説明と英語キーで機能の意味を照合。訳語自体の対象地域の用例は未確認のため未確定一覧に残す。"
"zh-Hans-CN","names","Save","保存","function-reviewed","https://github.com/gummidot/VRCLens-Addons/blob/main/README_JP.md","Save / 機能説明・設定表","","作者の日本語機能説明と英語キーで機能の意味を照合。訳語自体の対象地域の用例は未確認のため未確定一覧に残す。"
"zh-Hans-CN","names","Load","加载","function-reviewed","https://github.com/gummidot/VRCLens-Addons/blob/main/README_JP.md","Load / 機能説明・設定表","","作者の日本語機能説明と英語キーで機能の意味を照合。訳語自体の対象地域の用例は未確認のため未確定一覧に残す。"
"zh-Hans-CN","names","Load Defaults","恢复默认设置","function-reviewed","https://github.com/gummidot/VRCLens-Addons/blob/main/README_JP.md","Load Defaults / 機能説明・設定表","","作者の日本語機能説明と英語キーで機能の意味を照合。訳語自体の対象地域の用例は未確認のため未確定一覧に残す。"
"zh-Hans-CN","names","Favorites","收藏","function-reviewed","https://github.com/gummidot/VRCLens-Addons/blob/main/README_JP.md","Favorites / 機能説明・設定表","","作者の日本語機能説明と英語キーで機能の意味を照合。訳語自体の対象地域の用例は未確認のため未確定一覧に残す。"
"zh-Hans-CN","directions","TOP","上","review-required","","","","英語キーと既存訳の意味・表記を点検。対象言語の適切な外部出典は未確認。既存訳を維持し、公式訳とは扱わない。"
"zh-Hans-CN","directions","UP","上","review-required","","","","英語キーと既存訳の意味・表記を点検。対象言語の適切な外部出典は未確認。既存訳を維持し、公式訳とは扱わない。"
"zh-Hans-CN","directions","RIGHT","右","review-required","","","","英語キーと既存訳の意味・表記を点検。対象言語の適切な外部出典は未確認。既存訳を維持し、公式訳とは扱わない。"
"zh-Hans-CN","directions","BOTTOM","下","review-required","","","","英語キーと既存訳の意味・表記を点検。対象言語の適切な外部出典は未確認。既存訳を維持し、公式訳とは扱わない。"
"zh-Hans-CN","directions","DOWN","下","review-required","","","","英語キーと既存訳の意味・表記を点検。対象言語の適切な外部出典は未確認。既存訳を維持し、公式訳とは扱わない。"
"zh-Hans-CN","directions","LEFT","左","review-required","","","","英語キーと既存訳の意味・表記を点検。対象言語の適切な外部出典は未確認。既存訳を維持し、公式訳とは扱わない。"
"zh-Hans-CN","directions","FORWARD","前","review-required","","","","英語キーと既存訳の意味・表記を点検。対象言語の適切な外部出典は未確認。既存訳を維持し、公式訳とは扱わない。"
"zh-Hans-CN","directions","BACK","后","review-required","","","","英語キーと既存訳の意味・表記を点検。対象言語の適切な外部出典は未確認。既存訳を維持し、公式訳とは扱わない。"
"zh-Hans-CN","dynamic","Next","下一页","review-required","","","","英語キーと既存訳の意味・表記を点検。対象言語の適切な外部出典は未確認。既存訳を維持し、公式訳とは扱わない。"
"zh-Hans-CN","dynamic","CameraPin","机位{0}","function-reviewed","https://github.com/gummidot/VRCLens-Addons/blob/main/README_JP.md","Camera Pins & Dolly / 機能説明・設定表","","作者の日本語機能説明と英語キーで機能の意味を照合。訳語自体の対象地域の用例は未確認のため未確定一覧に残す。"
"zh-Hans-CN","dynamic","Seconds","{0}秒","function-reviewed","https://github.com/gummidot/VRCLens-Addons/blob/main/README_JP.md","Duration / 機能説明・設定表","","作者の日本語機能説明と英語キーで機能の意味を照合。訳語自体の対象地域の用例は未確認のため未確定一覧に残す。"
"zh-Hans-CN","dynamic","Minutes","{0}分钟","function-reviewed","https://github.com/gummidot/VRCLens-Addons/blob/main/README_JP.md","Duration / 機能説明・設定表","","作者の日本語機能説明と英語キーで機能の意味を照合。訳語自体の対象地域の用例は未確認のため未確定一覧に残す。"
"zh-Hans-CN","dynamic","WorldDrop","固定在世界","review-required","","","","英語キーと既存訳の意味・表記を点検。対象言語の適切な外部出典は未確認。既存訳を維持し、公式訳とは扱わない。"
"zh-Hans-CN","dynamic","CameraPinDrop","放置机位","function-reviewed","https://github.com/gummidot/VRCLens-Addons/blob/main/README_JP.md","Camera Pins & Dolly / 機能説明・設定表","","作者の日本語機能説明と英語キーで機能の意味を照合。訳語自体の対象地域の用例は未確認のため未確定一覧に残す。"
"zh-Hans-CN","dynamic","VignetteSoftness","边缘柔化","function-reviewed","https://github.com/gummidot/VRCLens-Addons/blob/main/README_JP.md","Vignette / 機能説明・設定表","","作者の日本語機能説明と英語キーで機能の意味を照合。訳語自体の対象地域の用例は未確認のため未確定一覧に残す。"
"zh-Hans-CN","dynamic","FisheyeCenterX","水平位置","function-reviewed","https://github.com/gummidot/VRCLens-Addons/blob/main/README_JP.md","Fisheye Lens / 機能説明・設定表","","作者の日本語機能説明と英語キーで機能の意味を照合。訳語自体の対象地域の用例は未確認のため未確定一覧に残す。"
"zh-Hans-CN","dynamic","FisheyeCenterY","垂直位置","function-reviewed","https://github.com/gummidot/VRCLens-Addons/blob/main/README_JP.md","Fisheye Lens / 機能説明・設定表","","作者の日本語機能説明と英語キーで機能の意味を照合。訳語自体の対象地域の用例は未確認のため未確定一覧に残す。"
"zh-Hans-CN","dynamic","ZoomInSpeed4","远摄端 速度4","review-required","","","","英語キーと既存訳の意味・表記を点検。対象言語の適切な外部出典は未確認。既存訳を維持し、公式訳とは扱わない。"
"zh-Hans-CN","dynamic","ZoomOutSpeed4","广角端 速度4","review-required","","","","英語キーと既存訳の意味・表記を点検。対象言語の適切な外部出典は未確認。既存訳を維持し、公式訳とは扱わない。"
"zh-Hans-CN","featureBlanks","100","广角端 速度1","review-required","","","","英語キーと既存訳の意味・表記を点検。対象言語の適切な外部出典は未確認。既存訳を維持し、公式訳とは扱わない。"
"zh-Hans-CN","featureBlanks","101","广角端 速度2","review-required","","","","英語キーと既存訳の意味・表記を点検。対象言語の適切な外部出典は未確認。既存訳を維持し、公式訳とは扱わない。"
"zh-Hans-CN","featureBlanks","102","广角端 速度3","review-required","","","","英語キーと既存訳の意味・表記を点検。対象言語の適切な外部出典は未確認。既存訳を維持し、公式訳とは扱わない。"
"zh-Hans-CN","featureBlanks","104","远摄端 速度1","review-required","","","","英語キーと既存訳の意味・表記を点検。対象言語の適切な外部出典は未確認。既存訳を維持し、公式訳とは扱わない。"
"zh-Hans-CN","featureBlanks","105","远摄端 速度2","review-required","","","","英語キーと既存訳の意味・表記を点検。対象言語の適切な外部出典は未確認。既存訳を維持し、公式訳とは扱わない。"
"zh-Hans-CN","featureBlanks","106","远摄端 速度3","review-required","","","","英語キーと既存訳の意味・表記を点検。対象言語の適切な外部出典は未確認。既存訳を維持し、公式訳とは扱わない。"
"zh-Hans-CN","featureBlanks","108","曝光补偿 -1/3级","review-required","","","","英語キーと既存訳の意味・表記を点検。対象言語の適切な外部出典は未確認。既存訳を維持し、公式訳とは扱わない。"
"zh-Hans-CN","featureBlanks","110","曝光补偿 +1/3级","review-required","","","","英語キーと既存訳の意味・表記を点検。対象言語の適切な外部出典は未確認。既存訳を維持し、公式訳とは扱わない。"
"zh-Hans-CN","featureBlanks","113","WB校正：蓝色方向","review-required","","","","英語キーと既存訳の意味・表記を点検。対象言語の適切な外部出典は未確認。既存訳を維持し、公式訳とは扱わない。"
"zh-Hans-CN","featureBlanks","114","WB校正：重置","review-required","","","","英語キーと既存訳の意味・表記を点検。対象言語の適切な外部出典は未確認。既存訳を維持し、公式訳とは扱わない。"
"zh-Hans-CN","featureBlanks","115","WB校正：琥珀色方向","review-required","","","","英語キーと既存訳の意味・表記を点検。対象言語の適切な外部出典は未確認。既存訳を維持し、公式訳とは扱わない。"
"zh-Hans-CN","featureBlanks","117","近端 中","review-required","","","","英語キーと既存訳の意味・表記を点検。対象言語の適切な外部出典は未確認。既存訳を維持し、公式訳とは扱わない。"
"zh-Hans-CN","featureBlanks","118","近端 小","review-required","","","","英語キーと既存訳の意味・表記を点検。対象言語の適切な外部出典は未確認。既存訳を維持し、公式訳とは扱わない。"
"zh-Hans-CN","featureBlanks","120","远端 小","review-required","","","","英語キーと既存訳の意味・表記を点検。対象言語の適切な外部出典は未確認。既存訳を維持し、公式訳とは扱わない。"
"zh-Hans-CN","featureBlanks","121","远端 中","review-required","","","","英語キーと既存訳の意味・表記を点検。対象言語の適切な外部出典は未確認。既存訳を維持し、公式訳とは扱わない。"
"zh-Hans-CN","featureBlanks","129","稍微向上看","review-required","","","","英語キーと既存訳の意味・表記を点検。対象言語の適切な外部出典は未確認。既存訳を維持し、公式訳とは扱わない。"
"zh-Hans-CN","featureBlanks","130","稍微向下看","review-required","","","","英語キーと既存訳の意味・表記を点検。対象言語の適切な外部出典は未確認。既存訳を維持し、公式訳とは扱わない。"
"zh-Hans-CN","sensorBlanks","0","35mm全画幅","review-required","","","","英語キーと既存訳の意味・表記を点検。対象言語の適切な外部出典は未確認。既存訳を維持し、公式訳とは扱わない。"
"zh-Hans-CN","sensorBlanks","1","APS-H","review-required","","","","英語キーと既存訳の意味・表記を点検。対象言語の適切な外部出典は未確認。既存訳を維持し、公式訳とは扱わない。"
"zh-Hans-CN","sensorBlanks","2","APS-C（1.5倍）","review-required","","","","英語キーと既存訳の意味・表記を点検。対象言語の適切な外部出典は未確認。既存訳を維持し、公式訳とは扱わない。"
"zh-Hans-CN","sensorBlanks","3","APS-C（1.6倍）","review-required","","","","英語キーと既存訳の意味・表記を点検。対象言語の適切な外部出典は未確認。既存訳を維持し、公式訳とは扱わない。"
"zh-Hans-CN","sensorBlanks","4","微型4/3","review-required","","","","英語キーと既存訳の意味・表記を点検。対象言語の適切な外部出典は未確認。既存訳を維持し、公式訳とは扱わない。"
"zh-Hans-CN","sensorBlanks","5","1.0英寸","review-required","","","","英語キーと既存訳の意味・表記を点検。対象言語の適切な外部出典は未確認。既存訳を維持し、公式訳とは扱わない。"
"zh-Hans-CN","tonemapBlanks","0","关闭","review-required","","","","英語キーと既存訳の意味・表記を点検。対象言語の適切な外部出典は未確認。既存訳を維持し、公式訳とは扱わない。"
"zh-Hans-CN","tonemapBlanks","1","电影感1","review-required","","","","英語キーと既存訳の意味・表記を点検。対象言語の適切な外部出典は未確認。既存訳を維持し、公式訳とは扱わない。"
"zh-Hans-CN","tonemapBlanks","2","电影感2","review-required","","","","英語キーと既存訳の意味・表記を点検。対象言語の適切な外部出典は未確認。既存訳を維持し、公式訳とは扱わない。"
"zh-Hans-CN","tonemapBlanks","3","HLG","review-required","","","","英語キーと既存訳の意味・表記を点検。対象言語の適切な外部出典は未確認。既存訳を維持し、公式訳とは扱わない。"
"zh-Hans-CN","tonemapBlanks","4","中性","review-required","","","","英語キーと既存訳の意味・表記を点検。対象言語の適切な外部出典は未確認。既存訳を維持し、公式訳とは扱わない。"
"zh-Hant-TW","names","Enable","啟用","review-required","","","","英語キーと既存訳の意味・表記を点検。対象言語の適切な外部出典は未確認。既存訳を維持し、公式訳とは扱わない。"
"zh-Hant-TW","names","Advanced","進階設定","review-required","","","","英語キーと既存訳の意味・表記を点検。対象言語の適切な外部出典は未確認。既存訳を維持し、公式訳とは扱わない。"
"zh-Hant-TW","names","Zoom","變焦","review-required","","","","英語キーと既存訳の意味・表記を点検。対象言語の適切な外部出典は未確認。既存訳を維持し、公式訳とは扱わない。"
"zh-Hant-TW","names","Drone","無人機","review-required","","","","英語キーと既存訳の意味・表記を点検。対象言語の適切な外部出典は未確認。既存訳を維持し、公式訳とは扱わない。"
"zh-Hant-TW","names","Settings","設定","review-required","","","","英語キーと既存訳の意味・表記を点検。対象言語の適切な外部出典は未確認。既存訳を維持し、公式訳とは扱わない。"
"zh-Hant-TW","names","Reset","重設","review-required","","","","英語キーと既存訳の意味・表記を点検。対象言語の適切な外部出典は未確認。既存訳を維持し、公式訳とは扱わない。"
"zh-Hant-TW","names","Filters","濾鏡","review-required","","","","英語キーと既存訳の意味・表記を点検。対象言語の適切な外部出典は未確認。既存訳を維持し、公式訳とは扱わない。"
"zh-Hant-TW","names","Portrait","直向","review-required","","","","英語キーと既存訳の意味・表記を点検。対象言語の適切な外部出典は未確認。既存訳を維持し、公式訳とは扱わない。"
"zh-Hant-TW","names","Depth Cool","深度・冷色","review-required","","","","英語キーと既存訳の意味・表記を点検。対象言語の適切な外部出典は未確認。既存訳を維持し、公式訳とは扱わない。"
"zh-Hant-TW","names","Depth Cute","深度・可愛","review-required","","","","英語キーと既存訳の意味・表記を点検。対象言語の適切な外部出典は未確認。既存訳を維持し、公式訳とは扱わない。"
"zh-Hant-TW","names","Spotlight","聚光燈","review-required","","","","英語キーと既存訳の意味・表記を点検。対象言語の適切な外部出典は未確認。既存訳を維持し、公式訳とは扱わない。"
"zh-Hant-TW","names","Green Back","綠幕","review-required","","","","英語キーと既存訳の意味・表記を点検。対象言語の適切な外部出典は未確認。既存訳を維持し、公式訳とは扱わない。"
"zh-Hant-TW","names","Blue Back","藍幕","review-required","","","","英語キーと既存訳の意味・表記を点検。対象言語の適切な外部出典は未確認。既存訳を維持し、公式訳とは扱わない。"
"zh-Hant-TW","names","RIGHT","右","review-required","","","","英語キーと既存訳の意味・表記を点検。対象言語の適切な外部出典は未確認。既存訳を維持し、公式訳とは扱わない。"
"zh-Hant-TW","names","UP","上","review-required","","","","英語キーと既存訳の意味・表記を点検。対象言語の適切な外部出典は未確認。既存訳を維持し、公式訳とは扱わない。"
"zh-Hant-TW","names","DOWN","下","review-required","","","","英語キーと既存訳の意味・表記を点検。対象言語の適切な外部出典は未確認。既存訳を維持し、公式訳とは扱わない。"
"zh-Hant-TW","names","LEFT","左","review-required","","","","英語キーと既存訳の意味・表記を点検。対象言語の適切な外部出典は未確認。既存訳を維持し、公式訳とは扱わない。"
"zh-Hant-TW","names","Show/Hide","顯示/隱藏","review-required","","","","英語キーと既存訳の意味・表記を点検。対象言語の適切な外部出典は未確認。既存訳を維持し、公式訳とは扱わない。"
"zh-Hant-TW","names","Color","顏色","review-required","","","","英語キーと既存訳の意味・表記を点検。対象言語の適切な外部出典は未確認。既存訳を維持し、公式訳とは扱わない。"
"zh-Hant-TW","names","Hexagon","六邊形","review-required","","","","英語キーと既存訳の意味・表記を点検。対象言語の適切な外部出典は未確認。既存訳を維持し、公式訳とは扱わない。"
"zh-Hant-TW","names","Octagon","八邊形","review-required","","","","英語キーと既存訳の意味・表記を点検。対象言語の適切な外部出典は未確認。既存訳を維持し、公式訳とは扱わない。"
"zh-Hant-TW","names","Square","方形","review-required","","","","英語キーと既存訳の意味・表記を点検。対象言語の適切な外部出典は未確認。既存訳を維持し、公式訳とは扱わない。"
"zh-Hant-TW","names","Look At Face","朝向臉部","review-required","","","","英語キーと既存訳の意味・表記を点検。対象言語の適切な外部出典は未確認。既存訳を維持し、公式訳とは扱わない。"
"zh-Hant-TW","names","Look Up","向上看","review-required","","","","英語キーと既存訳の意味・表記を点検。対象言語の適切な外部出典は未確認。既存訳を維持し、公式訳とは扱わない。"
"zh-Hant-TW","names","Look Down","向下看","review-required","","","","英語キーと既存訳の意味・表記を点検。対象言語の適切な外部出典は未確認。既存訳を維持し、公式訳とは扱わない。"
"zh-Hant-TW","names","Look At Feet","朝向腳部","review-required","","","","英語キーと既存訳の意味・表記を点検。対象言語の適切な外部出典は未確認。既存訳を維持し、公式訳とは扱わない。"
"zh-Hant-TW","names","Track Self","追蹤自己","review-required","","","","英語キーと既存訳の意味・表記を点検。対象言語の適切な外部出典は未確認。既存訳を維持し、公式訳とは扱わない。"
"zh-Hant-TW","names","Track Self...","追蹤自己...","review-required","","","","英語キーと既存訳の意味・表記を点検。対象言語の適切な外部出典は未確認。既存訳を維持し、公式訳とは扱わない。"
"zh-Hant-TW","names","Infinity","無限遠","review-required","","","","英語キーと既存訳の意味・表記を点検。対象言語の適切な外部出典は未確認。既存訳を維持し、公式訳とは扱わない。"
"zh-Hant-TW","names","Macro","微距","review-required","","","","英語キーと既存訳の意味・表記を点検。対象言語の適切な外部出典は未確認。既存訳を維持し、公式訳とは扱わない。"
"zh-Hant-TW","names","Quick Selfie","快速自拍","review-required","","","","英語キーと既存訳の意味・表記を点検。対象言語の適切な外部出典は未確認。既存訳を維持し、公式訳とは扱わない。"
"zh-Hant-TW","names","Extra...","更多...","review-required","","","","英語キーと既存訳の意味・表記を点検。対象言語の適切な外部出典は未確認。既存訳を維持し、公式訳とは扱わない。"
"zh-Hant-TW","names","Movie Mode","短片模式","review-required","","","","英語キーと既存訳の意味・表記を点検。対象言語の適切な外部出典は未確認。既存訳を維持し、公式訳とは扱わない。"
"zh-Hant-TW","names","Avatar-Drop","固定至Avatar","review-required","","","","英語キーと既存訳の意味・表記を点検。対象言語の適切な外部出典は未確認。既存訳を維持し、公式訳とは扱わない。"
"zh-Hant-TW","names","3D Mode","3D模式","review-required","","","","英語キーと既存訳の意味・表記を点検。対象言語の適切な外部出典は未確認。既存訳を維持し、公式訳とは扱わない。"
"zh-Hant-TW","names","Mount Swap","切換安裝位置","review-required","","","","英語キーと既存訳の意味・表記を点検。対象言語の適切な外部出典は未確認。既存訳を維持し、公式訳とは扱わない。"
"zh-Hant-TW","names","Hide Lens","隱藏鏡頭","review-required","","","","英語キーと既存訳の意味・表記を点検。対象言語の適切な外部出典は未確認。既存訳を維持し、公式訳とは扱わない。"
"zh-Hant-TW","names","Sensor Type","感應器尺寸","review-required","","","","英語キーと既存訳の意味・表記を点検。対象言語の適切な外部出典は未確認。既存訳を維持し、公式訳とは扱わない。"
"zh-Hant-TW","names","Bokeh Shape","散景形狀","review-required","","","","英語キーと既存訳の意味・表記を点検。対象言語の適切な外部出典は未確認。既存訳を維持し、公式訳とは扱わない。"
"zh-Hant-TW","names","Move HUD","移動顯示","review-required","","","","英語キーと既存訳の意味・表記を点検。対象言語の適切な外部出典は未確認。既存訳を維持し、公式訳とは扱わない。"
"zh-Hant-TW","names","Hand-Rotate","手動旋轉","review-required","","","","英語キーと既存訳の意味・表記を点検。対象言語の適切な外部出典は未確認。既存訳を維持し、公式訳とは扱わない。"
"zh-Hant-TW","names","Change Angle","變更角度","review-required","","","","英語キーと既存訳の意味・表記を点検。対象言語の適切な外部出典は未確認。既存訳を維持し、公式訳とは扱わない。"
"zh-Hant-TW","names","Move Camera","移動相機","review-required","","","","英語キーと既存訳の意味・表記を点検。対象言語の適切な外部出典は未確認。既存訳を維持し、公式訳とは扱わない。"
"zh-Hant-TW","names","Drone Speed","無人機速度","review-required","","","","英語キーと既存訳の意味・表記を点検。対象言語の適切な外部出典は未確認。既存訳を維持し、公式訳とは扱わない。"
"zh-Hant-TW","names","Move Pivot","移動樞紐點","review-required","","","","英語キーと既存訳の意味・表記を点検。対象言語の適切な外部出典は未確認。既存訳を維持し、公式訳とは扱わない。"
"zh-Hant-TW","names","Track Pivot","追蹤樞紐點","review-required","","","","英語キーと既存訳の意味・表記を点検。対象言語の適切な外部出典は未確認。既存訳を維持し、公式訳とは扱わない。"
"zh-Hant-TW","names","Smoothing","平滑度","review-required","","","","英語キーと既存訳の意味・表記を点検。対象言語の適切な外部出典は未確認。既存訳を維持し、公式訳とは扱わない。"
"zh-Hant-TW","names","Drop Pivot","放置樞紐點","review-required","","","","英語キーと既存訳の意味・表記を点検。対象言語の適切な外部出典は未確認。既存訳を維持し、公式訳とは扱わない。"
"zh-Hant-TW","names","Vertical Lock","垂直鎖定","review-required","","","","英語キーと既存訳の意味・表記を点検。対象言語の適切な外部出典は未確認。既存訳を維持し、公式訳とは扱わない。"
"zh-Hant-TW","names","Avatar AF","Avatar AF","review-required","","","","英語キーと既存訳の意味・表記を点検。対象言語の適切な外部出典は未確認。既存訳を維持し、公式訳とは扱わない。"
"zh-Hant-TW","names","Pro Autofocus","進階AF","review-required","","","","英語キーと既存訳の意味・表記を点検。対象言語の適切な外部出典は未確認。既存訳を維持し、公式訳とは扱わない。"
"zh-Hant-TW","names","AF-ON","AF-ON","review-required","","","","英語キーと既存訳の意味・表記を点検。対象言語の適切な外部出典は未確認。既存訳を維持し、公式訳とは扱わない。"
"zh-Hant-TW","names","AF Lock","AF鎖","review-required","","","","英語キーと既存訳の意味・表記を点検。対象言語の適切な外部出典は未確認。既存訳を維持し、公式訳とは扱わない。"
"zh-Hant-TW","names","Avatar Priority","Avatar優先","review-required","","","","英語キーと既存訳の意味・表記を点検。対象言語の適切な外部出典は未確認。既存訳を維持し、公式訳とは扱わない。"
"zh-Hant-TW","names","Custom","自訂功能","review-required","","","","英語キーと既存訳の意味・表記を点検。対象言語の適切な外部出典は未確認。既存訳を維持し、公式訳とは扱わない。"
"zh-Hant-TW","names","Far Clip Plane","遠裁剪平面","function-reviewed","https://github.com/gummidot/VRCLens-Addons/blob/main/README_JP.md","Far Clip Plane / 機能説明・設定表","","作者の日本語機能説明と英語キーで機能の意味を照合。訳語自体の対象地域の用例は未確認のため未確定一覧に残す。"
"zh-Hant-TW","names","Smooth DoF Edges","平滑景深邊緣","function-reviewed","https://github.com/gummidot/VRCLens-Addons/blob/main/README_JP.md","Smooth DoF Edges / 機能説明・設定表","","作者の日本語機能説明と英語キーで機能の意味を照合。訳語自体の対象地域の用例は未確認のため未確定一覧に残す。"
"zh-Hant-TW","names","Softness","柔化度","function-reviewed","https://github.com/gummidot/VRCLens-Addons/blob/main/README_JP.md","Softness / 機能説明・設定表","","作者の日本語機能説明と英語キーで機能の意味を照合。訳語自体の対象地域の用例は未確認のため未確定一覧に残す。"
"zh-Hant-TW","names","Smooth Rotate","平滑旋轉","function-reviewed","https://github.com/gummidot/VRCLens-Addons/blob/main/README_JP.md","Smooth Rotate / 機能説明・設定表","","作者の日本語機能説明と英語キーで機能の意味を照合。訳語自体の対象地域の用例は未確認のため未確定一覧に残す。"
"zh-Hant-TW","names","Anamorphic Bokeh","變形寬銀幕散景","function-reviewed","https://github.com/gummidot/VRCLens-Addons/blob/main/README_JP.md","Anamorphic Bokeh / 機能説明・設定表","","作者の日本語機能説明と英語キーで機能の意味を照合。訳語自体の対象地域の用例は未確認のため未確定一覧に残す。"
"zh-Hant-TW","names","Enabled","啟用","function-reviewed","https://github.com/gummidot/VRCLens-Addons/blob/main/README_JP.md","Enabled / 機能説明・設定表","","作者の日本語機能説明と英語キーで機能の意味を照合。訳語自体の対象地域の用例は未確認のため未確定一覧に残す。"
"zh-Hant-TW","names","Transverse CA","倍率色差","function-reviewed","https://github.com/gummidot/VRCLens-Addons/blob/main/README_JP.md","Transverse CA / 機能説明・設定表","","作者の日本語機能説明と英語キーで機能の意味を照合。訳語自体の対象地域の用例は未確認のため未確定一覧に残す。"
"zh-Hant-TW","names","Axial CA","軸向色差","function-reviewed","https://github.com/gummidot/VRCLens-Addons/blob/main/README_JP.md","Axial CA / 機能説明・設定表","","作者の日本語機能説明と英語キーで機能の意味を照合。訳語自体の対象地域の用例は未確認のため未確定一覧に残す。"
"zh-Hant-TW","names","Axial Focus-Aware","軸向對焦連動","function-reviewed","https://github.com/gummidot/VRCLens-Addons/blob/main/README_JP.md","Axial Focus-Aware / 機能説明・設定表","","作者の日本語機能説明と英語キーで機能の意味を照合。訳語自体の対象地域の用例は未確認のため未確定一覧に残す。"
"zh-Hant-TW","names","Magenta-Green","洋紅/綠色","function-reviewed","https://github.com/gummidot/VRCLens-Addons/blob/main/README_JP.md","Magenta-Green / 機能説明・設定表","","作者の日本語機能説明と英語キーで機能の意味を照合。訳語自体の対象地域の用例は未確認のため未確定一覧に残す。"
"zh-Hant-TW","names","Color Grading","調色","function-reviewed","https://github.com/gummidot/VRCLens-Addons/blob/main/README_JP.md","Color Grading / 機能説明・設定表","","作者の日本語機能説明と英語キーで機能の意味を照合。訳語自体の対象地域の用例は未確認のため未確定一覧に残す。"
"zh-Hant-TW","names","Red","紅","review-required","","","","英語キーと既存訳の意味・表記を点検。対象言語の適切な外部出典は未確認。既存訳を維持し、公式訳とは扱わない。"
"zh-Hant-TW","names","Green","綠","function-reviewed","https://github.com/gummidot/VRCLens-Addons/blob/main/README_JP.md","Green / 機能説明・設定表","","作者の日本語機能説明と英語キーで機能の意味を照合。訳語自体の対象地域の用例は未確認のため未確定一覧に残す。"
"zh-Hant-TW","names","Blue","藍","function-reviewed","https://github.com/gummidot/VRCLens-Addons/blob/main/README_JP.md","Blue / 機能説明・設定表","","作者の日本語機能説明と英語キーで機能の意味を照合。訳語自体の対象地域の用例は未確認のため未確定一覧に残す。"
"zh-Hant-TW","names","Depth Fog","深度霧效","function-reviewed","https://github.com/gummidot/VRCLens-Addons/blob/main/README_JP.md","Depth Fog / 機能説明・設定表","","作者の日本語機能説明と英語キーで機能の意味を照合。訳語自体の対象地域の用例は未確認のため未確定一覧に残す。"
"zh-Hant-TW","names","Density","密度","function-reviewed","https://github.com/gummidot/VRCLens-Addons/blob/main/README_JP.md","Density / 機能説明・設定表","","作者の日本語機能説明と英語キーで機能の意味を照合。訳語自体の対象地域の用例は未確認のため未確定一覧に残す。"
"zh-Hant-TW","names","Start Distance","起始距離","function-reviewed","https://github.com/gummidot/VRCLens-Addons/blob/main/README_JP.md","Start Distance / 機能説明・設定表","","作者の日本語機能説明と英語キーで機能の意味を照合。訳語自体の対象地域の用例は未確認のため未確定一覧に残す。"
"zh-Hant-TW","names","Color R","紅","function-reviewed","https://github.com/gummidot/VRCLens-Addons/blob/main/README_JP.md","Color R / 機能説明・設定表","","作者の日本語機能説明と英語キーで機能の意味を照合。訳語自体の対象地域の用例は未確認のため未確定一覧に残す。"
"zh-Hant-TW","names","Color G","綠","function-reviewed","https://github.com/gummidot/VRCLens-Addons/blob/main/README_JP.md","Color G / 機能説明・設定表","","作者の日本語機能説明と英語キーで機能の意味を照合。訳語自体の対象地域の用例は未確認のため未確定一覧に残す。"
"zh-Hant-TW","names","Color B","藍","review-required","","","","英語キーと既存訳の意味・表記を点検。対象言語の適切な外部出典は未確認。既存訳を維持し、公式訳とは扱わない。"
"zh-Hant-TW","names","Film Grain","底片顆粒","function-reviewed","https://github.com/gummidot/VRCLens-Addons/blob/main/README_JP.md","Film Grain / 機能説明・設定表","","作者の日本語機能説明と英語キーで機能の意味を照合。訳語自体の対象地域の用例は未確認のため未確定一覧に残す。"
"zh-Hant-TW","names","Intensity","強度","function-reviewed","https://github.com/gummidot/VRCLens-Addons/blob/main/README_JP.md","Intensity / 機能説明・設定表","","作者の日本語機能説明と英語キーで機能の意味を照合。訳語自体の対象地域の用例は未確認のため未確定一覧に残す。"
"zh-Hant-TW","names","Size","大小","function-reviewed","https://github.com/gummidot/VRCLens-Addons/blob/main/README_JP.md","Size / 機能説明・設定表","","作者の日本語機能説明と英語キーで機能の意味を照合。訳語自体の対象地域の用例は未確認のため未確定一覧に残す。"
"zh-Hant-TW","names","Speed","速度","function-reviewed","https://github.com/gummidot/VRCLens-Addons/blob/main/README_JP.md","Speed / 機能説明・設定表","","作者の日本語機能説明と英語キーで機能の意味を照合。訳語自体の対象地域の用例は未確認のため未確定一覧に残す。"
"zh-Hant-TW","names","Fisheye Lens","魚眼鏡頭","function-reviewed","https://github.com/gummidot/VRCLens-Addons/blob/main/README_JP.md","Fisheye Lens / 機能説明・設定表","","作者の日本語機能説明と英語キーで機能の意味を照合。訳語自体の対象地域の用例は未確認のため未確定一覧に残す。"
"zh-Hant-TW","names","Strength","強度","function-reviewed","https://github.com/gummidot/VRCLens-Addons/blob/main/README_JP.md","Strength / 機能説明・設定表","","作者の日本語機能説明と英語キーで機能の意味を照合。訳語自体の対象地域の用例は未確認のため未確定一覧に残す。"
"zh-Hant-TW","names","Roundness","圓度","function-reviewed","https://github.com/gummidot/VRCLens-Addons/blob/main/README_JP.md","Roundness / 機能説明・設定表","","作者の日本語機能説明と英語キーで機能の意味を照合。訳語自体の対象地域の用例は未確認のため未確定一覧に残す。"
"zh-Hant-TW","names","Lens Size","鏡頭尺寸","function-reviewed","https://github.com/gummidot/VRCLens-Addons/blob/main/README_JP.md","Lens Size / 機能説明・設定表","","作者の日本語機能説明と英語キーで機能の意味を照合。訳語自体の対象地域の用例は未確認のため未確定一覧に残す。"
"zh-Hant-TW","names","Edge Softness","邊緣柔化","function-reviewed","https://github.com/gummidot/VRCLens-Addons/blob/main/README_JP.md","Edge Softness / 機能説明・設定表","","作者の日本語機能説明と英語キーで機能の意味を照合。訳語自体の対象地域の用例は未確認のため未確定一覧に残す。"
"zh-Hant-TW","names","Reverse Fisheye","反向魚眼","function-reviewed","https://github.com/gummidot/VRCLens-Addons/blob/main/README_JP.md","Reverse Fisheye / 機能説明・設定表","","作者の日本語機能説明と英語キーで機能の意味を照合。訳語自体の対象地域の用例は未確認のため未確定一覧に残す。"
"zh-Hant-TW","names","Center","中心","function-reviewed","https://github.com/gummidot/VRCLens-Addons/blob/main/README_JP.md","Center / 機能説明・設定表","","作者の日本語機能説明と英語キーで機能の意味を照合。訳語自体の対象地域の用例は未確認のため未確定一覧に残す。"
"zh-Hant-TW","names","X","水平位置","function-reviewed","https://github.com/gummidot/VRCLens-Addons/blob/main/README_JP.md","X / 機能説明・設定表","","作者の日本語機能説明と英語キーで機能の意味を照合。訳語自体の対象地域の用例は未確認のため未確定一覧に残す。"
"zh-Hant-TW","names","Y","垂直位置","function-reviewed","https://github.com/gummidot/VRCLens-Addons/blob/main/README_JP.md","Y / 機能説明・設定表","","作者の日本語機能説明と英語キーで機能の意味を照合。訳語自体の対象地域の用例は未確認のため未確定一覧に残す。"
"zh-Hant-TW","names","Letterbox","寬銀幕遮幅","function-reviewed","https://github.com/gummidot/VRCLens-Addons/blob/main/README_JP.md","Letterbox / 機能説明・設定表","","作者の日本語機能説明と英語キーで機能の意味を照合。訳語自体の対象地域の用例は未確認のため未確定一覧に残す。"
"zh-Hant-TW","names","2.39:1 Cinemascope","2.39:1 電影寬銀幕","function-reviewed","https://github.com/gummidot/VRCLens-Addons/blob/main/README_JP.md","Letterbox / 機能説明・設定表","","作者の日本語機能説明と英語キーで機能の意味を照合。訳語自体の対象地域の用例は未確認のため未確定一覧に残す。"
"zh-Hant-TW","names","2.35:1 Anamorphic","2.35:1 變形寬銀幕","function-reviewed","https://github.com/gummidot/VRCLens-Addons/blob/main/README_JP.md","Letterbox / 機能説明・設定表","","作者の日本語機能説明と英語キーで機能の意味を照合。訳語自体の対象地域の用例は未確認のため未確定一覧に残す。"
"zh-Hant-TW","names","2.00:1 Univisium","2.00:1 Univisium","function-reviewed","https://github.com/gummidot/VRCLens-Addons/blob/main/README_JP.md","Letterbox / 機能説明・設定表","","作者の日本語機能説明と英語キーで機能の意味を照合。訳語自体の対象地域の用例は未確認のため未確定一覧に残す。"
"zh-Hant-TW","names","1.85:1 Theatrical","1.85:1 影院","function-reviewed","https://github.com/gummidot/VRCLens-Addons/blob/main/README_JP.md","Letterbox / 機能説明・設定表","","作者の日本語機能説明と英語キーで機能の意味を照合。訳語自体の対象地域の用例は未確認のため未確定一覧に残す。"
"zh-Hant-TW","names","16:9 Widescreen","16:9 寬螢幕","function-reviewed","https://github.com/gummidot/VRCLens-Addons/blob/main/README_JP.md","Letterbox / 機能説明・設定表","","作者の日本語機能説明と英語キーで機能の意味を照合。訳語自体の対象地域の用例は未確認のため未確定一覧に残す。"
"zh-Hant-TW","names","3:2 DSLR","3:2 DSLR","function-reviewed","https://github.com/gummidot/VRCLens-Addons/blob/main/README_JP.md","Letterbox / 機能説明・設定表","","作者の日本語機能説明と英語キーで機能の意味を照合。訳語自体の対象地域の用例は未確認のため未確定一覧に残す。"
"zh-Hant-TW","names","4:3 Classic","4:3 經典","function-reviewed","https://github.com/gummidot/VRCLens-Addons/blob/main/README_JP.md","Letterbox / 機能説明・設定表","","作者の日本語機能説明と英語キーで機能の意味を照合。訳語自体の対象地域の用例は未確認のため未確定一覧に残す。"
"zh-Hant-TW","names","1:1 Square","1:1 方形","function-reviewed","https://github.com/gummidot/VRCLens-Addons/blob/main/README_JP.md","Letterbox / 機能説明・設定表","","作者の日本語機能説明と英語キーで機能の意味を照合。訳語自体の対象地域の用例は未確認のため未確定一覧に残す。"
"zh-Hant-TW","names","4:5 Portrait","4:5 直向","function-reviewed","https://github.com/gummidot/VRCLens-Addons/blob/main/README_JP.md","Letterbox / 機能説明・設定表","","作者の日本語機能説明と英語キーで機能の意味を照合。訳語自体の対象地域の用例は未確認のため未確定一覧に残す。"
"zh-Hant-TW","names","9:16 Vertical","9:16 直向","function-reviewed","https://github.com/gummidot/VRCLens-Addons/blob/main/README_JP.md","Letterbox / 機能説明・設定表","","作者の日本語機能説明と英語キーで機能の意味を照合。訳語自体の対象地域の用例は未確認のため未確定一覧に残す。"
"zh-Hant-TW","names","Pixelation","像素化","function-reviewed","https://github.com/gummidot/VRCLens-Addons/blob/main/README_JP.md","Pixelation / 機能説明・設定表","","作者の日本語機能説明と英語キーで機能の意味を照合。訳語自体の対象地域の用例は未確認のため未確定一覧に残す。"
"zh-Hant-TW","names","Block Size","像素區塊大小","function-reviewed","https://github.com/gummidot/VRCLens-Addons/blob/main/README_JP.md","Block Size / 機能説明・設定表","","作者の日本語機能説明と英語キーで機能の意味を照合。訳語自体の対象地域の用例は未確認のため未確定一覧に残す。"
"zh-Hant-TW","names","Dither","抖色","function-reviewed","https://github.com/gummidot/VRCLens-Addons/blob/main/README_JP.md","Dither / 機能説明・設定表","","作者の日本語機能説明と英語キーで機能の意味を照合。訳語自体の対象地域の用例は未確認のため未確定一覧に残す。"
"zh-Hant-TW","names","Posterize","色調分離","function-reviewed","https://github.com/gummidot/VRCLens-Addons/blob/main/README_JP.md","Posterize / 機能説明・設定表","","作者の日本語機能説明と英語キーで機能の意味を照合。訳語自体の対象地域の用例は未確認のため未確定一覧に残す。"
"zh-Hant-TW","names","Aspect Ratio","長寬比","function-reviewed","https://github.com/gummidot/VRCLens-Addons/blob/main/README_JP.md","Aspect Ratio / 機能説明・設定表","","作者の日本語機能説明と英語キーで機能の意味を照合。訳語自体の対象地域の用例は未確認のため未確定一覧に残す。"
"zh-Hant-TW","names","Tilt-Shift","移軸","function-reviewed","https://github.com/gummidot/VRCLens-Addons/blob/main/README_JP.md","Tilt-Shift / 機能説明・設定表","","作者の日本語機能説明と英語キーで機能の意味を照合。訳語自体の対象地域の用例は未確認のため未確定一覧に残す。"
"zh-Hant-TW","names","Depth Mode","深度模式","function-reviewed","https://github.com/gummidot/VRCLens-Addons/blob/main/README_JP.md","Depth Mode / 機能説明・設定表","","作者の日本語機能説明と英語キーで機能の意味を照合。訳語自体の対象地域の用例は未確認のため未確定一覧に残す。"
"zh-Hant-TW","names","Blur","模糊","function-reviewed","https://github.com/gummidot/VRCLens-Addons/blob/main/README_JP.md","Blur / 機能説明・設定表","","作者の日本語機能説明と英語キーで機能の意味を照合。訳語自体の対象地域の用例は未確認のため未確定一覧に残す。"
"zh-Hant-TW","names","Position","位置","function-reviewed","https://github.com/gummidot/VRCLens-Addons/blob/main/README_JP.md","Position / 機能説明・設定表","","作者の日本語機能説明と英語キーで機能の意味を照合。訳語自体の対象地域の用例は未確認のため未確定一覧に残す。"
"zh-Hant-TW","names","Width","寬度","function-reviewed","https://github.com/gummidot/VRCLens-Addons/blob/main/README_JP.md","Width / 機能説明・設定表","","作者の日本語機能説明と英語キーで機能の意味を照合。訳語自体の対象地域の用例は未確認のため未確定一覧に残す。"
"zh-Hant-TW","names","Angle","角度","function-reviewed","https://github.com/gummidot/VRCLens-Addons/blob/main/README_JP.md","Angle / 機能説明・設定表","","作者の日本語機能説明と英語キーで機能の意味を照合。訳語自体の対象地域の用例は未確認のため未確定一覧に残す。"
"zh-Hant-TW","names","Vignette","暗角","function-reviewed","https://github.com/gummidot/VRCLens-Addons/blob/main/README_JP.md","Vignette / 機能説明・設定表","","作者の日本語機能説明と英語キーで機能の意味を照合。訳語自体の対象地域の用例は未確認のため未確定一覧に残す。"
"zh-Hant-TW","names","Radius","半徑","function-reviewed","https://github.com/gummidot/VRCLens-Addons/blob/main/README_JP.md","Radius / 機能説明・設定表","","作者の日本語機能説明と英語キーで機能の意味を照合。訳語自体の対象地域の用例は未確認のため未確定一覧に残す。"
"zh-Hant-TW","names","Zoom Blur","變焦模糊","function-reviewed","https://github.com/gummidot/VRCLens-Addons/blob/main/README_JP.md","Zoom Blur / 機能説明・設定表","","作者の日本語機能説明と英語キーで機能の意味を照合。訳語自体の対象地域の用例は未確認のため未確定一覧に残す。"
"zh-Hant-TW","names","Center X","中心・水平","function-reviewed","https://github.com/gummidot/VRCLens-Addons/blob/main/README_JP.md","Center X / 機能説明・設定表","","作者の日本語機能説明と英語キーで機能の意味を照合。訳語自体の対象地域の用例は未確認のため未確定一覧に残す。"
"zh-Hant-TW","names","Center Y","中心・垂直","function-reviewed","https://github.com/gummidot/VRCLens-Addons/blob/main/README_JP.md","Center Y / 機能説明・設定表","","作者の日本語機能説明と英語キーで機能の意味を照合。訳語自体の対象地域の用例は未確認のため未確定一覧に残す。"
"zh-Hant-TW","names","Focus Zone","對焦區域","function-reviewed","https://github.com/gummidot/VRCLens-Addons/blob/main/README_JP.md","Focus Zone / 機能説明・設定表","","作者の日本語機能説明と英語キーで機能の意味を照合。訳語自体の対象地域の用例は未確認のため未確定一覧に残す。"
"zh-Hant-TW","names","Spread","擴散範圍","function-reviewed","https://github.com/gummidot/VRCLens-Addons/blob/main/README_JP.md","Spread / 機能説明・設定表","","作者の日本語機能説明と英語キーで機能の意味を照合。訳語自体の対象地域の用例は未確認のため未確定一覧に残す。"
"zh-Hant-TW","names","Focus Distance","對焦距離","function-reviewed","https://github.com/gummidot/VRCLens-Addons/blob/main/README_JP.md","Focus Distance / 機能説明・設定表","","作者の日本語機能説明と英語キーで機能の意味を照合。訳語自体の対象地域の用例は未確認のため未確定一覧に残す。"
"zh-Hant-TW","names","Manual Focus Assist","手動對焦輔助","function-reviewed","https://github.com/gummidot/VRCLens-Addons/blob/main/README_JP.md","Manual Focus Assist / 機能説明・設定表","","作者の日本語機能説明と英語キーで機能の意味を照合。訳語自体の対象地域の用例は未確認のため未確定一覧に残す。"
"zh-Hant-TW","names","Zone Size","區域大小","function-reviewed","https://github.com/gummidot/VRCLens-Addons/blob/main/README_JP.md","Zone Size / 機能説明・設定表","","作者の日本語機能説明と英語キーで機能の意味を照合。訳語自体の対象地域の用例は未確認のため未確定一覧に残す。"
"zh-Hant-TW","names","Zone Softness","區域柔化","function-reviewed","https://github.com/gummidot/VRCLens-Addons/blob/main/README_JP.md","Zone Softness / 機能説明・設定表","","作者の日本語機能説明と英語キーで機能の意味を照合。訳語自体の対象地域の用例は未確認のため未確定一覧に残す。"
"zh-Hant-TW","names","Edge Feather","邊緣羽化","function-reviewed","https://github.com/gummidot/VRCLens-Addons/blob/main/README_JP.md","Edge Feather / 機能説明・設定表","","作者の日本語機能説明と英語キーで機能の意味を照合。訳語自体の対象地域の用例は未確認のため未確定一覧に残す。"
"zh-Hant-TW","names","Max Blur Size","最大模糊大小","function-reviewed","https://github.com/gummidot/VRCLens-Addons/blob/main/README_JP.md","Max Blur Size / 機能説明・設定表","","作者の日本語機能説明と英語キーで機能の意味を照合。訳語自体の対象地域の用例は未確認のため未確定一覧に残す。"
"zh-Hant-TW","names","Player Visibility","玩家可見性","function-reviewed","https://github.com/gummidot/VRCLens-Addons/blob/main/README_JP.md","Player Visibility / 機能説明・設定表","","作者の日本語機能説明と英語キーで機能の意味を照合。訳語自体の対象地域の用例は未確認のため未確定一覧に残す。"
"zh-Hant-TW","names","Hide Remote Players","隱藏其他玩家","function-reviewed","https://github.com/gummidot/VRCLens-Addons/blob/main/README_JP.md","Hide Remote Players / 機能説明・設定表","","作者の日本語機能説明と英語キーで機能の意味を照合。訳語自体の対象地域の用例は未確認のため未確定一覧に残す。"
"zh-Hant-TW","names","Hide Self","隱藏自己","function-reviewed","https://github.com/gummidot/VRCLens-Addons/blob/main/README_JP.md","Hide Self / 機能説明・設定表","","作者の日本語機能説明と英語キーで機能の意味を照合。訳語自体の対象地域の用例は未確認のため未確定一覧に残す。"
"zh-Hant-TW","names","Avatar Offset","Avatar偏移","function-reviewed","https://github.com/gummidot/VRCLens-Addons/blob/main/README_JP.md","Avatar Offset / 機能説明・設定表","","作者の日本語機能説明と英語キーで機能の意味を照合。訳語自体の対象地域の用例は未確認のため未確定一覧に残す。"
"zh-Hant-TW","names","Rotate With Avatar","隨Avatar旋轉","function-reviewed","https://github.com/gummidot/VRCLens-Addons/blob/main/README_JP.md","Rotate With Avatar / 機能説明・設定表","","作者の日本語機能説明と英語キーで機能の意味を照合。訳語自体の対象地域の用例は未確認のため未確定一覧に残す。"
"zh-Hant-TW","names","Drop (Reset to Hand)","返回手中","function-reviewed","https://github.com/gummidot/VRCLens-Addons/blob/main/README_JP.md","Drop (Reset to Hand) / 機能説明・設定表","","作者の日本語機能説明と英語キーで機能の意味を照合。訳語自体の対象地域の用例は未確認のため未確定一覧に残す。"
"zh-Hant-TW","names","Move Drone Vertical","垂直移動無人機","function-reviewed","https://github.com/gummidot/VRCLens-Addons/blob/main/README_JP.md","Move Drone Vertical / 機能説明・設定表","","作者の日本語機能説明と英語キーで機能の意味を照合。訳語自体の対象地域の用例は未確認のため未確定一覧に残す。"
"zh-Hant-TW","names","Camera Pins & Dolly","相機機位與軌道移動","function-reviewed","https://github.com/gummidot/VRCLens-Addons/blob/main/README_JP.md","Camera Pins & Dolly / 機能説明・設定表","","作者の日本語機能説明と英語キーで機能の意味を照合。訳語自体の対象地域の用例は未確認のため未確定一覧に残す。"
"zh-Hant-TW","names","Teleport","傳送","function-reviewed","https://github.com/gummidot/VRCLens-Addons/blob/main/README_JP.md","Teleport / 機能説明・設定表","","作者の日本語機能説明と英語キーで機能の意味を照合。訳語自体の対象地域の用例は未確認のため未確定一覧に残す。"
"zh-Hant-TW","names","Dolly","軌道移動","function-reviewed","https://github.com/gummidot/VRCLens-Addons/blob/main/README_JP.md","Dolly / 機能説明・設定表","","作者の日本語機能説明と英語キーで機能の意味を照合。訳語自体の対象地域の用例は未確認のため未確定一覧に残す。"
"zh-Hant-TW","names","Reset to Hand","返回手中","function-reviewed","https://github.com/gummidot/VRCLens-Addons/blob/main/README_JP.md","Reset to Hand / 機能説明・設定表","","作者の日本語機能説明と英語キーで機能の意味を照合。訳語自体の対象地域の用例は未確認のため未確定一覧に残す。"
"zh-Hant-TW","names","Show Pins","顯示機位","function-reviewed","https://github.com/gummidot/VRCLens-Addons/blob/main/README_JP.md","Show Pins / 機能説明・設定表","","作者の日本語機能説明と英語キーで機能の意味を照合。訳語自体の対象地域の用例は未確認のため未確定一覧に残す。"
"zh-Hant-TW","names","Show Path","顯示路徑","function-reviewed","https://github.com/gummidot/VRCLens-Addons/blob/main/README_JP.md","Show Path / 機能説明・設定表","","作者の日本語機能説明と英語キーで機能の意味を照合。訳語自体の対象地域の用例は未確認のため未確定一覧に残す。"
"zh-Hant-TW","names","Show Numbers","顯示編號","function-reviewed","https://github.com/gummidot/VRCLens-Addons/blob/main/README_JP.md","Show Numbers / 機能説明・設定表","","作者の日本語機能説明と英語キーで機能の意味を照合。訳語自体の対象地域の用例は未確認のため未確定一覧に残す。"
"zh-Hant-TW","names","Play","播放","function-reviewed","https://github.com/gummidot/VRCLens-Addons/blob/main/README_JP.md","Play / 機能説明・設定表","","作者の日本語機能説明と英語キーで機能の意味を照合。訳語自体の対象地域の用例は未確認のため未確定一覧に残す。"
"zh-Hant-TW","names","Stop","停止","function-reviewed","https://github.com/gummidot/VRCLens-Addons/blob/main/README_JP.md","Stop / 機能説明・設定表","","作者の日本語機能説明と英語キーで機能の意味を照合。訳語自体の対象地域の用例は未確認のため未確定一覧に残す。"
"zh-Hant-TW","names","Playback","播放位置","function-reviewed","https://github.com/gummidot/VRCLens-Addons/blob/main/README_JP.md","Playback / 機能説明・設定表","","作者の日本語機能説明と英語キーで機能の意味を照合。訳語自体の対象地域の用例は未確認のため未確定一覧に残す。"
"zh-Hant-TW","names","Move","移動","function-reviewed","https://github.com/gummidot/VRCLens-Addons/blob/main/README_JP.md","Move / 機能説明・設定表","","作者の日本語機能説明と英語キーで機能の意味を照合。訳語自体の対象地域の用例は未確認のため未確定一覧に残す。"
"zh-Hant-TW","names","Go To Pin","前往機位","function-reviewed","https://github.com/gummidot/VRCLens-Addons/blob/main/README_JP.md","Go To Pin / 機能説明・設定表","","作者の日本語機能説明と英語キーで機能の意味を照合。訳語自体の対象地域の用例は未確認のため未確定一覧に残す。"
"zh-Hant-TW","names","Duration","持續時間","function-reviewed","https://github.com/gummidot/VRCLens-Addons/blob/main/README_JP.md","Duration / 機能説明・設定表","","作者の日本語機能説明と英語キーで機能の意味を照合。訳語自体の対象地域の用例は未確認のため未確定一覧に残す。"
"zh-Hant-TW","names","Loop","循環","function-reviewed","https://github.com/gummidot/VRCLens-Addons/blob/main/README_JP.md","Loop / 機能説明・設定表","","作者の日本語機能説明と英語キーで機能の意味を照合。訳語自体の対象地域の用例は未確認のため未確定一覧に残す。"
"zh-Hant-TW","names","Delay","延遲","function-reviewed","https://github.com/gummidot/VRCLens-Addons/blob/main/README_JP.md","Delay / 機能説明・設定表","","作者の日本語機能説明と英語キーで機能の意味を照合。訳語自体の対象地域の用例は未確認のため未確定一覧に残す。"
"zh-Hant-TW","names","Path","路徑","function-reviewed","https://github.com/gummidot/VRCLens-Addons/blob/main/README_JP.md","Path / 機能説明・設定表","","作者の日本語機能説明と英語キーで機能の意味を照合。訳語自体の対象地域の用例は未確認のため未確定一覧に残す。"
"zh-Hant-TW","names","Hand Rotate (Pins)","手動旋轉（機位）","function-reviewed","https://github.com/gummidot/VRCLens-Addons/blob/main/README_JP.md","Hand Rotate (Pins) / 機能説明・設定表","","作者の日本語機能説明と英語キーで機能の意味を照合。訳語自体の対象地域の用例は未確認のため未確定一覧に残す。"
"zh-Hant-TW","names","Hand Offset","手部偏移","function-reviewed","https://github.com/gummidot/VRCLens-Addons/blob/main/README_JP.md","Hand Offset / 機能説明・設定表","","作者の日本語機能説明と英語キーで機能の意味を照合。訳語自体の対象地域の用例は未確認のため未確定一覧に残す。"
"zh-Hant-TW","names","Drop Next","放置下一機位","function-reviewed","https://github.com/gummidot/VRCLens-Addons/blob/main/README_JP.md","Drop Next / 機能説明・設定表","","作者の日本語機能説明と英語キーで機能の意味を照合。訳語自体の対象地域の用例は未確認のため未確定一覧に残す。"
"zh-Hant-TW","names","Clear All (Hold)","清除全部（長按）","function-reviewed","https://github.com/gummidot/VRCLens-Addons/blob/main/README_JP.md","Camera Pins & Dolly / 機能説明・設定表","","作者の日本語機能説明と英語キーで機能の意味を照合。訳語自体の対象地域の用例は未確認のため未確定一覧に残す。"
"zh-Hant-TW","names","Full","全方向","function-reviewed","https://github.com/gummidot/VRCLens-Addons/blob/main/README_JP.md","Full / 機能説明・設定表","","作者の日本語機能説明と英語キーで機能の意味を照合。訳語自体の対象地域の用例は未確認のため未確定一覧に残す。"
"zh-Hant-TW","names","Vertical","僅垂直","function-reviewed","https://github.com/gummidot/VRCLens-Addons/blob/main/README_JP.md","Vertical / 機能説明・設定表","","作者の日本語機能説明と英語キーで機能の意味を照合。訳語自体の対象地域の用例は未確認のため未確定一覧に残す。"
"zh-Hant-TW","names","Teleport Next","傳送到下一機位","function-reviewed","https://github.com/gummidot/VRCLens-Addons/blob/main/README_JP.md","Teleport Next / 機能説明・設定表","","作者の日本語機能説明と英語キーで機能の意味を照合。訳語自体の対象地域の用例は未確認のため未確定一覧に残す。"
"zh-Hant-TW","names","Reverse","往返","function-reviewed","https://github.com/gummidot/VRCLens-Addons/blob/main/README_JP.md","Reverse / 機能説明・設定表","","作者の日本語機能説明と英語キーで機能の意味を照合。訳語自体の対象地域の用例は未確認のため未確定一覧に残す。"
"zh-Hant-TW","names","Linear","線性","function-reviewed","https://github.com/gummidot/VRCLens-Addons/blob/main/README_JP.md","Linear / 機能説明・設定表","","作者の日本語機能説明と英語キーで機能の意味を照合。訳語自体の対象地域の用例は未確認のため未確定一覧に残す。"
"zh-Hant-TW","names","Smooth","平滑","function-reviewed","https://github.com/gummidot/VRCLens-Addons/blob/main/README_JP.md","Smooth / 機能説明・設定表","","作者の日本語機能説明と英語キーで機能の意味を照合。訳語自体の対象地域の用例は未確認のため未確定一覧に残す。"
"zh-Hant-TW","names","Fitted","擬合曲線","function-reviewed","https://github.com/gummidot/VRCLens-Addons/blob/main/README_JP.md","Fitted / 機能説明・設定表","","作者の日本語機能説明と英語キーで機能の意味を照合。訳語自体の対象地域の用例は未確認のため未確定一覧に残す。"
"zh-Hant-TW","names","Preset Saver","預設儲存","function-reviewed","https://github.com/gummidot/VRCLens-Addons/blob/main/README_JP.md","Preset Saver / 機能説明・設定表","","作者の日本語機能説明と英語キーで機能の意味を照合。訳語自体の対象地域の用例は未確認のため未確定一覧に残す。"
"zh-Hant-TW","names","Save","儲存","function-reviewed","https://github.com/gummidot/VRCLens-Addons/blob/main/README_JP.md","Save / 機能説明・設定表","","作者の日本語機能説明と英語キーで機能の意味を照合。訳語自体の対象地域の用例は未確認のため未確定一覧に残す。"
"zh-Hant-TW","names","Load","載入","function-reviewed","https://github.com/gummidot/VRCLens-Addons/blob/main/README_JP.md","Load / 機能説明・設定表","","作者の日本語機能説明と英語キーで機能の意味を照合。訳語自体の対象地域の用例は未確認のため未確定一覧に残す。"
"zh-Hant-TW","names","Load Defaults","恢復預設設定","function-reviewed","https://github.com/gummidot/VRCLens-Addons/blob/main/README_JP.md","Load Defaults / 機能説明・設定表","","作者の日本語機能説明と英語キーで機能の意味を照合。訳語自体の対象地域の用例は未確認のため未確定一覧に残す。"
"zh-Hant-TW","names","Favorites","收藏","function-reviewed","https://github.com/gummidot/VRCLens-Addons/blob/main/README_JP.md","Favorites / 機能説明・設定表","","作者の日本語機能説明と英語キーで機能の意味を照合。訳語自体の対象地域の用例は未確認のため未確定一覧に残す。"
"zh-Hant-TW","directions","TOP","上","review-required","","","","英語キーと既存訳の意味・表記を点検。対象言語の適切な外部出典は未確認。既存訳を維持し、公式訳とは扱わない。"
"zh-Hant-TW","directions","UP","上","review-required","","","","英語キーと既存訳の意味・表記を点検。対象言語の適切な外部出典は未確認。既存訳を維持し、公式訳とは扱わない。"
"zh-Hant-TW","directions","RIGHT","右","review-required","","","","英語キーと既存訳の意味・表記を点検。対象言語の適切な外部出典は未確認。既存訳を維持し、公式訳とは扱わない。"
"zh-Hant-TW","directions","BOTTOM","下","review-required","","","","英語キーと既存訳の意味・表記を点検。対象言語の適切な外部出典は未確認。既存訳を維持し、公式訳とは扱わない。"
"zh-Hant-TW","directions","DOWN","下","review-required","","","","英語キーと既存訳の意味・表記を点検。対象言語の適切な外部出典は未確認。既存訳を維持し、公式訳とは扱わない。"
"zh-Hant-TW","directions","LEFT","左","review-required","","","","英語キーと既存訳の意味・表記を点検。対象言語の適切な外部出典は未確認。既存訳を維持し、公式訳とは扱わない。"
"zh-Hant-TW","directions","FORWARD","前","review-required","","","","英語キーと既存訳の意味・表記を点検。対象言語の適切な外部出典は未確認。既存訳を維持し、公式訳とは扱わない。"
"zh-Hant-TW","directions","BACK","後","review-required","","","","英語キーと既存訳の意味・表記を点検。対象言語の適切な外部出典は未確認。既存訳を維持し、公式訳とは扱わない。"
"zh-Hant-TW","dynamic","Next","下一頁","review-required","","","","英語キーと既存訳の意味・表記を点検。対象言語の適切な外部出典は未確認。既存訳を維持し、公式訳とは扱わない。"
"zh-Hant-TW","dynamic","CameraPin","機位{0}","function-reviewed","https://github.com/gummidot/VRCLens-Addons/blob/main/README_JP.md","Camera Pins & Dolly / 機能説明・設定表","","作者の日本語機能説明と英語キーで機能の意味を照合。訳語自体の対象地域の用例は未確認のため未確定一覧に残す。"
"zh-Hant-TW","dynamic","Seconds","{0}秒","function-reviewed","https://github.com/gummidot/VRCLens-Addons/blob/main/README_JP.md","Duration / 機能説明・設定表","","作者の日本語機能説明と英語キーで機能の意味を照合。訳語自体の対象地域の用例は未確認のため未確定一覧に残す。"
"zh-Hant-TW","dynamic","Minutes","{0}分鐘","function-reviewed","https://github.com/gummidot/VRCLens-Addons/blob/main/README_JP.md","Duration / 機能説明・設定表","","作者の日本語機能説明と英語キーで機能の意味を照合。訳語自体の対象地域の用例は未確認のため未確定一覧に残す。"
"zh-Hant-TW","dynamic","WorldDrop","固定於世界","review-required","","","","英語キーと既存訳の意味・表記を点検。対象言語の適切な外部出典は未確認。既存訳を維持し、公式訳とは扱わない。"
"zh-Hant-TW","dynamic","CameraPinDrop","放置機位","function-reviewed","https://github.com/gummidot/VRCLens-Addons/blob/main/README_JP.md","Camera Pins & Dolly / 機能説明・設定表","","作者の日本語機能説明と英語キーで機能の意味を照合。訳語自体の対象地域の用例は未確認のため未確定一覧に残す。"
"zh-Hant-TW","dynamic","VignetteSoftness","邊緣柔化","function-reviewed","https://github.com/gummidot/VRCLens-Addons/blob/main/README_JP.md","Vignette / 機能説明・設定表","","作者の日本語機能説明と英語キーで機能の意味を照合。訳語自体の対象地域の用例は未確認のため未確定一覧に残す。"
"zh-Hant-TW","dynamic","FisheyeCenterX","水平位置","function-reviewed","https://github.com/gummidot/VRCLens-Addons/blob/main/README_JP.md","Fisheye Lens / 機能説明・設定表","","作者の日本語機能説明と英語キーで機能の意味を照合。訳語自体の対象地域の用例は未確認のため未確定一覧に残す。"
"zh-Hant-TW","dynamic","FisheyeCenterY","垂直位置","function-reviewed","https://github.com/gummidot/VRCLens-Addons/blob/main/README_JP.md","Fisheye Lens / 機能説明・設定表","","作者の日本語機能説明と英語キーで機能の意味を照合。訳語自体の対象地域の用例は未確認のため未確定一覧に残す。"
"zh-Hant-TW","dynamic","ZoomInSpeed4","遠攝端 速度4","review-required","","","","英語キーと既存訳の意味・表記を点検。対象言語の適切な外部出典は未確認。既存訳を維持し、公式訳とは扱わない。"
"zh-Hant-TW","dynamic","ZoomOutSpeed4","廣角端 速度4","review-required","","","","英語キーと既存訳の意味・表記を点検。対象言語の適切な外部出典は未確認。既存訳を維持し、公式訳とは扱わない。"
"zh-Hant-TW","featureBlanks","100","廣角端 速度1","review-required","","","","英語キーと既存訳の意味・表記を点検。対象言語の適切な外部出典は未確認。既存訳を維持し、公式訳とは扱わない。"
"zh-Hant-TW","featureBlanks","101","廣角端 速度2","review-required","","","","英語キーと既存訳の意味・表記を点検。対象言語の適切な外部出典は未確認。既存訳を維持し、公式訳とは扱わない。"
"zh-Hant-TW","featureBlanks","102","廣角端 速度3","review-required","","","","英語キーと既存訳の意味・表記を点検。対象言語の適切な外部出典は未確認。既存訳を維持し、公式訳とは扱わない。"
"zh-Hant-TW","featureBlanks","104","遠攝端 速度1","review-required","","","","英語キーと既存訳の意味・表記を点検。対象言語の適切な外部出典は未確認。既存訳を維持し、公式訳とは扱わない。"
"zh-Hant-TW","featureBlanks","105","遠攝端 速度2","review-required","","","","英語キーと既存訳の意味・表記を点検。対象言語の適切な外部出典は未確認。既存訳を維持し、公式訳とは扱わない。"
"zh-Hant-TW","featureBlanks","106","遠攝端 速度3","review-required","","","","英語キーと既存訳の意味・表記を点検。対象言語の適切な外部出典は未確認。既存訳を維持し、公式訳とは扱わない。"
"zh-Hant-TW","featureBlanks","108","曝光補償 -1/3級","review-required","","","","英語キーと既存訳の意味・表記を点検。対象言語の適切な外部出典は未確認。既存訳を維持し、公式訳とは扱わない。"
"zh-Hant-TW","featureBlanks","110","曝光補償 +1/3級","review-required","","","","英語キーと既存訳の意味・表記を点検。対象言語の適切な外部出典は未確認。既存訳を維持し、公式訳とは扱わない。"
"zh-Hant-TW","featureBlanks","113","WB校正：藍色方向","review-required","","","","英語キーと既存訳の意味・表記を点検。対象言語の適切な外部出典は未確認。既存訳を維持し、公式訳とは扱わない。"
"zh-Hant-TW","featureBlanks","114","WB校正：重設","review-required","","","","英語キーと既存訳の意味・表記を点検。対象言語の適切な外部出典は未確認。既存訳を維持し、公式訳とは扱わない。"
"zh-Hant-TW","featureBlanks","115","WB校正：琥珀色方向","review-required","","","","英語キーと既存訳の意味・表記を点検。対象言語の適切な外部出典は未確認。既存訳を維持し、公式訳とは扱わない。"
"zh-Hant-TW","featureBlanks","117","近端 中","review-required","","","","英語キーと既存訳の意味・表記を点検。対象言語の適切な外部出典は未確認。既存訳を維持し、公式訳とは扱わない。"
"zh-Hant-TW","featureBlanks","118","近端 小","review-required","","","","英語キーと既存訳の意味・表記を点検。対象言語の適切な外部出典は未確認。既存訳を維持し、公式訳とは扱わない。"
"zh-Hant-TW","featureBlanks","120","遠端 小","review-required","","","","英語キーと既存訳の意味・表記を点検。対象言語の適切な外部出典は未確認。既存訳を維持し、公式訳とは扱わない。"
"zh-Hant-TW","featureBlanks","121","遠端 中","review-required","","","","英語キーと既存訳の意味・表記を点検。対象言語の適切な外部出典は未確認。既存訳を維持し、公式訳とは扱わない。"
"zh-Hant-TW","featureBlanks","129","稍微向上看","review-required","","","","英語キーと既存訳の意味・表記を点検。対象言語の適切な外部出典は未確認。既存訳を維持し、公式訳とは扱わない。"
"zh-Hant-TW","featureBlanks","130","稍微向下看","review-required","","","","英語キーと既存訳の意味・表記を点検。対象言語の適切な外部出典は未確認。既存訳を維持し、公式訳とは扱わない。"
"zh-Hant-TW","sensorBlanks","0","35mm全片幅","review-required","","","","英語キーと既存訳の意味・表記を点検。対象言語の適切な外部出典は未確認。既存訳を維持し、公式訳とは扱わない。"
"zh-Hant-TW","sensorBlanks","1","APS-H","review-required","","","","英語キーと既存訳の意味・表記を点検。対象言語の適切な外部出典は未確認。既存訳を維持し、公式訳とは扱わない。"
"zh-Hant-TW","sensorBlanks","2","APS-C（1.5倍）","review-required","","","","英語キーと既存訳の意味・表記を点検。対象言語の適切な外部出典は未確認。既存訳を維持し、公式訳とは扱わない。"
"zh-Hant-TW","sensorBlanks","3","APS-C（1.6倍）","review-required","","","","英語キーと既存訳の意味・表記を点検。対象言語の適切な外部出典は未確認。既存訳を維持し、公式訳とは扱わない。"
"zh-Hant-TW","sensorBlanks","4","微型4/3","review-required","","","","英語キーと既存訳の意味・表記を点検。対象言語の適切な外部出典は未確認。既存訳を維持し、公式訳とは扱わない。"
"zh-Hant-TW","sensorBlanks","5","1.0吋","review-required","","","","英語キーと既存訳の意味・表記を点検。対象言語の適切な外部出典は未確認。既存訳を維持し、公式訳とは扱わない。"
"zh-Hant-TW","tonemapBlanks","0","關閉","review-required","","","","英語キーと既存訳の意味・表記を点検。対象言語の適切な外部出典は未確認。既存訳を維持し、公式訳とは扱わない。"
"zh-Hant-TW","tonemapBlanks","1","電影感1","review-required","","","","英語キーと既存訳の意味・表記を点検。対象言語の適切な外部出典は未確認。既存訳を維持し、公式訳とは扱わない。"
"zh-Hant-TW","tonemapBlanks","2","電影感2","review-required","","","","英語キーと既存訳の意味・表記を点検。対象言語の適切な外部出典は未確認。既存訳を維持し、公式訳とは扱わない。"
"zh-Hant-TW","tonemapBlanks","3","HLG","review-required","","","","英語キーと既存訳の意味・表記を点検。対象言語の適切な外部出典は未確認。既存訳を維持し、公式訳とは扱わない。"
"zh-Hant-TW","tonemapBlanks","4","中性","review-required","","","","英語キーと既存訳の意味・表記を点検。対象言語の適切な外部出典は未確認。既存訳を維持し、公式訳とは扱わない。"
"ko-KR","names","Enable","활성화","review-required","","","","英語キーと既存訳の意味・表記を点検。対象言語の適切な外部出典は未確認。既存訳を維持し、公式訳とは扱わない。"
"ko-KR","names","Advanced","상세 설정","review-required","","","","英語キーと既存訳の意味・表記を点検。対象言語の適切な外部出典は未確認。既存訳を維持し、公式訳とは扱わない。"
"ko-KR","names","Zoom","줌","review-required","","","","英語キーと既存訳の意味・表記を点検。対象言語の適切な外部出典は未確認。既存訳を維持し、公式訳とは扱わない。"
"ko-KR","names","Drone","드론","review-required","","","","英語キーと既存訳の意味・表記を点検。対象言語の適切な外部出典は未確認。既存訳を維持し、公式訳とは扱わない。"
"ko-KR","names","Settings","설정","review-required","","","","英語キーと既存訳の意味・表記を点検。対象言語の適切な外部出典は未確認。既存訳を維持し、公式訳とは扱わない。"
"ko-KR","names","Reset","초기화","review-required","","","","英語キーと既存訳の意味・表記を点検。対象言語の適切な外部出典は未確認。既存訳を維持し、公式訳とは扱わない。"
"ko-KR","names","Filters","필터","review-required","","","","英語キーと既存訳の意味・表記を点検。対象言語の適切な外部出典は未確認。既存訳を維持し、公式訳とは扱わない。"
"ko-KR","names","Portrait","세로 방향","review-required","","","","英語キーと既存訳の意味・表記を点検。対象言語の適切な外部出典は未確認。既存訳を維持し、公式訳とは扱わない。"
"ko-KR","names","Depth Cool","심도·쿨","review-required","","","","英語キーと既存訳の意味・表記を点検。対象言語の適切な外部出典は未確認。既存訳を維持し、公式訳とは扱わない。"
"ko-KR","names","Depth Cute","심도·큐트","review-required","","","","英語キーと既存訳の意味・表記を点検。対象言語の適切な外部出典は未確認。既存訳を維持し、公式訳とは扱わない。"
"ko-KR","names","Spotlight","스포트라이트","review-required","","","","英語キーと既存訳の意味・表記を点検。対象言語の適切な外部出典は未確認。既存訳を維持し、公式訳とは扱わない。"
"ko-KR","names","Green Back","그린백","review-required","","","","英語キーと既存訳の意味・表記を点検。対象言語の適切な外部出典は未確認。既存訳を維持し、公式訳とは扱わない。"
"ko-KR","names","Blue Back","블루백","review-required","","","","英語キーと既存訳の意味・表記を点検。対象言語の適切な外部出典は未確認。既存訳を維持し、公式訳とは扱わない。"
"ko-KR","names","RIGHT","오른쪽","review-required","","","","英語キーと既存訳の意味・表記を点検。対象言語の適切な外部出典は未確認。既存訳を維持し、公式訳とは扱わない。"
"ko-KR","names","UP","위","review-required","","","","英語キーと既存訳の意味・表記を点検。対象言語の適切な外部出典は未確認。既存訳を維持し、公式訳とは扱わない。"
"ko-KR","names","DOWN","아래","review-required","","","","英語キーと既存訳の意味・表記を点検。対象言語の適切な外部出典は未確認。既存訳を維持し、公式訳とは扱わない。"
"ko-KR","names","LEFT","왼쪽","review-required","","","","英語キーと既存訳の意味・表記を点検。対象言語の適切な外部出典は未確認。既存訳を維持し、公式訳とは扱わない。"
"ko-KR","names","Show/Hide","표시 전환","review-required","","","","英語キーと既存訳の意味・表記を点検。対象言語の適切な外部出典は未確認。既存訳を維持し、公式訳とは扱わない。"
"ko-KR","names","Color","색상","review-required","","","","英語キーと既存訳の意味・表記を点検。対象言語の適切な外部出典は未確認。既存訳を維持し、公式訳とは扱わない。"
"ko-KR","names","Hexagon","육각형","review-required","","","","英語キーと既存訳の意味・表記を点検。対象言語の適切な外部出典は未確認。既存訳を維持し、公式訳とは扱わない。"
"ko-KR","names","Octagon","팔각형","review-required","","","","英語キーと既存訳の意味・表記を点検。対象言語の適切な外部出典は未確認。既存訳を維持し、公式訳とは扱わない。"
"ko-KR","names","Square","사각형","review-required","","","","英語キーと既存訳の意味・表記を点検。対象言語の適切な外部出典は未確認。既存訳を維持し、公式訳とは扱わない。"
"ko-KR","names","Look At Face","얼굴로 향하기","review-required","","","","英語キーと既存訳の意味・表記を点検。対象言語の適切な外部出典は未確認。既存訳を維持し、公式訳とは扱わない。"
"ko-KR","names","Look Up","위로 향하기","review-required","","","","英語キーと既存訳の意味・表記を点検。対象言語の適切な外部出典は未確認。既存訳を維持し、公式訳とは扱わない。"
"ko-KR","names","Look Down","아래로 향하기","review-required","","","","英語キーと既存訳の意味・表記を点検。対象言語の適切な外部出典は未確認。既存訳を維持し、公式訳とは扱わない。"
"ko-KR","names","Look At Feet","발 쪽으로 향하기","review-required","","","","英語キーと既存訳の意味・表記を点検。対象言語の適切な外部出典は未確認。既存訳を維持し、公式訳とは扱わない。"
"ko-KR","names","Track Self","자신 추적","review-required","","","","英語キーと既存訳の意味・表記を点検。対象言語の適切な外部出典は未確認。既存訳を維持し、公式訳とは扱わない。"
"ko-KR","names","Track Self...","자신 추적...","review-required","","","","英語キーと既存訳の意味・表記を点検。対象言語の適切な外部出典は未確認。既存訳を維持し、公式訳とは扱わない。"
"ko-KR","names","Infinity","무한대","review-required","","","","英語キーと既存訳の意味・表記を点検。対象言語の適切な外部出典は未確認。既存訳を維持し、公式訳とは扱わない。"
"ko-KR","names","Macro","매크로","review-required","","","","英語キーと既存訳の意味・表記を点検。対象言語の適切な外部出典は未確認。既存訳を維持し、公式訳とは扱わない。"
"ko-KR","names","Quick Selfie","셀카","review-required","","","","英語キーと既存訳の意味・表記を点検。対象言語の適切な外部出典は未確認。既存訳を維持し、公式訳とは扱わない。"
"ko-KR","names","Extra...","기타...","review-required","","","","英語キーと既存訳の意味・表記を点検。対象言語の適切な外部出典は未確認。既存訳を維持し、公式訳とは扱わない。"
"ko-KR","names","Movie Mode","동영상 모드","review-required","","","","英語キーと既存訳の意味・表記を点検。対象言語の適切な外部出典は未確認。既存訳を維持し、公式訳とは扱わない。"
"ko-KR","names","Avatar-Drop","아바타 고정","review-required","","","","英語キーと既存訳の意味・表記を点検。対象言語の適切な外部出典は未確認。既存訳を維持し、公式訳とは扱わない。"
"ko-KR","names","3D Mode","3D 모드","review-required","","","","英語キーと既存訳の意味・表記を点検。対象言語の適切な外部出典は未確認。既存訳を維持し、公式訳とは扱わない。"
"ko-KR","names","Mount Swap","마운트 전환","review-required","","","","英語キーと既存訳の意味・表記を点検。対象言語の適切な外部出典は未確認。既存訳を維持し、公式訳とは扱わない。"
"ko-KR","names","Hide Lens","렌즈 숨기기","review-required","","","","英語キーと既存訳の意味・表記を点検。対象言語の適切な外部出典は未確認。既存訳を維持し、公式訳とは扱わない。"
"ko-KR","names","Sensor Type","센서 크기","review-required","","","","英語キーと既存訳の意味・表記を点検。対象言語の適切な外部出典は未確認。既存訳を維持し、公式訳とは扱わない。"
"ko-KR","names","Bokeh Shape","보케 모양","review-required","","","","英語キーと既存訳の意味・表記を点検。対象言語の適切な外部出典は未確認。既存訳を維持し、公式訳とは扱わない。"
"ko-KR","names","Move HUD","HUD 위치","review-required","","","","英語キーと既存訳の意味・表記を点検。対象言語の適切な外部出典は未確認。既存訳を維持し、公式訳とは扱わない。"
"ko-KR","names","Hand-Rotate","손으로 회전","review-required","","","","英語キーと既存訳の意味・表記を点検。対象言語の適切な外部出典は未確認。既存訳を維持し、公式訳とは扱わない。"
"ko-KR","names","Change Angle","방향 변경","review-required","","","","英語キーと既存訳の意味・表記を点検。対象言語の適切な外部出典は未確認。既存訳を維持し、公式訳とは扱わない。"
"ko-KR","names","Move Camera","카메라 이동","review-required","","","","英語キーと既存訳の意味・表記を点検。対象言語の適切な外部出典は未確認。既存訳を維持し、公式訳とは扱わない。"
"ko-KR","names","Drone Speed","드론 속도","review-required","","","","英語キーと既存訳の意味・表記を点検。対象言語の適切な外部出典は未確認。既存訳を維持し、公式訳とは扱わない。"
"ko-KR","names","Move Pivot","피벗 이동","review-required","","","","英語キーと既存訳の意味・表記を点検。対象言語の適切な外部出典は未確認。既存訳を維持し、公式訳とは扱わない。"
"ko-KR","names","Track Pivot","피벗 추적","review-required","","","","英語キーと既存訳の意味・表記を点検。対象言語の適切な外部出典は未確認。既存訳を維持し、公式訳とは扱わない。"
"ko-KR","names","Smoothing","부드러운 추적","review-required","","","","英語キーと既存訳の意味・表記を点検。対象言語の適切な外部出典は未確認。既存訳を維持し、公式訳とは扱わない。"
"ko-KR","names","Drop Pivot","피벗 설치","review-required","","","","英語キーと既存訳の意味・表記を点検。対象言語の適切な外部出典は未確認。既存訳を維持し、公式訳とは扱わない。"
"ko-KR","names","Vertical Lock","수직 고정","review-required","","","","英語キーと既存訳の意味・表記を点検。対象言語の適切な外部出典は未確認。既存訳を維持し、公式訳とは扱わない。"
"ko-KR","names","Avatar AF","아바타 AF","review-required","","","","英語キーと既存訳の意味・表記を点検。対象言語の適切な外部出典は未確認。既存訳を維持し、公式訳とは扱わない。"
"ko-KR","names","Pro Autofocus","고급 AF","review-required","","","","英語キーと既存訳の意味・表記を点検。対象言語の適切な外部出典は未確認。既存訳を維持し、公式訳とは扱わない。"
"ko-KR","names","AF-ON","AF 작동","review-required","","","","英語キーと既存訳の意味・表記を点検。対象言語の適切な外部出典は未確認。既存訳を維持し、公式訳とは扱わない。"
"ko-KR","names","AF Lock","AF 잠금","review-required","","","","英語キーと既存訳の意味・表記を点検。対象言語の適切な外部出典は未確認。既存訳を維持し、公式訳とは扱わない。"
"ko-KR","names","Avatar Priority","아바타 우선","review-required","","","","英語キーと既存訳の意味・表記を点検。対象言語の適切な外部出典は未確認。既存訳を維持し、公式訳とは扱わない。"
"ko-KR","names","Custom","추가 기능","review-required","","","","英語キーと既存訳の意味・表記を点検。対象言語の適切な外部出典は未確認。既存訳を維持し、公式訳とは扱わない。"
"ko-KR","names","Far Clip Plane","원거리 클리핑 평면","function-reviewed","https://github.com/gummidot/VRCLens-Addons/blob/main/README_JP.md","Far Clip Plane / 機能説明・設定表","","作者の日本語機能説明と英語キーで機能の意味を照合。訳語自体の対象地域の用例は未確認のため未確定一覧に残す。"
"ko-KR","names","Smooth DoF Edges","피사계 심도 경계 완화","function-reviewed","https://github.com/gummidot/VRCLens-Addons/blob/main/README_JP.md","Smooth DoF Edges / 機能説明・設定表","","作者の日本語機能説明と英語キーで機能の意味を照合。訳語自体の対象地域の用例は未確認のため未確定一覧に残す。"
"ko-KR","names","Softness","부드러움","function-reviewed","https://github.com/gummidot/VRCLens-Addons/blob/main/README_JP.md","Softness / 機能説明・設定表","","作者の日本語機能説明と英語キーで機能の意味を照合。訳語自体の対象地域の用例は未確認のため未確定一覧に残す。"
"ko-KR","names","Smooth Rotate","부드러운 회전","function-reviewed","https://github.com/gummidot/VRCLens-Addons/blob/main/README_JP.md","Smooth Rotate / 機能説明・設定表","","作者の日本語機能説明と英語キーで機能の意味を照合。訳語自体の対象地域の用例は未確認のため未確定一覧に残す。"
"ko-KR","names","Anamorphic Bokeh","아나모픽 보케","function-reviewed","https://github.com/gummidot/VRCLens-Addons/blob/main/README_JP.md","Anamorphic Bokeh / 機能説明・設定表","","作者の日本語機能説明と英語キーで機能の意味を照合。訳語自体の対象地域の用例は未確認のため未確定一覧に残す。"
"ko-KR","names","Enabled","활성화","function-reviewed","https://github.com/gummidot/VRCLens-Addons/blob/main/README_JP.md","Enabled / 機能説明・設定表","","作者の日本語機能説明と英語キーで機能の意味を照合。訳語自体の対象地域の用例は未確認のため未確定一覧に残す。"
"ko-KR","names","Transverse CA","배율 색수차","function-reviewed","https://github.com/gummidot/VRCLens-Addons/blob/main/README_JP.md","Transverse CA / 機能説明・設定表","","作者の日本語機能説明と英語キーで機能の意味を照合。訳語自体の対象地域の用例は未確認のため未確定一覧に残す。"
"ko-KR","names","Axial CA","축상 색수차","function-reviewed","https://github.com/gummidot/VRCLens-Addons/blob/main/README_JP.md","Axial CA / 機能説明・設定表","","作者の日本語機能説明と英語キーで機能の意味を照合。訳語自体の対象地域の用例は未確認のため未確定一覧に残す。"
"ko-KR","names","Axial Focus-Aware","초점 연동","function-reviewed","https://github.com/gummidot/VRCLens-Addons/blob/main/README_JP.md","Axial Focus-Aware / 機能説明・設定表","","作者の日本語機能説明と英語キーで機能の意味を照合。訳語自体の対象地域の用例は未確認のため未確定一覧に残す。"
"ko-KR","names","Magenta-Green","마젠타/녹색","function-reviewed","https://github.com/gummidot/VRCLens-Addons/blob/main/README_JP.md","Magenta-Green / 機能説明・設定表","","作者の日本語機能説明と英語キーで機能の意味を照合。訳語自体の対象地域の用例は未確認のため未確定一覧に残す。"
"ko-KR","names","Color Grading","컬러 그레이딩","function-reviewed","https://github.com/gummidot/VRCLens-Addons/blob/main/README_JP.md","Color Grading / 機能説明・設定表","","作者の日本語機能説明と英語キーで機能の意味を照合。訳語自体の対象地域の用例は未確認のため未確定一覧に残す。"
"ko-KR","names","Shadows","그림자","function-reviewed","https://github.com/gummidot/VRCLens-Addons/blob/main/README_JP.md","Shadows / 機能説明・設定表","","作者の日本語機能説明と英語キーで機能の意味を照合。訳語自体の対象地域の用例は未確認のため未確定一覧に残す。"
"ko-KR","names","Midtones","중간톤","function-reviewed","https://github.com/gummidot/VRCLens-Addons/blob/main/README_JP.md","Midtones / 機能説明・設定表","","作者の日本語機能説明と英語キーで機能の意味を照合。訳語自体の対象地域の用例は未確認のため未確定一覧に残す。"
"ko-KR","names","Highlights","하이라이트","function-reviewed","https://github.com/gummidot/VRCLens-Addons/blob/main/README_JP.md","Highlights / 機能説明・設定表","","作者の日本語機能説明と英語キーで機能の意味を照合。訳語自体の対象地域の用例は未確認のため未確定一覧に残す。"
"ko-KR","names","Brightness","밝기","function-reviewed","https://github.com/gummidot/VRCLens-Addons/blob/main/README_JP.md","Brightness / 機能説明・設定表","","作者の日本語機能説明と英語キーで機能の意味を照合。訳語自体の対象地域の用例は未確認のため未確定一覧に残す。"
"ko-KR","names","Red","빨강","review-required","","","","英語キーと既存訳の意味・表記を点検。対象言語の適切な外部出典は未確認。既存訳を維持し、公式訳とは扱わない。"
"ko-KR","names","Green","초록","function-reviewed","https://github.com/gummidot/VRCLens-Addons/blob/main/README_JP.md","Green / 機能説明・設定表","","作者の日本語機能説明と英語キーで機能の意味を照合。訳語自体の対象地域の用例は未確認のため未確定一覧に残す。"
"ko-KR","names","Blue","파랑","function-reviewed","https://github.com/gummidot/VRCLens-Addons/blob/main/README_JP.md","Blue / 機能説明・設定表","","作者の日本語機能説明と英語キーで機能の意味を照合。訳語自体の対象地域の用例は未確認のため未確定一覧に残す。"
"ko-KR","names","Depth Fog","대기 안개","function-reviewed","https://github.com/gummidot/VRCLens-Addons/blob/main/README_JP.md","Depth Fog / 機能説明・設定表","","作者の日本語機能説明と英語キーで機能の意味を照合。訳語自体の対象地域の用例は未確認のため未確定一覧に残す。"
"ko-KR","names","Density","밀도","function-reviewed","https://github.com/gummidot/VRCLens-Addons/blob/main/README_JP.md","Density / 機能説明・設定表","","作者の日本語機能説明と英語キーで機能の意味を照合。訳語自体の対象地域の用例は未確認のため未確定一覧に残す。"
"ko-KR","names","Start Distance","시작 거리","function-reviewed","https://github.com/gummidot/VRCLens-Addons/blob/main/README_JP.md","Start Distance / 機能説明・設定表","","作者の日本語機能説明と英語キーで機能の意味を照合。訳語自体の対象地域の用例は未確認のため未確定一覧に残す。"
"ko-KR","names","Color R","빨강","function-reviewed","https://github.com/gummidot/VRCLens-Addons/blob/main/README_JP.md","Color R / 機能説明・設定表","","作者の日本語機能説明と英語キーで機能の意味を照合。訳語自体の対象地域の用例は未確認のため未確定一覧に残す。"
"ko-KR","names","Color G","초록","function-reviewed","https://github.com/gummidot/VRCLens-Addons/blob/main/README_JP.md","Color G / 機能説明・設定表","","作者の日本語機能説明と英語キーで機能の意味を照合。訳語自体の対象地域の用例は未確認のため未確定一覧に残す。"
"ko-KR","names","Color B","파랑","review-required","","","","英語キーと既存訳の意味・表記を点検。対象言語の適切な外部出典は未確認。既存訳を維持し、公式訳とは扱わない。"
"ko-KR","names","Film Grain","필름 그레인","function-reviewed","https://github.com/gummidot/VRCLens-Addons/blob/main/README_JP.md","Film Grain / 機能説明・設定表","","作者の日本語機能説明と英語キーで機能の意味を照合。訳語自体の対象地域の用例は未確認のため未確定一覧に残す。"
"ko-KR","names","Intensity","강도","function-reviewed","https://github.com/gummidot/VRCLens-Addons/blob/main/README_JP.md","Intensity / 機能説明・設定表","","作者の日本語機能説明と英語キーで機能の意味を照合。訳語自体の対象地域の用例は未確認のため未確定一覧に残す。"
"ko-KR","names","Size","크기","function-reviewed","https://github.com/gummidot/VRCLens-Addons/blob/main/README_JP.md","Size / 機能説明・設定表","","作者の日本語機能説明と英語キーで機能の意味を照合。訳語自体の対象地域の用例は未確認のため未確定一覧に残す。"
"ko-KR","names","Speed","속도","function-reviewed","https://github.com/gummidot/VRCLens-Addons/blob/main/README_JP.md","Speed / 機能説明・設定表","","作者の日本語機能説明と英語キーで機能の意味を照合。訳語自体の対象地域の用例は未確認のため未確定一覧に残す。"
"ko-KR","names","Fisheye Lens","어안 렌즈","function-reviewed","https://github.com/gummidot/VRCLens-Addons/blob/main/README_JP.md","Fisheye Lens / 機能説明・設定表","","作者の日本語機能説明と英語キーで機能の意味を照合。訳語自体の対象地域の用例は未確認のため未確定一覧に残す。"
"ko-KR","names","Strength","강도","function-reviewed","https://github.com/gummidot/VRCLens-Addons/blob/main/README_JP.md","Strength / 機能説明・設定表","","作者の日本語機能説明と英語キーで機能の意味を照合。訳語自体の対象地域の用例は未確認のため未確定一覧に残す。"
"ko-KR","names","Roundness","원형률","function-reviewed","https://github.com/gummidot/VRCLens-Addons/blob/main/README_JP.md","Roundness / 機能説明・設定表","","作者の日本語機能説明と英語キーで機能の意味を照合。訳語自体の対象地域の用例は未確認のため未確定一覧に残す。"
"ko-KR","names","Lens Size","렌즈 크기","function-reviewed","https://github.com/gummidot/VRCLens-Addons/blob/main/README_JP.md","Lens Size / 機能説明・設定表","","作者の日本語機能説明と英語キーで機能の意味を照合。訳語自体の対象地域の用例は未確認のため未確定一覧に残す。"
"ko-KR","names","Edge Softness","가장자리 부드러움","function-reviewed","https://github.com/gummidot/VRCLens-Addons/blob/main/README_JP.md","Edge Softness / 機能説明・設定表","","作者の日本語機能説明と英語キーで機能の意味を照合。訳語自体の対象地域の用例は未確認のため未確定一覧に残す。"
"ko-KR","names","Reverse Fisheye","역어안","function-reviewed","https://github.com/gummidot/VRCLens-Addons/blob/main/README_JP.md","Reverse Fisheye / 機能説明・設定表","","作者の日本語機能説明と英語キーで機能の意味を照合。訳語自体の対象地域の用例は未確認のため未確定一覧に残す。"
"ko-KR","names","Center","중심","function-reviewed","https://github.com/gummidot/VRCLens-Addons/blob/main/README_JP.md","Center / 機能説明・設定表","","作者の日本語機能説明と英語キーで機能の意味を照合。訳語自体の対象地域の用例は未確認のため未確定一覧に残す。"
"ko-KR","names","X","가로 위치","function-reviewed","https://github.com/gummidot/VRCLens-Addons/blob/main/README_JP.md","X / 機能説明・設定表","","作者の日本語機能説明と英語キーで機能の意味を照合。訳語自体の対象地域の用例は未確認のため未確定一覧に残す。"
"ko-KR","names","Y","세로 위치","function-reviewed","https://github.com/gummidot/VRCLens-Addons/blob/main/README_JP.md","Y / 機能説明・設定表","","作者の日本語機能説明と英語キーで機能の意味を照合。訳語自体の対象地域の用例は未確認のため未確定一覧に残す。"
"ko-KR","names","Letterbox","레터박스","function-reviewed","https://github.com/gummidot/VRCLens-Addons/blob/main/README_JP.md","Letterbox / 機能説明・設定表","","作者の日本語機能説明と英語キーで機能の意味を照合。訳語自体の対象地域の用例は未確認のため未確定一覧に残す。"
"ko-KR","names","2.39:1 Cinemascope","2.39:1 시네마스코프","function-reviewed","https://github.com/gummidot/VRCLens-Addons/blob/main/README_JP.md","Letterbox / 機能説明・設定表","","作者の日本語機能説明と英語キーで機能の意味を照合。訳語自体の対象地域の用例は未確認のため未確定一覧に残す。"
"ko-KR","names","2.35:1 Anamorphic","2.35:1 아나모픽","function-reviewed","https://github.com/gummidot/VRCLens-Addons/blob/main/README_JP.md","Letterbox / 機能説明・設定表","","作者の日本語機能説明と英語キーで機能の意味を照合。訳語自体の対象地域の用例は未確認のため未確定一覧に残す。"
"ko-KR","names","2.00:1 Univisium","2.00:1 유니비지엄","function-reviewed","https://github.com/gummidot/VRCLens-Addons/blob/main/README_JP.md","Letterbox / 機能説明・設定表","","作者の日本語機能説明と英語キーで機能の意味を照合。訳語自体の対象地域の用例は未確認のため未確定一覧に残す。"
"ko-KR","names","1.85:1 Theatrical","1.85:1 극장용","function-reviewed","https://github.com/gummidot/VRCLens-Addons/blob/main/README_JP.md","Letterbox / 機能説明・設定表","","作者の日本語機能説明と英語キーで機能の意味を照合。訳語自体の対象地域の用例は未確認のため未確定一覧に残す。"
"ko-KR","names","16:9 Widescreen","16:9 와이드스크린","function-reviewed","https://github.com/gummidot/VRCLens-Addons/blob/main/README_JP.md","Letterbox / 機能説明・設定表","","作者の日本語機能説明と英語キーで機能の意味を照合。訳語自体の対象地域の用例は未確認のため未確定一覧に残す。"
"ko-KR","names","3:2 DSLR","3:2 DSLR","function-reviewed","https://github.com/gummidot/VRCLens-Addons/blob/main/README_JP.md","Letterbox / 機能説明・設定表","","作者の日本語機能説明と英語キーで機能の意味を照合。訳語自体の対象地域の用例は未確認のため未確定一覧に残す。"
"ko-KR","names","4:3 Classic","4:3 클래식","function-reviewed","https://github.com/gummidot/VRCLens-Addons/blob/main/README_JP.md","Letterbox / 機能説明・設定表","","作者の日本語機能説明と英語キーで機能の意味を照合。訳語自体の対象地域の用例は未確認のため未確定一覧に残す。"
"ko-KR","names","1:1 Square","1:1 정사각형","function-reviewed","https://github.com/gummidot/VRCLens-Addons/blob/main/README_JP.md","Letterbox / 機能説明・設定表","","作者の日本語機能説明と英語キーで機能の意味を照合。訳語自体の対象地域の用例は未確認のため未確定一覧に残す。"
"ko-KR","names","4:5 Portrait","4:5 세로","function-reviewed","https://github.com/gummidot/VRCLens-Addons/blob/main/README_JP.md","Letterbox / 機能説明・設定表","","作者の日本語機能説明と英語キーで機能の意味を照合。訳語自体の対象地域の用例は未確認のため未確定一覧に残す。"
"ko-KR","names","9:16 Vertical","9:16 세로형","function-reviewed","https://github.com/gummidot/VRCLens-Addons/blob/main/README_JP.md","Letterbox / 機能説明・設定表","","作者の日本語機能説明と英語キーで機能の意味を照合。訳語自体の対象地域の用例は未確認のため未確定一覧に残す。"
"ko-KR","names","Pixelation","픽셀화","function-reviewed","https://github.com/gummidot/VRCLens-Addons/blob/main/README_JP.md","Pixelation / 機能説明・設定表","","作者の日本語機能説明と英語キーで機能の意味を照合。訳語自体の対象地域の用例は未確認のため未確定一覧に残す。"
"ko-KR","names","Block Size","블록 크기","function-reviewed","https://github.com/gummidot/VRCLens-Addons/blob/main/README_JP.md","Block Size / 機能説明・設定表","","作者の日本語機能説明と英語キーで機能の意味を照合。訳語自体の対象地域の用例は未確認のため未確定一覧に残す。"
"ko-KR","names","Dither","디더링","function-reviewed","https://github.com/gummidot/VRCLens-Addons/blob/main/README_JP.md","Dither / 機能説明・設定表","","作者の日本語機能説明と英語キーで機能の意味を照合。訳語自体の対象地域の用例は未確認のため未確定一覧に残す。"
"ko-KR","names","Aspect Ratio","종횡비","function-reviewed","https://github.com/gummidot/VRCLens-Addons/blob/main/README_JP.md","Aspect Ratio / 機能説明・設定表","","作者の日本語機能説明と英語キーで機能の意味を照合。訳語自体の対象地域の用例は未確認のため未確定一覧に残す。"
"ko-KR","names","Tilt-Shift","틸트-시프트","function-reviewed","https://github.com/gummidot/VRCLens-Addons/blob/main/README_JP.md","Tilt-Shift / 機能説明・設定表","","作者の日本語機能説明と英語キーで機能の意味を照合。訳語自体の対象地域の用例は未確認のため未確定一覧に残す。"
"ko-KR","names","Depth Mode","거리 모드","function-reviewed","https://github.com/gummidot/VRCLens-Addons/blob/main/README_JP.md","Depth Mode / 機能説明・設定表","","作者の日本語機能説明と英語キーで機能の意味を照合。訳語自体の対象地域の用例は未確認のため未確定一覧に残す。"
"ko-KR","names","Blur","흐림","function-reviewed","https://github.com/gummidot/VRCLens-Addons/blob/main/README_JP.md","Blur / 機能説明・設定表","","作者の日本語機能説明と英語キーで機能の意味を照合。訳語自体の対象地域の用例は未確認のため未確定一覧に残す。"
"ko-KR","names","Position","위치","function-reviewed","https://github.com/gummidot/VRCLens-Addons/blob/main/README_JP.md","Position / 機能説明・設定表","","作者の日本語機能説明と英語キーで機能の意味を照合。訳語自体の対象地域の用例は未確認のため未確定一覧に残す。"
"ko-KR","names","Width","폭","function-reviewed","https://github.com/gummidot/VRCLens-Addons/blob/main/README_JP.md","Width / 機能説明・設定表","","作者の日本語機能説明と英語キーで機能の意味を照合。訳語自体の対象地域の用例は未確認のため未確定一覧に残す。"
"ko-KR","names","Angle","각도","function-reviewed","https://github.com/gummidot/VRCLens-Addons/blob/main/README_JP.md","Angle / 機能説明・設定表","","作者の日本語機能説明と英語キーで機能の意味を照合。訳語自体の対象地域の用例は未確認のため未確定一覧に残す。"
"ko-KR","names","Vignette","비네팅","function-reviewed","https://github.com/gummidot/VRCLens-Addons/blob/main/README_JP.md","Vignette / 機能説明・設定表","","作者の日本語機能説明と英語キーで機能の意味を照合。訳語自体の対象地域の用例は未確認のため未確定一覧に残す。"
"ko-KR","names","Radius","반경","function-reviewed","https://github.com/gummidot/VRCLens-Addons/blob/main/README_JP.md","Radius / 機能説明・設定表","","作者の日本語機能説明と英語キーで機能の意味を照合。訳語自体の対象地域の用例は未確認のため未確定一覧に残す。"
"ko-KR","names","Zoom Blur","줌 블러","function-reviewed","https://github.com/gummidot/VRCLens-Addons/blob/main/README_JP.md","Zoom Blur / 機能説明・設定表","","作者の日本語機能説明と英語キーで機能の意味を照合。訳語自体の対象地域の用例は未確認のため未確定一覧に残す。"
"ko-KR","names","Center X","중심·가로","function-reviewed","https://github.com/gummidot/VRCLens-Addons/blob/main/README_JP.md","Center X / 機能説明・設定表","","作者の日本語機能説明と英語キーで機能の意味を照合。訳語自体の対象地域の用例は未確認のため未確定一覧に残す。"
"ko-KR","names","Center Y","중심·세로","function-reviewed","https://github.com/gummidot/VRCLens-Addons/blob/main/README_JP.md","Center Y / 機能説明・設定表","","作者の日本語機能説明と英語キーで機能の意味を照合。訳語自体の対象地域の用例は未確認のため未確定一覧に残す。"
"ko-KR","names","Focus Zone","초점 영역","function-reviewed","https://github.com/gummidot/VRCLens-Addons/blob/main/README_JP.md","Focus Zone / 機能説明・設定表","","作者の日本語機能説明と英語キーで機能の意味を照合。訳語自体の対象地域の用例は未確認のため未確定一覧に残す。"
"ko-KR","names","Spread","퍼짐","function-reviewed","https://github.com/gummidot/VRCLens-Addons/blob/main/README_JP.md","Spread / 機能説明・設定表","","作者の日本語機能説明と英語キーで機能の意味を照合。訳語自体の対象地域の用例は未確認のため未確定一覧に残す。"
"ko-KR","names","Focus Distance","촬영 거리","function-reviewed","https://github.com/gummidot/VRCLens-Addons/blob/main/README_JP.md","Focus Distance / 機能説明・設定表","","作者の日本語機能説明と英語キーで機能の意味を照合。訳語自体の対象地域の用例は未確認のため未確定一覧に残す。"
"ko-KR","names","Manual Focus Assist","MF 보조","function-reviewed","https://github.com/gummidot/VRCLens-Addons/blob/main/README_JP.md","Manual Focus Assist / 機能説明・設定表","","作者の日本語機能説明と英語キーで機能の意味を照合。訳語自体の対象地域の用例は未確認のため未確定一覧に残す。"
"ko-KR","names","Zone Size","영역 크기","function-reviewed","https://github.com/gummidot/VRCLens-Addons/blob/main/README_JP.md","Zone Size / 機能説明・設定表","","作者の日本語機能説明と英語キーで機能の意味を照合。訳語自体の対象地域の用例は未確認のため未確定一覧に残す。"
"ko-KR","names","Zone Softness","영역 부드러움","function-reviewed","https://github.com/gummidot/VRCLens-Addons/blob/main/README_JP.md","Zone Softness / 機能説明・設定表","","作者の日本語機能説明と英語キーで機能の意味を照合。訳語自体の対象地域の用例は未確認のため未確定一覧に残す。"
"ko-KR","names","Edge Feather","가장자리 페더","function-reviewed","https://github.com/gummidot/VRCLens-Addons/blob/main/README_JP.md","Edge Feather / 機能説明・設定表","","作者の日本語機能説明と英語キーで機能の意味を照合。訳語自体の対象地域の用例は未確認のため未確定一覧に残す。"
"ko-KR","names","Max Blur Size","최대 흐림 크기","function-reviewed","https://github.com/gummidot/VRCLens-Addons/blob/main/README_JP.md","Max Blur Size / 機能説明・設定表","","作者の日本語機能説明と英語キーで機能の意味を照合。訳語自体の対象地域の用例は未確認のため未確定一覧に残す。"
"ko-KR","names","Player Visibility","플레이어 표시","function-reviewed","https://github.com/gummidot/VRCLens-Addons/blob/main/README_JP.md","Player Visibility / 機能説明・設定表","","作者の日本語機能説明と英語キーで機能の意味を照合。訳語自体の対象地域の用例は未確認のため未確定一覧に残す。"
"ko-KR","names","Hide Remote Players","다른 플레이어 숨기기","function-reviewed","https://github.com/gummidot/VRCLens-Addons/blob/main/README_JP.md","Hide Remote Players / 機能説明・設定表","","作者の日本語機能説明と英語キーで機能の意味を照合。訳語自体の対象地域の用例は未確認のため未確定一覧に残す。"
"ko-KR","names","Hide Self","자신 숨기기","function-reviewed","https://github.com/gummidot/VRCLens-Addons/blob/main/README_JP.md","Hide Self / 機能説明・設定表","","作者の日本語機能説明と英語キーで機能の意味を照合。訳語自体の対象地域の用例は未確認のため未確定一覧に残す。"
"ko-KR","names","Avatar Offset","아바타 오프셋","function-reviewed","https://github.com/gummidot/VRCLens-Addons/blob/main/README_JP.md","Avatar Offset / 機能説明・設定表","","作者の日本語機能説明と英語キーで機能の意味を照合。訳語自体の対象地域の用例は未確認のため未確定一覧に残す。"
"ko-KR","names","Rotate With Avatar","아바타 회전 연동","function-reviewed","https://github.com/gummidot/VRCLens-Addons/blob/main/README_JP.md","Rotate With Avatar / 機能説明・設定表","","作者の日本語機能説明と英語キーで機能の意味を照合。訳語自体の対象地域の用例は未確認のため未確定一覧に残す。"
"ko-KR","names","Drop (Reset to Hand)","손 위치로 복귀","function-reviewed","https://github.com/gummidot/VRCLens-Addons/blob/main/README_JP.md","Drop (Reset to Hand) / 機能説明・設定表","","作者の日本語機能説明と英語キーで機能の意味を照合。訳語自体の対象地域の用例は未確認のため未確定一覧に残す。"
"ko-KR","names","Move Drone Vertical","드론 수직 이동","function-reviewed","https://github.com/gummidot/VRCLens-Addons/blob/main/README_JP.md","Move Drone Vertical / 機能説明・設定表","","作者の日本語機能説明と英語キーで機能の意味を照合。訳語自体の対象地域の用例は未確認のため未確定一覧に残す。"
"ko-KR","names","Camera Pins & Dolly","카메라 핀 및 돌리","function-reviewed","https://github.com/gummidot/VRCLens-Addons/blob/main/README_JP.md","Camera Pins & Dolly / 機能説明・設定表","","作者の日本語機能説明と英語キーで機能の意味を照合。訳語自体の対象地域の用例は未確認のため未確定一覧に残す。"
"ko-KR","names","Teleport","핀 이동","function-reviewed","https://github.com/gummidot/VRCLens-Addons/blob/main/README_JP.md","Teleport / 機能説明・設定表","","作者の日本語機能説明と英語キーで機能の意味を照合。訳語自体の対象地域の用例は未確認のため未確定一覧に残す。"
"ko-KR","names","Dolly","돌리","function-reviewed","https://github.com/gummidot/VRCLens-Addons/blob/main/README_JP.md","Dolly / 機能説明・設定表","","作者の日本語機能説明と英語キーで機能の意味を照合。訳語自体の対象地域の用例は未確認のため未確定一覧に残す。"
"ko-KR","names","Reset to Hand","손 위치로 복귀","function-reviewed","https://github.com/gummidot/VRCLens-Addons/blob/main/README_JP.md","Reset to Hand / 機能説明・設定表","","作者の日本語機能説明と英語キーで機能の意味を照合。訳語自体の対象地域の用例は未確認のため未確定一覧に残す。"
"ko-KR","names","Show Pins","핀 표시","function-reviewed","https://github.com/gummidot/VRCLens-Addons/blob/main/README_JP.md","Show Pins / 機能説明・設定表","","作者の日本語機能説明と英語キーで機能の意味を照合。訳語自体の対象地域の用例は未確認のため未確定一覧に残す。"
"ko-KR","names","Show Path","경로 표시","function-reviewed","https://github.com/gummidot/VRCLens-Addons/blob/main/README_JP.md","Show Path / 機能説明・設定表","","作者の日本語機能説明と英語キーで機能の意味を照合。訳語自体の対象地域の用例は未確認のため未確定一覧に残す。"
"ko-KR","names","Show Numbers","번호 표시","function-reviewed","https://github.com/gummidot/VRCLens-Addons/blob/main/README_JP.md","Show Numbers / 機能説明・設定表","","作者の日本語機能説明と英語キーで機能の意味を照合。訳語自体の対象地域の用例は未確認のため未確定一覧に残す。"
"ko-KR","names","Play","재생","function-reviewed","https://github.com/gummidot/VRCLens-Addons/blob/main/README_JP.md","Play / 機能説明・設定表","","作者の日本語機能説明と英語キーで機能の意味を照合。訳語自体の対象地域の用例は未確認のため未確定一覧に残す。"
"ko-KR","names","Stop","정지","function-reviewed","https://github.com/gummidot/VRCLens-Addons/blob/main/README_JP.md","Stop / 機能説明・設定表","","作者の日本語機能説明と英語キーで機能の意味を照合。訳語自体の対象地域の用例は未確認のため未確定一覧に残す。"
"ko-KR","names","Playback","재생 위치","function-reviewed","https://github.com/gummidot/VRCLens-Addons/blob/main/README_JP.md","Playback / 機能説明・設定表","","作者の日本語機能説明と英語キーで機能の意味を照合。訳語自体の対象地域の用例は未確認のため未確定一覧に残す。"
"ko-KR","names","Move","수동 이동","function-reviewed","https://github.com/gummidot/VRCLens-Addons/blob/main/README_JP.md","Move / 機能説明・設定表","","作者の日本語機能説明と英語キーで機能の意味を照合。訳語自体の対象地域の用例は未確認のため未確定一覧に残す。"
"ko-KR","names","Go To Pin","핀으로 이동","function-reviewed","https://github.com/gummidot/VRCLens-Addons/blob/main/README_JP.md","Go To Pin / 機能説明・設定表","","作者の日本語機能説明と英語キーで機能の意味を照合。訳語自体の対象地域の用例は未確認のため未確定一覧に残す。"
"ko-KR","names","Duration","소요 시간","function-reviewed","https://github.com/gummidot/VRCLens-Addons/blob/main/README_JP.md","Duration / 機能説明・設定表","","作者の日本語機能説明と英語キーで機能の意味を照合。訳語自体の対象地域の用例は未確認のため未確定一覧に残す。"
"ko-KR","names","Loop","반복","function-reviewed","https://github.com/gummidot/VRCLens-Addons/blob/main/README_JP.md","Loop / 機能説明・設定表","","作者の日本語機能説明と英語キーで機能の意味を照合。訳語自体の対象地域の用例は未確認のため未確定一覧に残す。"
"ko-KR","names","Delay","시작 대기","function-reviewed","https://github.com/gummidot/VRCLens-Addons/blob/main/README_JP.md","Delay / 機能説明・設定表","","作者の日本語機能説明と英語キーで機能の意味を照合。訳語自体の対象地域の用例は未確認のため未確定一覧に残す。"
"ko-KR","names","Path","경로","function-reviewed","https://github.com/gummidot/VRCLens-Addons/blob/main/README_JP.md","Path / 機能説明・設定表","","作者の日本語機能説明と英語キーで機能の意味を照合。訳語自体の対象地域の用例は未確認のため未確定一覧に残す。"
"ko-KR","names","Hand Rotate (Pins)","손으로 회전(핀)","function-reviewed","https://github.com/gummidot/VRCLens-Addons/blob/main/README_JP.md","Hand Rotate (Pins) / 機能説明・設定表","","作者の日本語機能説明と英語キーで機能の意味を照合。訳語自体の対象地域の用例は未確認のため未確定一覧に残す。"
"ko-KR","names","Hand Offset","손 위치 연동","function-reviewed","https://github.com/gummidot/VRCLens-Addons/blob/main/README_JP.md","Hand Offset / 機能説明・設定表","","作者の日本語機能説明と英語キーで機能の意味を照合。訳語自体の対象地域の用例は未確認のため未確定一覧に残す。"
"ko-KR","names","Drop Next","다음 핀 설치","function-reviewed","https://github.com/gummidot/VRCLens-Addons/blob/main/README_JP.md","Drop Next / 機能説明・設定表","","作者の日本語機能説明と英語キーで機能の意味を照合。訳語自体の対象地域の用例は未確認のため未確定一覧に残す。"
"ko-KR","names","Clear All (Hold)","모두 해제(길게 누르기)","function-reviewed","https://github.com/gummidot/VRCLens-Addons/blob/main/README_JP.md","Camera Pins & Dolly / 機能説明・設定表","","作者の日本語機能説明と英語キーで機能の意味を照合。訳語自体の対象地域の用例は未確認のため未確定一覧に残す。"
"ko-KR","names","Full","모든 방향","function-reviewed","https://github.com/gummidot/VRCLens-Addons/blob/main/README_JP.md","Full / 機能説明・設定表","","作者の日本語機能説明と英語キーで機能の意味を照合。訳語自体の対象地域の用例は未確認のため未確定一覧に残す。"
"ko-KR","names","Vertical","수직만","function-reviewed","https://github.com/gummidot/VRCLens-Addons/blob/main/README_JP.md","Vertical / 機能説明・設定表","","作者の日本語機能説明と英語キーで機能の意味を照合。訳語自体の対象地域の用例は未確認のため未確定一覧に残す。"
"ko-KR","names","Teleport Next","다음 핀으로","function-reviewed","https://github.com/gummidot/VRCLens-Addons/blob/main/README_JP.md","Teleport Next / 機能説明・設定表","","作者の日本語機能説明と英語キーで機能の意味を照合。訳語自体の対象地域の用例は未確認のため未確定一覧に残す。"
"ko-KR","names","Reverse","왕복","function-reviewed","https://github.com/gummidot/VRCLens-Addons/blob/main/README_JP.md","Reverse / 機能説明・設定表","","作者の日本語機能説明と英語キーで機能の意味を照合。訳語自体の対象地域の用例は未確認のため未確定一覧に残す。"
"ko-KR","names","Linear","직선","function-reviewed","https://github.com/gummidot/VRCLens-Addons/blob/main/README_JP.md","Linear / 機能説明・設定表","","作者の日本語機能説明と英語キーで機能の意味を照合。訳語自体の対象地域の用例は未確認のため未確定一覧に残す。"
"ko-KR","names","Smooth","전체 지점 보간","function-reviewed","https://github.com/gummidot/VRCLens-Addons/blob/main/README_JP.md","Smooth / 機能説明・設定表","","作者の日本語機能説明と英語キーで機能の意味を照合。訳語自体の対象地域の用例は未確認のため未確定一覧に残す。"
"ko-KR","names","Fitted","근사 곡선","function-reviewed","https://github.com/gummidot/VRCLens-Addons/blob/main/README_JP.md","Fitted / 機能説明・設定表","","作者の日本語機能説明と英語キーで機能の意味を照合。訳語自体の対象地域の用例は未確認のため未確定一覧に残す。"
"ko-KR","names","Preset Saver","프리셋 저장","function-reviewed","https://github.com/gummidot/VRCLens-Addons/blob/main/README_JP.md","Preset Saver / 機能説明・設定表","","作者の日本語機能説明と英語キーで機能の意味を照合。訳語自体の対象地域の用例は未確認のため未確定一覧に残す。"
"ko-KR","names","Save","저장","function-reviewed","https://github.com/gummidot/VRCLens-Addons/blob/main/README_JP.md","Save / 機能説明・設定表","","作者の日本語機能説明と英語キーで機能の意味を照合。訳語自体の対象地域の用例は未確認のため未確定一覧に残す。"
"ko-KR","names","Load","불러오기","function-reviewed","https://github.com/gummidot/VRCLens-Addons/blob/main/README_JP.md","Load / 機能説明・設定表","","作者の日本語機能説明と英語キーで機能の意味を照合。訳語自体の対象地域の用例は未確認のため未確定一覧に残す。"
"ko-KR","names","Load Defaults","기본값 불러오기","function-reviewed","https://github.com/gummidot/VRCLens-Addons/blob/main/README_JP.md","Load Defaults / 機能説明・設定表","","作者の日本語機能説明と英語キーで機能の意味を照合。訳語自体の対象地域の用例は未確認のため未確定一覧に残す。"
"ko-KR","names","Favorites","즐겨찾기","function-reviewed","https://github.com/gummidot/VRCLens-Addons/blob/main/README_JP.md","Favorites / 機能説明・設定表","","作者の日本語機能説明と英語キーで機能の意味を照合。訳語自体の対象地域の用例は未確認のため未確定一覧に残す。"
"ko-KR","directions","TOP","위","review-required","","","","英語キーと既存訳の意味・表記を点検。対象言語の適切な外部出典は未確認。既存訳を維持し、公式訳とは扱わない。"
"ko-KR","directions","UP","위","review-required","","","","英語キーと既存訳の意味・表記を点検。対象言語の適切な外部出典は未確認。既存訳を維持し、公式訳とは扱わない。"
"ko-KR","directions","RIGHT","오른쪽","review-required","","","","英語キーと既存訳の意味・表記を点検。対象言語の適切な外部出典は未確認。既存訳を維持し、公式訳とは扱わない。"
"ko-KR","directions","BOTTOM","아래","review-required","","","","英語キーと既存訳の意味・表記を点検。対象言語の適切な外部出典は未確認。既存訳を維持し、公式訳とは扱わない。"
"ko-KR","directions","DOWN","아래","review-required","","","","英語キーと既存訳の意味・表記を点検。対象言語の適切な外部出典は未確認。既存訳を維持し、公式訳とは扱わない。"
"ko-KR","directions","LEFT","왼쪽","review-required","","","","英語キーと既存訳の意味・表記を点検。対象言語の適切な外部出典は未確認。既存訳を維持し、公式訳とは扱わない。"
"ko-KR","directions","FORWARD","앞","review-required","","","","英語キーと既存訳の意味・表記を点検。対象言語の適切な外部出典は未確認。既存訳を維持し、公式訳とは扱わない。"
"ko-KR","directions","BACK","뒤","review-required","","","","英語キーと既存訳の意味・表記を点検。対象言語の適切な外部出典は未確認。既存訳を維持し、公式訳とは扱わない。"
"ko-KR","dynamic","Next","다음","review-required","","","","英語キーと既存訳の意味・表記を点検。対象言語の適切な外部出典は未確認。既存訳を維持し、公式訳とは扱わない。"
"ko-KR","dynamic","CameraPin","핀 {0}","function-reviewed","https://github.com/gummidot/VRCLens-Addons/blob/main/README_JP.md","Camera Pins & Dolly / 機能説明・設定表","","作者の日本語機能説明と英語キーで機能の意味を照合。訳語自体の対象地域の用例は未確認のため未確定一覧に残す。"
"ko-KR","dynamic","Seconds","{0}초","function-reviewed","https://github.com/gummidot/VRCLens-Addons/blob/main/README_JP.md","Duration / 機能説明・設定表","","作者の日本語機能説明と英語キーで機能の意味を照合。訳語自体の対象地域の用例は未確認のため未確定一覧に残す。"
"ko-KR","dynamic","Minutes","{0}분","function-reviewed","https://github.com/gummidot/VRCLens-Addons/blob/main/README_JP.md","Duration / 機能説明・設定表","","作者の日本語機能説明と英語キーで機能の意味を照合。訳語自体の対象地域の用例は未確認のため未確定一覧に残す。"
"ko-KR","dynamic","WorldDrop","월드 고정","review-required","","","","英語キーと既存訳の意味・表記を点検。対象言語の適切な外部出典は未確認。既存訳を維持し、公式訳とは扱わない。"
"ko-KR","dynamic","CameraPinDrop","핀 설치","function-reviewed","https://github.com/gummidot/VRCLens-Addons/blob/main/README_JP.md","Camera Pins & Dolly / 機能説明・設定表","","作者の日本語機能説明と英語キーで機能の意味を照合。訳語自体の対象地域の用例は未確認のため未確定一覧に残す。"
"ko-KR","dynamic","VignetteSoftness","가장자리 부드러움","function-reviewed","https://github.com/gummidot/VRCLens-Addons/blob/main/README_JP.md","Vignette / 機能説明・設定表","","作者の日本語機能説明と英語キーで機能の意味を照合。訳語自体の対象地域の用例は未確認のため未確定一覧に残す。"
"ko-KR","dynamic","FisheyeCenterX","가로 위치","function-reviewed","https://github.com/gummidot/VRCLens-Addons/blob/main/README_JP.md","Fisheye Lens / 機能説明・設定表","","作者の日本語機能説明と英語キーで機能の意味を照合。訳語自体の対象地域の用例は未確認のため未確定一覧に残す。"
"ko-KR","dynamic","FisheyeCenterY","세로 위치","function-reviewed","https://github.com/gummidot/VRCLens-Addons/blob/main/README_JP.md","Fisheye Lens / 機能説明・設定表","","作者の日本語機能説明と英語キーで機能の意味を照合。訳語自体の対象地域の用例は未確認のため未確定一覧に残す。"
"ko-KR","dynamic","ZoomInSpeed4","망원 측 속도 4","review-required","","","","英語キーと既存訳の意味・表記を点検。対象言語の適切な外部出典は未確認。既存訳を維持し、公式訳とは扱わない。"
"ko-KR","dynamic","ZoomOutSpeed4","광각 측 속도 4","review-required","","","","英語キーと既存訳の意味・表記を点検。対象言語の適切な外部出典は未確認。既存訳を維持し、公式訳とは扱わない。"
"ko-KR","featureBlanks","100","광각 측 속도 1","review-required","","","","英語キーと既存訳の意味・表記を点検。対象言語の適切な外部出典は未確認。既存訳を維持し、公式訳とは扱わない。"
"ko-KR","featureBlanks","101","광각 측 속도 2","review-required","","","","英語キーと既存訳の意味・表記を点検。対象言語の適切な外部出典は未確認。既存訳を維持し、公式訳とは扱わない。"
"ko-KR","featureBlanks","102","광각 측 속도 3","review-required","","","","英語キーと既存訳の意味・表記を点検。対象言語の適切な外部出典は未確認。既存訳を維持し、公式訳とは扱わない。"
"ko-KR","featureBlanks","104","망원 측 속도 1","review-required","","","","英語キーと既存訳の意味・表記を点検。対象言語の適切な外部出典は未確認。既存訳を維持し、公式訳とは扱わない。"
"ko-KR","featureBlanks","105","망원 측 속도 2","review-required","","","","英語キーと既存訳の意味・表記を点検。対象言語の適切な外部出典は未確認。既存訳を維持し、公式訳とは扱わない。"
"ko-KR","featureBlanks","106","망원 측 속도 3","review-required","","","","英語キーと既存訳の意味・表記を点検。対象言語の適切な外部出典は未確認。既存訳を維持し、公式訳とは扱わない。"
"ko-KR","featureBlanks","108","노출 보정 -1/3스톱","review-required","","","","英語キーと既存訳の意味・表記を点検。対象言語の適切な外部出典は未確認。既存訳を維持し、公式訳とは扱わない。"
"ko-KR","featureBlanks","110","노출 보정 +1/3스톱","review-required","","","","英語キーと既存訳の意味・表記を点検。対象言語の適切な外部出典は未確認。既存訳を維持し、公式訳とは扱わない。"
"ko-KR","featureBlanks","113","WB 보정: 청색 방향","review-required","","","","英語キーと既存訳の意味・表記を点検。対象言語の適切な外部出典は未確認。既存訳を維持し、公式訳とは扱わない。"
"ko-KR","featureBlanks","114","WB 보정: 초기화","review-required","","","","英語キーと既存訳の意味・表記を点検。対象言語の適切な外部出典は未確認。既存訳を維持し、公式訳とは扱わない。"
"ko-KR","featureBlanks","115","WB 보정: 앰버 방향","review-required","","","","英語キーと既存訳の意味・表記を点検。対象言語の適切な外部出典は未確認。既存訳を維持し、公式訳とは扱わない。"
"ko-KR","featureBlanks","117","가까운 범위 쪽 중간","review-required","","","","英語キーと既存訳の意味・表記を点検。対象言語の適切な外部出典は未確認。既存訳を維持し、公式訳とは扱わない。"
"ko-KR","featureBlanks","118","가까운 범위 쪽 작게","review-required","","","","英語キーと既存訳の意味・表記を点検。対象言語の適切な外部出典は未確認。既存訳を維持し、公式訳とは扱わない。"
"ko-KR","featureBlanks","120","무한대 쪽 작게","review-required","","","","英語キーと既存訳の意味・表記を点検。対象言語の適切な外部出典は未確認。既存訳を維持し、公式訳とは扱わない。"
"ko-KR","featureBlanks","121","무한대 쪽 중간","review-required","","","","英語キーと既存訳の意味・表記を点検。対象言語の適切な外部出典は未確認。既存訳を維持し、公式訳とは扱わない。"
"ko-KR","featureBlanks","129","조금 위 보기","review-required","","","","英語キーと既存訳の意味・表記を点検。対象言語の適切な外部出典は未確認。既存訳を維持し、公式訳とは扱わない。"
"ko-KR","featureBlanks","130","조금 아래 보기","review-required","","","","英語キーと既存訳の意味・表記を点検。対象言語の適切な外部出典は未確認。既存訳を維持し、公式訳とは扱わない。"
"ko-KR","sensorBlanks","0","35mm 풀프레임","review-required","","","","英語キーと既存訳の意味・表記を点検。対象言語の適切な外部出典は未確認。既存訳を維持し、公式訳とは扱わない。"
"ko-KR","sensorBlanks","1","APS-H","review-required","","","","英語キーと既存訳の意味・表記を点検。対象言語の適切な外部出典は未確認。既存訳を維持し、公式訳とは扱わない。"
"ko-KR","sensorBlanks","2","APS-C(1.5배)","review-required","","","","英語キーと既存訳の意味・表記を点検。対象言語の適切な外部出典は未確認。既存訳を維持し、公式訳とは扱わない。"
"ko-KR","sensorBlanks","3","APS-C(1.6배)","review-required","","","","英語キーと既存訳の意味・表記を点検。対象言語の適切な外部出典は未確認。既存訳を維持し、公式訳とは扱わない。"
"ko-KR","sensorBlanks","4","마이크로 포서드","review-required","","","","英語キーと既存訳の意味・表記を点検。対象言語の適切な外部出典は未確認。既存訳を維持し、公式訳とは扱わない。"
"ko-KR","sensorBlanks","5","1.0형","review-required","","","","英語キーと既存訳の意味・表記を点検。対象言語の適切な外部出典は未確認。既存訳を維持し、公式訳とは扱わない。"
"ko-KR","tonemapBlanks","0","해제","review-required","","","","英語キーと既存訳の意味・表記を点検。対象言語の適切な外部出典は未確認。既存訳を維持し、公式訳とは扱わない。"
"ko-KR","tonemapBlanks","1","필믹 1","review-required","","","","英語キーと既存訳の意味・表記を点検。対象言語の適切な外部出典は未確認。既存訳を維持し、公式訳とは扱わない。"
"ko-KR","tonemapBlanks","2","필믹 2","review-required","","","","英語キーと既存訳の意味・表記を点検。対象言語の適切な外部出典は未確認。既存訳を維持し、公式訳とは扱わない。"
"ko-KR","tonemapBlanks","3","HLG","review-required","","","","英語キーと既存訳の意味・表記を点検。対象言語の適切な外部出典は未確認。既存訳を維持し、公式訳とは扱わない。"
"ko-KR","tonemapBlanks","4","뉴트럴","review-required","","","","英語キーと既存訳の意味・表記を点検。対象言語の適切な外部出典は未確認。既存訳を維持し、公式訳とは扱わない。"
